name,scryfall_id,set,collector_number,type_line,oracle_text,color_identity
A-Acererak the Archlich,eb363654-2004-4db8-bbd2-5b121da4f2a0,afr,A-87,Legendary Creature — Zombie Wizard,"When Acererak the Archlich enters, if you haven't completed Tomb of Annihilation, return Acererak the Archlich to its owner's hand and venture into the dungeon. Whenever Acererak the Archlich attacks, create a number of 2/2 black Zombie creature tokens equal to the number of opponents you have.",B
"A-Alrund, God of the Cosmos // A-Hakka, Whispering Raven",b443504e-1b25-4565-bad7-2575826c7bb9,khm,A-40,Legendary Creature — God // Legendary Creature — Bird,,U
"Aang, Airbending Master",de7a150b-1b0d-4928-a2cc-80a4b7412350,tle,74,Legendary Creature — Human Avatar Ally,"When Aang enters, airbend another target creature. (Exile it. While it's exiled, its owner may cast it for {2} rather than its mana cost.) Whenever one or more creatures you control leave the battlefield without dying, you get an experience counter. At the beginning of your upkeep, create a 1/1 white Ally creature token for each experience counter you have.",W
"Aang, Air Nomad",f369827d-e4cd-4bc7-8c5e-72882eff0908,tle,210,Legendary Creature — Human Avatar Ally,Flying (This creature can't be blocked except by creatures with flying or reach.) Vigilance (Attacking doesn't cause this creature to tap.) Other creatures you control have vigilance.,W
"Aang, the Last Airbender",245e008c-e073-443f-9592-6f628c0026ec,tla,4,Legendary Creature — Human Avatar Ally,"Flying When Aang enters, airbend up to one other target nonland permanent. (Exile it. While it's exiled, its owner may cast it for {2} rather than its mana cost.) Whenever you cast a Lesson spell, Aang gains lifelink until end of turn.",W
"Aatchik, Emerald Radian",fbdaa29b-85ff-4a06-b27e-fcdbdfd4a3fe,dft,187,Legendary Creature — Insect Druid,"When Aatchik enters, create a 1/1 green Insect creature token for each artifact and/or creature card in your graveyard. Whenever another Insect you control dies, put a +1/+1 counter on Aatchik. Each opponent loses 1 life.",BG
Abaddon the Despoiler,c9f1fc97-00c0-492b-a4a3-b179afc2f95d,40k,2,Legendary Creature — Astartes Warrior,"Trample Mark of Chaos Ascendant — During your turn, spells you cast from your hand with mana value X or less have cascade, where X is the total amount of life your opponents have lost this turn.",BRU
"Abdel Adrian, Gorion's Ward",396f9198-67b6-45d8-91b4-dc853bff9623,clb,2,Legendary Creature — Human Warrior,"When Abdel Adrian enters, exile any number of other nonland permanents you control until Abdel Adrian leaves the battlefield. Create a 1/1 white Soldier creature token for each permanent exiled this way. Choose a Background (You can have a Background as a second commander.)",W
Abomination of Llanowar,4b68bc46-5591-44dd-becc-eca154066925,khc,81,Legendary Creature — Elf Horror,Vigilance; menace (This creature can't be blocked except by two or more creatures.) Abomination of Llanowar's power and toughness are each equal to the number of Elves you control plus the number of Elf cards in your graveyard.,BG
"Aboshan, Cephalid Emperor",82db4a41-03e8-4f0c-946c-a98fc5c9f7c8,ody,58,Legendary Creature — Octopus Noble,Tap an untapped Octopus you control: Tap target permanent. {U}{U}{U}: Tap all creatures without flying.,U
A-Bruenor Battlehammer,7ad77890-cf97-4707-ab31-be0f5be0e120,afr,A-219,Legendary Creature — Dwarf Warrior,Each creature you control gets +2/+0 for each Equipment attached to it. {0}: Attach target Equipment you control to target creature you control. Activate only as a sorcery and only once each turn.,RW
Absolute Virtue,aa192912-c9ee-403f-8a46-a338c9edb4b9,fin,212,Legendary Creature — Avatar Warrior,"This spell can't be countered. Flying You have protection from each of your opponents. (You can't be dealt damage, enchanted, or targeted by anything controlled by your opponents.)",UW
"Abuelo, Ancestral Echo",40eee689-2514-421a-8056-eb7668be66ff,lci,219,Legendary Creature — Spirit,"Flying, ward {2} {1}{W}{U}: Exile another target creature or artifact you control. Return it to the battlefield under its owner's control at the beginning of the next end step.",UW
"Ace, Fearless Rebel",75f001a0-8393-4977-84bb-cde39740606c,who,98,Legendary Creature — Human Rebel,"Nitro-9 — Whenever Ace attacks, you may sacrifice an artifact. When you do, put a +1/+1 counter on Ace, then it fights up to one target creature defending player controls. Doctor's companion (You can have two commanders if the other is the Doctor.)",G
Acererak the Archlich,dd52d0bd-3abd-401c-9f56-ee911613da3b,afr,87,Legendary Creature — Zombie Wizard,"When Acererak enters, if you haven't completed Tomb of Annihilation, return Acererak to its owner's hand and venture into the dungeon. Whenever Acererak attacks, for each opponent, you create a 2/2 black Zombie creature token unless that player sacrifices a creature of their choice.",B
Achilles Davenport,f8ead24c-dd4a-40cd-839e-de08017a7c29,acr,294,Legendary Creature — Human Assassin,Freerunning {U}{B} (You may cast this spell for its freerunning cost if you dealt combat damage to a player this turn with an Assassin or commander.) Menace (This creature can't be blocked except by two or more creatures.) Other Assassins you control get +1/+1.,BU
"Aclazotz, Deepest Betrayal // Temple of the Dead",627c392c-4d18-4eb2-a4e8-c668f61f5487,lci,88,Legendary Creature — Bat God // Land,,B
Acolyte of Bahamut,b0260e1f-ff6a-4ef3-bef7-8c77f8413500,clb,212,Legendary Enchantment — Background,"Commander creatures you own have ""The first Dragon spell you cast each turn costs {2} less to cast.""",G
"Acornelia, Fashionable Filcher",e9c37a83-3d5e-4019-b180-88e2bc106dd0,und,31,Legendary Creature — Squirrel,"Whenever you cast a spell with a squirrel in its art, you get {A} (an acorn counter). Whenever a Squirrel you control enters or dies, you get {A}. {2}{B}, Pay X {A}: Target creature gets -X/-X until end of turn. {G}, Pay X {A}: Target creature gets +X/+X until end of turn.",BG
"Adamaro, First to Desire",d2fa85ea-f5d5-4be3-a874-ce246c3e4245,sok,91,Legendary Creature — Spirit,Adamaro's power and toughness are each equal to the number of cards in the hand of the opponent with the most cards in hand.,R
Adelbert Steiner,1a67a991-1e52-4676-a2e3-2bc7aa943ab3,fin,3,Legendary Creature — Human Knight,Lifelink Adelbert Steiner gets +1/+1 for each Equipment you control.,W
"Adeline, Resplendent Cathar",1de30c12-2011-495a-be25-f7a46b23e142,tdc,108,Legendary Creature — Human Knight,"Vigilance Adeline's power is equal to the number of creatures you control. Whenever you attack, for each opponent, create a 1/1 white Human creature token that's tapped and attacking that player or a planeswalker they control.",W
"Adeliz, the Cinder Wind",b3c950e2-a43b-47f8-9ad6-1909ccc7acbf,dom,190,Legendary Creature — Human Wizard,"Flying, haste Whenever you cast an instant or sorcery spell, Wizards you control get +1/+1 until end of turn.",RU
"Adéwalé, Breaker of Chains",914efc24-5c3a-4d22-9d77-fce337a08d4d,acr,44,Legendary Creature — Human Assassin Pirate,"When Adéwalé enters, reveal the top six cards of your library. Put an Assassin, Pirate, or Vehicle card from among them into your hand and the rest on the bottom of your library in a random order. Whenever a Vehicle you control deals combat damage to a player, you may return this card from your graveyard to your hand.",BU
Admiral Beckett Brass,02cbd397-3ef3-465f-84fe-765dd1444af8,lcc,264,Legendary Creature — Human Pirate,"Other Pirates you control get +1/+1. At the beginning of your end step, gain control of target nonland permanent controlled by a player who was dealt combat damage by three or more Pirates this turn.",BRU
"Admiral Brass, Unsinkable",bdc2d492-9d1e-4543-8b9c-c66ee67992ce,lcc,1,Legendary Creature — Human Pirate,"When Admiral Brass enters, mill four cards. At the beginning of combat on your turn, you may return target Pirate creature card from your graveyard to the battlefield with a finality counter on it. It has base power and toughness 4/4. It gains haste until end of turn. (If a creature with a finality counter on it would die, exile it instead.)",BRU
"A-Dorothea, Vengeful Victim // A-Dorothea's Retribution",9b21d350-9b89-41d0-8def-00ef5189449c,vow,A-235,Legendary Creature — Spirit // Enchantment — Aura,,UW
Adrestia,b3d878fc-cc21-407f-b3cc-95bf2d717a80,acr,68,Legendary Artifact — Vehicle,"Islandwalk (This creature can't be blocked as long as defending player controls an Island.) Whenever Adrestia attacks, if an Assassin crewed it this turn, draw a card. Adrestia becomes an Assassin in addition to its other types until end of turn. Crew 1",
"Adriana, Captain of the Guard",01c2337d-1c3c-4c5e-8b06-dc8a8c56164e,dmc,139,Legendary Creature — Human Knight,"Melee (Whenever this creature attacks, it gets +1/+1 until end of turn for each opponent you attacked this combat.) Other creatures you control have melee. (If a creature has multiple instances of melee, each triggers separately.)",RW
"Adric, Mathematical Genius",1f290a17-699e-420d-8322-3e28300a0d2e,who,33,Legendary Creature — Human Artificer,"{2}{U}, {T}: Copy target activated or triggered ability you control. You may choose new targets for the copy. Ultimate Sacrifice — {1}{U}, Sacrifice Adric: Counter target activated or triggered ability. Doctor's companion (You can have two commanders if the other is the Doctor.)",U
"Adrix and Nev, Twincasters",b9c11061-bb34-4904-b9f1-ea106b517bbe,mkc,198,Legendary Creature — Merfolk Wizard,"Ward {2} (Whenever this creature becomes the target of a spell or ability an opponent controls, counter it unless that player pays {2}.) If one or more tokens would be created under your control, twice that many of those tokens are created instead.",GU
Adun Oakenshield,184da30e-0db4-450c-8856-5c23088c35be,me1,141,Legendary Creature — Human Knight,"{B}{R}{G}, {T}: Return target creature card from your graveyard to your hand.",BGR
"Aegar, the Freezing Flame",68011f60-6202-48f4-8255-fb94764e2951,khm,200,Legendary Creature — Giant Wizard,"Whenever a creature or planeswalker an opponent controls is dealt excess damage, if a Giant, Wizard, or spell you controlled dealt damage to it this turn, draw a card.",RU
Aerith Gainsborough,e86328b6-ded2-41df-8b6e-4a770e7b171e,fin,4,Legendary Creature — Human Cleric,"Lifelink Whenever you gain life, put a +1/+1 counter on Aerith Gainsborough. When Aerith Gainsborough dies, put X +1/+1 counters on each legendary creature you control, where X is the number of +1/+1 counters on Aerith Gainsborough.",W
"Aerith, Last Ancient",d041a51c-9a28-4b32-9da3-0f06807959f1,fic,76,Legendary Creature — Human Cleric Druid,"Lifelink Raise — At the beginning of your end step, if you gained life this turn, return target creature card from your graveyard to your hand. If you gained 7 or more life this turn, return that card to the battlefield instead.",GW
"Aesi, Tyrant of Gyre Strait",673c21f8-02b6-4ac4-b2fc-df065b4ac662,dsc,210,Legendary Creature — Serpent,"You may play an additional land on each of your turns. Landfall — Whenever a land you control enters, you may draw a card.",GU
"Aeve, Progenitor Ooze",dfe9b1b8-dffe-427d-be1e-2c6b8395bd54,mh2,148,Legendary Creature — Ooze,"Storm (When you cast this spell, copy it for each spell cast before it this turn. Copies become tokens.) Aeve isn't legendary if it's a token. Aeve enters with a +1/+1 counter on it for each other Ooze you control.",G
Agatha of the Vile Cauldron,d6c48f07-63b7-4a60-8da6-ce77405abf1e,woe,199,Legendary Creature — Human Warlock,"Activated abilities of creatures you control cost {X} less to activate, where X is Agatha's power. This effect can't reduce the mana in that cost to less than one mana. {4}{R}{G}: Other creatures you control get +1/+1 and gain trample and haste until end of turn.",GR
Agent Frank Horrigan,91193a0b-9087-404f-b397-815e29d0fe12,pip,89,Legendary Creature — Mutant Warrior,"Trample Agent Frank Horrigan has indestructible as long as it attacked this turn. Whenever Agent Frank Horrigan enters or attacks, proliferate twice. (To proliferate, choose any number of permanents and/or players, then give each another counter of each kind already there.)",BG
Agent of the Iron Throne,5a5984d3-1e76-4d97-9373-b59cfa9c38ae,clb,107,Legendary Enchantment — Background,"Commander creatures you own have ""Whenever an artifact or creature you control is put into a graveyard from the battlefield, each opponent loses 1 life.""",B
Agent of the Shadow Thieves,f50448e9-afe4-4d4e-b027-bbb855f17aeb,clb,108,Legendary Enchantment — Background,"Commander creatures you own have ""Whenever this creature attacks a player, if no opponent has more life than that player, put a +1/+1 counter on this creature. It gains deathtouch and indestructible until end of turn.""",B
Agent Venom,f5f80d82-d64c-466f-8874-9cfb00469f02,spm,49,Legendary Creature — Symbiote Soldier Hero,"Flash Menace Whenever another nontoken creature you control dies, you draw a card and lose 1 life.",B
"Agrus Kos, Eternal Soldier",ea531418-6c7c-4e23-b681-6bfdd4a3eb79,j22,1,Legendary Creature — Spirit Soldier,"Vigilance Whenever Agrus Kos becomes the target of an ability that targets only it, you may pay {1}{R/W}. If you do, copy that ability for each other creature you control that ability could target. Each copy targets a different one of those creatures. ({R/W} can be paid with either {R} or {W}.)",RW
"Agrus Kos, Spirit of Justice",58aeac7c-1275-49d4-9915-7604ae4bfdff,mkm,184,Legendary Creature — Spirit Detective,"Double strike, vigilance Whenever Agrus Kos enters or attacks, choose up to one target creature. If it's suspected, exile it. Otherwise, suspect it. (A suspected creature has menace and can't block.)",RW
"Agrus Kos, Wojek Veteran",c2521942-0ecd-45a9-bac6-04267a2c29ed,rav,190,Legendary Creature — Human Soldier,"Whenever Agrus Kos attacks, attacking red creatures get +2/+0 and attacking white creatures get +0/+2 until end of turn.",RW
"A-Harald, King of Skemfar",cc3987c7-4114-44ea-bd40-1a6054e06f09,khm,A-212,Legendary Creature — Elf Warrior,"Menace (This creature can't be blocked except by two or more creatures.) When Harald, King of Skemfar enters, look at the top seven cards of your library. You may reveal an Elf, Warrior, or Tyvar card from among them and put it into your hand. Put the rest on the bottom of your library in a random order.",BG
Aisha of Sparks and Smoke,093aa76d-2154-4e71-a2bf-461d1afb887b,slx,12,Legendary Creature — Human Warrior,"Prowess (Whenever you cast a noncreature spell, this creature gets +1/+1 until end of turn.) {R/W}: Aisha of Sparks and Smoke gains first strike until end of turn. Whenever Aisha deals combat damage, you may cast a sorcery spell from your hand with mana value less than or equal to that damage without paying its mana cost.",RW
"Ajani, Nacatl Pariah // Ajani, Nacatl Avenger",0d16e8e0-31b2-4389-afd6-783c501f6fa0,mh3,237,Legendary Creature — Cat Warrior // Legendary Planeswalker — Ajani,,RW
"Akal Pakal, First Among Equals",ab9f6a1b-8467-4584-affd-8c71d3e34d2f,lci,44,Legendary Creature — Human Advisor,"At the beginning of each player's end step, if an artifact entered the battlefield under your control this turn, look at the top two cards of your library. Put one of them into your hand and the other into your graveyard.",U
"Akawalli, the Seething Tower",3ee62dd1-97d0-4e5d-8937-26c9e51e9414,lci,220,Legendary Creature — Fungus,"Descend 4 — As long as there are four or more permanent cards in your graveyard, Akawalli gets +2/+2 and has trample. Descend 8 — As long as there are eight or more permanent cards in your graveyard, Akawalli gets an additional +2/+2 and can't be blocked by more than one creature.",BG
"Akim, the Soaring Wind",23736c5f-bd1c-4505-8639-5fb92cd74b21,c20,6,Legendary Creature — Bird Dinosaur,"Flying Whenever you create one or more tokens for the first time each turn, create a 1/1 white Bird creature token with flying. {3}{U}{R}{W}: Creature tokens you control gain double strike until end of turn.",RUW
"Akiri, Fearless Voyager",fa135775-abcd-4a21-abb7-3aeb5a39df28,cmm,335,Legendary Creature — Kor Warrior,"Whenever you attack a player with one or more equipped creatures, draw a card. {W}: You may unattach an Equipment from a creature you control. If you do, tap that creature and it gains indestructible until end of turn.",RW
"Akiri, Line-Slinger",3b951e0c-a4dd-4a20-87c6-eaa947e33aa4,c16,26,Legendary Creature — Kor Soldier Ally,"First strike, vigilance Akiri gets +1/+0 for each artifact you control. Partner (You can have two commanders if both have partner.)",RW
"Akroma, Angel of Fury",2a81f0b5-5116-4946-89fc-18479bf85305,mkc,146,Legendary Creature — Angel,"This spell can't be countered. Flying, trample, protection from white and from blue {R}: Akroma gets +1/+0 until end of turn. Morph {3}{R}{R}{R} (You may cast this card face down as a 2/2 creature for {3}. Turn it face up any time for its morph cost.)",R
"Akroma, Angel of Wrath",bf1ef8ec-d915-41f2-b087-3d6d82e3db85,c20,73,Legendary Creature — Angel,"Flying, first strike, vigilance, trample, haste, protection from black and from red",W
"Akroma, Vision of Ixidor",c0bdd07d-9fb9-4ee4-80db-494ee0cba58d,cmr,2,Legendary Creature — Angel,"Flying, first strike, vigilance, trample At the beginning of each combat, until end of turn, each other creature you control gets +1/+1 if it has flying, +1/+1 if it has first strike, and so on for double strike, deathtouch, haste, hexproof, indestructible, lifelink, menace, protection, reach, trample, vigilance, and partner. Partner",W
A-Krydle of Baldur's Gate,8375b7a3-40f2-4b1c-a8cb-ce19e34e4471,afr,A-226,Legendary Creature — Human Elf Rogue,"Whenever Krydle of Baldur's Gate deals combat damage to a player, that player loses 1 life and mills a card, then you gain 1 life and scry 1. Whenever you attack, target creature can't be blocked this turn.",BU
Akul the Unrepentant,68fd8548-50db-4243-9154-377f32408d58,otj,189,Legendary Creature — Scorpion Dragon Rogue,"Flying, trample Sacrifice three other creatures: You may put a creature card from your hand onto the battlefield. Activate only as a sorcery and only once each turn.",BR
"Akuta, Born of Ash",08730b49-e51e-4868-9cc8-4ddc4a1dce4c,sok,61,Legendary Creature — Spirit,"Haste At the beginning of your upkeep, if you have more cards in hand than each opponent, you may sacrifice a Swamp. If you do, return Akuta from your graveyard to the battlefield.",B
"Alandra, Sky Dreamer",54bf48d4-e350-4ca7-87da-ce04fefd4610,mkc,94,Legendary Creature — Merfolk Wizard,"Whenever you draw your second card each turn, create a 2/2 blue Drake creature token with flying. Whenever you draw your fifth card each turn, Alandra and Drakes you control each get +X/+X until end of turn, where X is the number of cards in your hand.",U
"Alania, Divergent Storm",436d6a84-4cea-4ca7-94aa-9d08280652af,blb,204,Legendary Creature — Otter Wizard,"Whenever you cast a spell, if it's the first instant spell, the first sorcery spell, or the first Otter spell other than Alania you've cast this turn, you may have target opponent draw a card. If you do, copy that spell. You may choose new targets for the copy.",RU
Alaundo the Seer,b22c33bb-47fe-4334-9105-00f4b87811bd,clb,264,Legendary Creature — Human Shaman,"{T}: Draw a card, then exile a card from your hand and put a number of time counters on it equal to its mana value. It gains ""When the last time counter is removed from this card, if it's exiled, you may cast it without paying its mana cost. If you cast a creature spell this way, it gains haste until end of turn."" Then remove a time counter from each other card you own in exile.",GU
"Albiorix, Goose Tyrant // Wild Goose Chase",ae3257ec-d5f3-4cfb-8446-cbeb236ee10e,yotj,19,Legendary Creature — Bird // Instant — Adventure,,GU
"Alela, Artful Provocateur",abc9e41e-fd03-4b6f-8f44-17ba94fa44f5,ncc,325,Legendary Creature — Faerie Warlock,"Flying, deathtouch, lifelink Other creatures you control with flying get +1/+0. Whenever you cast an artifact or enchantment spell, create a 1/1 blue Faerie creature token with flying.",BUW
"Alela, Cunning Conqueror",79ba5c35-6e5c-406a-b95f-844d5ec296ab,woc,3,Legendary Creature — Faerie Warlock,"Flying Whenever you cast your first spell during each opponent's turn, create a 1/1 black Faerie Rogue creature token with flying. Whenever one or more Faeries you control deal combat damage to a player, goad target creature that player controls.",BU
"Alena, Kessig Trapper",90c51949-b1ef-4c6e-98b0-4fb33a81db24,cmr,160,Legendary Creature — Human Scout,First strike {T}: Add an amount of {R} equal to the greatest power among creatures you control that entered this turn. Partner (You can have two commanders if both have partner.),R
"Alesha, Who Laughs at Fate",a93e3406-4e29-4bc0-ae52-cbd2ac1f99a4,fdn,115,Legendary Creature — Human Warrior,"First strike Whenever Alesha attacks, put a +1/+1 counter on it. Raid — At the beginning of your end step, if you attacked this turn, return target creature card with mana value less than or equal to Alesha's power from your graveyard to the battlefield.",BR
"Alesha, Who Smiles at Death",7ae9ff8c-1cc8-4b10-9641-2c79648fd6c2,dmc,118,Legendary Creature — Human Warrior,"First strike Whenever Alesha attacks, you may pay {W/B}{W/B}. If you do, return target creature card with power 2 or less from your graveyard to the battlefield tapped and attacking.",BRW
Alexander Clamilton,a1572109-df70-4335-aac2-1670fe99be54,und,16,Legendary Creature — Clamfolk Advisor Rebel,"Whenever you cast a wordy spell, scry 2. (A spell is wordy if it has four or more lines of rules text.) {1}{R}, {T}: Choose target creature you don't control. Reveal the top card of your library. Alexander Clamilton gets +X/+0 until end of turn, where X is the number of lines of rules text of the revealed card. Alexander Clamilton fights that creature.",RU
"Alexios, Deimos of Kosmos",e81b94b2-4052-4686-a788-9baf0fa0f81a,acr,33,Legendary Creature — Human Berserker,"Trample Alexios attacks each combat if able, can't be sacrificed, and can't attack its owner. At the beginning of each player's upkeep, that player gains control of Alexios, untaps it, and puts a +1/+1 counter on it. It gains haste until end of turn.",R
"Alexi, Zephyr Mage",6f8fc0b0-4a23-47ed-b61b-a4505fcfc5d2,pcy,28,Legendary Creature — Human Spellshaper,"{X}{U}, {T}, Discard two cards: Return X target creatures to their owners' hands.",U
"Alhammarret, High Arbiter",4200b101-19d3-4442-bddd-3eb77d5f99a9,ori,43,Legendary Creature — Sphinx,"Flying As Alhammarret enters, each opponent reveals their hand. You choose the name of a nonland card revealed this way. Your opponents can't cast spells with the chosen name (as long as this creature is on the battlefield).",U
"Alharu, Solemn Ritualist",3fdf5020-ea97-4f95-a096-cb5688dad2e2,cmm,8,Legendary Creature — Human Monk,"When Alharu enters, put a +1/+1 counter on each of up to two other target creatures. Whenever a nontoken creature you control with a +1/+1 counter on it dies, create a 1/1 white Spirit creature token with flying. Partner (You can have two commanders if both have partner.)",W
"Alibou, Ancient Witness",81031889-3d69-455e-9abe-27c1f8ecd4b5,omb,39,Legendary Artifact Creature — Golem,"Other artifact creatures you control have haste. Whenever one or more artifact creatures you control attack, Alibou deals X damage to any target and you scry X, where X is the number of tapped artifacts you control.",RW
"A-Lier, Disciple of the Drowned",79a6bf25-4e94-4760-b4f5-69c78ac98fb5,mid,A-59,Legendary Creature — Human Wizard,"Spells can't be countered. As long as it's your turn, each instant and sorcery card in your graveyard has flashback. The flashback cost is equal to that card's mana cost.",U
"Alirios, Enraptured",26f9ebbe-3791-4d19-88d2-d5de95faff48,thb,42,Legendary Creature — Human,"Alirios enters tapped. Alirios doesn't untap during your untap step if you control a Reflection. When Alirios enters, create a 3/2 blue Reflection creature token.",U
Alisaie Leveilleur,ba96f831-02cb-4a74-a2e4-7f76444e3cd7,fic,9,Legendary Creature — Elf Wizard,"Partner with Alphinaud Leveilleur (When this creature enters, target player may put Alphinaud Leveilleur into their hand from their library, then shuffle.) First strike Dualcast — The second spell you cast each turn costs {2} less to cast.",W
"Alistair, the Brigadier",bf952d23-291d-42fa-8f2a-e4002a04b95f,who,112,Legendary Creature — Human Soldier,"Whenever you cast a historic spell, create a 1/1 white Soldier creature token. (Artifacts, legendaries, and Sagas are historic.) Whenever Alistair attacks, you may pay {8}. If you do, creatures you control get +X/+X until end of turn, where X is the number of historic permanents you control.",GUW
"Alora, Merry Thief",1c3c779b-d1d8-4b1e-bb06-ed7071a5ec0b,clb,55,Legendary Creature — Halfling Rogue,"Whenever you attack, up to one target attacking creature can't be blocked this turn. Return that creature to its owner's hand at the beginning of the next end step. Choose a Background (You can have a Background as a second commander.)",U
"Alora, Rogue Companion",85746149-1119-4238-a8ca-3cc6873cf6e3,hbg,5,Legendary Creature — Halfling Rogue,"Specialize {2} Whenever you attack, up to one target attacking creature can't be blocked this turn. At the beginning of the next end step, return that creature to its owner's hand.",U
"Alpharael, Dreaming Acolyte",349a2211-2b23-418d-a1ef-1c72ad2e171d,eoe,212,Legendary Creature — Human Cleric,"When Alpharael enters, draw two cards. Then discard two cards unless you discard an artifact card. During your turn, Alpharael has deathtouch.",BU
"Alpharael, Stonechosen",33063d26-37f7-4e35-8da2-5770dfabdc41,eoe,87,Legendary Creature — Human Cleric,"Ward—Discard a card at random. Void — Whenever Alpharael attacks, if a nonland permanent left the battlefield this turn or a spell was warped this turn, defending player loses half their life, rounded up.",B
Alphinaud Leveilleur,65331e86-1ff3-45e4-b789-7afec4ca9bd5,fic,33,Legendary Creature — Elf Wizard,"Partner with Alisaie Leveilleur (When this creature enters, target player may put Alisaie Leveilleur into their hand from their library, then shuffle.) Vigilance Eukrasia — Whenever you cast your second spell each turn, draw a card.",U
"Alquist Proft, Master Sleuth",41129b44-4fa7-473b-b2b7-48c6a58be03c,mkm,185,Legendary Creature — Human Detective,"Vigilance When Alquist Proft enters, investigate. (Create a Clue token. It's an artifact with ""{2}, Sacrifice this token: Draw a card."") {X}{W}{U}{U}, {T}, Sacrifice a Clue: You draw X cards and gain X life.",UW
"Alrund, God of the Cosmos // Hakka, Whispering Raven",5d131784-c1a3-463e-a37b-b720af67ab62,khm,40,Legendary Creature — God // Legendary Creature — Bird,,U
Altaïr Ibn-La'Ahad,358026de-ab7c-4a17-8cac-cfbee391b127,acr,45,Legendary Creature — Human Assassin,"First strike Whenever Altaïr attacks, exile up to one target Assassin creature card from your graveyard with a memory counter on it. Then for each creature card you own in exile with a memory counter on it, create a tapped and attacking token that's a copy of it. Exile those tokens at end of combat.",BRW
"Altanak, the Thrice-Called",807b0674-8eba-4204-b6b6-fa2b785a79e9,dsk,166,Legendary Creature — Insect Beast,"Trample Whenever Altanak becomes the target of a spell or ability an opponent controls, draw a card. {1}{G}, Discard this card: Return target land card from your graveyard to the battlefield tapped.",G
Amalia Benavides Aguirre,9acf80a5-f2ca-45b4-aca8-fbc690e35401,lci,221,Legendary Creature — Vampire Scout,"Ward—Pay 3 life. Whenever you gain life, Amalia Benavides Aguirre explores. Then destroy all other creatures if its power is exactly 20. (To have this creature explore, reveal the top card of your library. Put that card into your hand if it's a land. Otherwise, put a +1/+1 counter on this creature, then put the card back or put it into your graveyard.)",BW
"Amareth, the Lustrous",2fbea010-de77-468e-be39-1717070c9303,cmr,266,Legendary Creature — Dragon,"Flying Whenever another permanent you control enters, look at the top card of your library. If it shares a card type with that permanent, you may reveal that card and put it into your hand.",GUW
Ambassador Blorpityblorpboop,49600fe1-8c1f-4940-bb1e-7e28131d6d5f,unf,161,Legendary Creature — Alien Advisor Guest,"When Ambassador Blorpityblorpboop enters, you get {TK}{TK}{TK}, then you may put a sticker on a nonland permanent you own. At the beginning of each combat, you may have Ambassador Blorpityblorpboop's base power become equal to the total power of all stickers on permanents you control and its base toughness become equal to those stickers' total toughness.",GU
Ambassador Laquatus,b261067f-b5de-41cc-ba9e-6ef4c061e170,10e,65,Legendary Creature — Merfolk Wizard,{3}: Target player mills three cards.,U
"Ambergris, Citadel Agent",09044a22-8b27-4402-bf58-04ad9ef898a0,hbg,12,Legendary Creature — Dwarf Cleric,"Haste Specialize {3} Whenever Ambergris, Citadel Agent attacks, you may discard your hand and draw two cards.",R
Amber Gristle O'Maul,34806912-daf8-4e5c-804f-af0858500438,clb,159,Legendary Creature — Dwarf Cleric,"Haste Whenever Amber Gristle O'Maul attacks, you may discard your hand. If you do, draw a card for each player being attacked. Choose a Background (You can have a Background as a second commander.)",R
Ambrosia Whiteheart,f2596767-7d19-4110-86ed-3cfc93ac7483,fin,6,Legendary Creature — Bird,"Flash When Ambrosia Whiteheart enters, you may return another permanent you control to its owner's hand. Landfall — Whenever a land you control enters, Ambrosia Whiteheart gets +1/+0 until end of turn.",W
"Aminatou, the Fateshifter",bc010302-e715-4946-89eb-a214e0b836ba,2x2,169,Legendary Planeswalker — Aminatou,"+1: Draw a card, then put a card from your hand on top of your library. −1: Exile another target permanent you own, then return it to the battlefield under your control. −6: Choose left or right. Each player gains control of all nonland permanents other than Aminatou controlled by the next player in the chosen direction. Aminatou, the Fateshifter can be your commander.",BUW
"Aminatou, Veil Piercer",9f868023-6035-403d-ba91-7a4840c6c392,dsc,1,Legendary Creature — Human Wizard,"At the beginning of your upkeep, surveil 2. (Look at the top two cards of your library, then put any number of them into your graveyard and the rest on top of your library in any order.) Each enchantment card in your hand has miracle. Its miracle cost is equal to its mana cost reduced by {4}. (You may cast a card for its miracle cost when you draw it if it's the first card you drew this turn.)",BUW
"A-Mishra, Excavation Prodigy",2553c1f3-0382-4be3-8f8c-c99251ad814e,bro,A-140,Legendary Creature — Human Artificer,"{1}, {T}, Discard a card: Draw a card. Whenever you discard one or more artifact cards, add {R}{R}. This ability triggers only once each turn.",R
"A-Mr. Orfeo, the Boulder",db1b8196-ec05-4732-aec2-50629cf4ebb4,snc,A-204,Legendary Creature — Rhino Warrior,"Whenever you attack, double target creature's power until end of turn.",BGR
Amy Pond,e50a2faa-91e3-4e89-ba8d-2cbf7ac005c0,who,75,Legendary Creature — Human,"Partner with Rory Williams (When this creature enters, target player may put Rory into their hand from their library, then shuffle.) Whenever Amy Pond deals combat damage to a player, choose a suspended card you own and remove that many time counters from it. Doctor's companion (You can have two commanders if the other is the Doctor.)",R
Amy Rose,6ac0c02f-6428-4ed0-bd1a-bf9f4af9c3c1,sld,2083,Legendary Creature — Hedgehog Warrior,"Haste Whenever Amy Rose attacks, attach up to one target Equipment to her. Then up to one other target attacking creature gets +X/+0 until end of turn, where X is Amy Rose's power.",RW
"Amzu, Swarm's Hunger",634f6f70-347e-436f-abf9-4a573472e2c8,clu,24,Legendary Creature — Insect Shaman,"Flying, menace Other Insects you control have menace. Whenever one or more cards leave your graveyard, you may create a 1/1 black and green Insect creature token, then put a number of +1/+1 counters on it equal to the greatest mana value among those cards. Do this only once each turn.",BG
"A-Nadu, Winged Wisdom",ce641c7d-2429-4925-b2a6-6be3656698fc,mh3,A-193,Legendary Creature — Bird Wizard,"Flying Whenever a creature you control becomes the target of a spell or ability, reveal the top card of your library. If it's a land card, put it onto the battlefield. Otherwise, put it into your hand. This ability triggers only twice each turn.",GU
"A-Nael, Avizoa Aeronaut",62ac0052-dd03-4b48-a3a8-15a84fed66d5,dmu,A-207,Legendary Creature — Elf Scout,"Flying Domain — Whenever Nael, Avizoa Aeronaut deals combat damage to a player, look at the top X cards of your library, where X is the number of basic land types among lands you control. Put up to one of them on top of your library and the rest on the bottom in a random order. Then if there are five basic land types among lands you control, draw a card.",GU
"Anafenza, Kin-Tree Spirit",1717da7b-9e87-4694-873b-abd4e3bcd5e2,cmm,11,Legendary Creature — Spirit Soldier,"Whenever another nontoken creature you control enters, bolster 1. (Choose a creature with the least toughness among creatures you control and put a +1/+1 counter on it.)",W
"Anafenza, the Foremost",c8b432a7-53da-4480-b571-e6feb1364a3a,ktk,163,Legendary Creature — Human Soldier,"Whenever Anafenza attacks, put a +1/+1 counter on another target tapped creature you control. If a nontoken creature an opponent owns would die or a creature card not on the battlefield would be put into an opponent's graveyard, exile that card instead.",BGW
"Anafenza, Unyielding Lineage",29957f49-9a6b-42f6-b2fb-b48f653ab725,tdm,2,Legendary Creature — Spirit Soldier,"Flash First strike Whenever another nontoken creature you control dies, Anafenza endures 2. (Put two +1/+1 counters on it or create a 2/2 white Spirit creature token.)",W
"Anara, Wolvid Familiar",9a67cfaa-990c-4dcb-97a9-9c5d7316cabe,cmr,214,Legendary Creature — Wolf Beast,"During your turn, commanders you control have indestructible. (Effects that say ""destroy"" don't destroy them. A creature with indestructible can't be destroyed by damage.) Partner (You can have two commanders if both have partner.)",G
"A-Narfi, Betrayer King",2d689fc6-c7b5-46f8-9ec2-2bc4b4af87c0,khm,A-224,Legendary Snow Creature — Zombie Wizard,"Other snow and Zombie creatures you control get +1/+1. {S}{S}{S}: Return Narfi, Betrayer King from your graveyard to the battlefield tapped. ({S} can be paid with one mana from a snow source.)",BU
"A-Nashi, Moon Sage's Scion",a47b49c4-6adb-445b-b0f1-e0391c2f08cf,neo,A-114,Legendary Creature — Rat Ninja,"Ninjutsu {2}{B} ({2}{B}, Return an unblocked attacker you control to hand: Put this card onto the battlefield from your hand tapped and attacking.) Whenever Nashi, Moon Sage's Scion deals combat damage to a player, exile the top card of each player's library. Until end of turn, you may play one of those cards. If you cast a spell this way, pay life equal to its mana value rather than paying its mana cost.",B
Anax and Cymede,63cb977e-bd42-43b1-83d1-124e7a413aca,ths,186,Legendary Creature — Human Soldier,"First strike, vigilance Heroic — Whenever you cast a spell that targets Anax and Cymede, creatures you control get +1/+1 and gain trample until end of turn.",RW
"Anax, Hardened in the Forge",ad107ae0-2540-46f8-9970-72983b87ba04,cmm,204,Legendary Enchantment Creature — Demigod,"Anax's power is equal to your devotion to red. (Each {R} in the mana costs of permanents you control counts toward your devotion to red.) Whenever Anax or another nontoken creature you control dies, create a 1/1 red Satyr creature token with ""This token can't block."" If the creature had power 4 or greater, create two of those tokens instead.",R
"Anep, Vizier of Hazoret",295658c4-7ab8-473d-abe1-0b6303b6850f,j25,46,Legendary Creature — Jackal Warrior,"Trample You may exert Anep as it attacks. When you do, exile the top two cards of your library. Until the end of your next turn, you may play those cards. (An exerted creature won't untap during your next untap step.)",R
Angelic Harold,770aa4e1-a28c-45a4-ab8c-185ccaeb86d5,unf,162,Legendary Creature — Angel Performer,"Flying When Angelic Harold enters, you may put a name sticker on a nonland permanent you own. Each creature you control with three or more words in its name gets +1/+1.",UW
Angus Mackenzie,bb3920ac-7d61-494e-b7dd-bd37d4dee143,me3,141,Legendary Creature — Human Cleric,"{G}{W}{U}, {T}: Prevent all combat damage that would be dealt this turn. Activate only before the combat damage step.",GUW
"Anhelo, the Painter",462e887d-6b91-4b31-9487-2780ffe8943f,ncc,1,Legendary Creature — Vampire Assassin,"Deathtouch The first instant or sorcery spell you cast each turn has casualty 2. (As you cast that spell, you may sacrifice a creature with power 2 or greater. When you do, copy the spell and you may choose new targets for the copy.)",BRU
"Anikthea, Hand of Erebos",8b796a56-1611-4835-ac5b-48b4e9263685,cmm,705,Legendary Enchantment Creature — Demigod,"Menace Other enchantment creatures you control have menace. Whenever Anikthea enters or attacks, exile up to one target non-Aura enchantment card from your graveyard. Create a token that's a copy of that card, except it's a 3/3 black Zombie creature in addition to its other types.",BGW
"Animar, Soul of Elements",a3da57d0-1ae3-4f05-a52d-eb76ad56cae7,2x2,171,Legendary Creature — Elemental,"Protection from white and from black Whenever you cast a creature spell, put a +1/+1 counter on Animar. Creature spells you cast cost {1} less to cast for each +1/+1 counter on Animar.",GRU
"Anim Pakal, Thousandth Moon",868856b7-8875-43c1-8249-0f8fb2c8319b,lci,223,Legendary Creature — Human Soldier,"Whenever you attack with one or more non-Gnome creatures, put a +1/+1 counter on Anim Pakal, then create X 1/1 colorless Gnome artifact creature tokens that are tapped and attacking, where X is the number of +1/+1 counters on Anim Pakal.",RW
Anje Falkenrath,913dd06f-ed2f-4128-9c9d-9cd0d8a55425,c19,37,Legendary Creature — Vampire,"Haste {T}, Discard a card: Draw a card. Whenever you discard a card, if it has madness, untap Anje Falkenrath.",BR
"Anje, Maid of Dishonor",1bfac4ab-97f1-448c-8554-42ed03eb5656,vow,231,Legendary Creature — Vampire,"Whenever Anje and/or one or more other Vampires you control enter, create a Blood token. This ability triggers only once each turn. (It's an artifact with ""{1}, {T}, Discard a card, Sacrifice this token: Draw a card."") {2}, Sacrifice another creature or a Blood token: Each opponent loses 2 life and you gain 2 life.",BR
"Annie Flash, the Veteran",8d4af7c3-a70d-4f71-b27d-b268c4a0f81e,otj,190,Legendary Creature — Human Rogue,"Flash When Annie Flash enters, if you cast it, return target permanent card with mana value 3 or less from your graveyard to the battlefield tapped. Whenever Annie Flash becomes tapped, exile the top two cards of your library. You may play those cards this turn.",GRW
"Anowon, the Ruin Sage",b8630ae1-8fe9-4d6e-899b-a28d86d4d729,voc,118,Legendary Creature — Vampire Shaman,"At the beginning of your upkeep, each player sacrifices a non-Vampire creature of their choice.",B
"Anowon, the Ruin Thief",bca84fc4-4710-44c8-b90a-73ef888714d8,znc,1,Legendary Creature — Vampire Rogue,"Other Rogues you control get +1/+1. Whenever one or more Rogues you control deal combat damage to a player, that player mills a card for each 1 damage dealt to them. If the player mills at least one creature card this way, you draw a card. (To mill a card, a player puts the top card of their library into their graveyard.)",BU
Anrakyr the Traveller,6ea09406-c65e-4ee4-9c74-0553e5110837,40k,28,Legendary Artifact Creature — Necron,"Lord of the Pyrrhian Legions — Whenever Anrakyr the Traveller attacks, you may cast an artifact spell from your hand or graveyard by paying life equal to its mana value rather than paying its mana cost.",B
"Anthousa, Setessan Hero",ca89e4d4-185d-4a08-b7af-03f6eff38ba3,ths,149,Legendary Creature — Human Warrior,"Heroic — Whenever you cast a spell that targets Anthousa, up to three target lands you control each become 2/2 Warrior creatures until end of turn. They're still lands.",G
"Anti-Venom, Horrifying Healer",560384fe-7be0-4b93-a515-2fe687ab2492,spm,1,Legendary Creature — Symbiote Hero,"When Anti-Venom enters, if he was cast, return target creature card from your graveyard to the battlefield. If damage would be dealt to Anti-Venom, prevent that damage and put that many +1/+1 counters on him.",W
"Anya, Merciless Angel",0526277f-538b-42d0-8c75-c390f599b94e,mkc,199,Legendary Creature — Angel,"Flying Anya gets +3/+3 for each opponent whose life total is less than half their starting life total. As long as an opponent's life total is less than half their starting life total, Anya has indestructible.",RW
"Anzrag, the Quake-Mole",70e9d8b8-4b32-4414-b32f-1f47523239c5,mkm,186,Legendary Creature — Mole God,"Whenever Anzrag becomes blocked, untap each creature you control. After this phase, there is an additional combat phase. {3}{R}{R}{G}{G}: Anzrag must be blocked each combat this turn if able.",GR
"A-Omnath, Locus of Creation",b5f5fbd5-b045-4da7-a996-54f163b35b8d,znr,A-232,Legendary Creature — Elemental,"When Omnath, Locus of Creation enters, draw a card. Landfall — Whenever a land enters under your control, you gain 4 life if this is the first time this ability has resolved this turn. If it's the second time, add {R}{G}{W}{U}. If it's the third time, Omnath deals 4 damage to each opponent and each planeswalker you don't control.",GRUW
"Ao, the Dawn Sky",8d2c4063-7322-4041-a870-b95598a03e29,neo,2,Legendary Creature — Dragon Spirit,"Flying, vigilance When Ao dies, choose one — • Look at the top seven cards of your library. Put any number of nonland permanent cards with total mana value 4 or less from among them onto the battlefield. Put the rest on the bottom of your library in a random order. • Put two +1/+1 counters on each permanent you control that's a creature or Vehicle.",W
"Aphelia, Viper Whisperer",1a0867be-a861-4fb4-b8ff-cb2966193755,j25,40,Legendary Creature — Gorgon Assassin,"Deathtouch Whenever Aphelia attacks, you may pay {1}{B/G}. If you do, create a 1/1 black Snake creature token with deathtouch. {4}{B}: Until end of turn, whenever one or more Gorgons and/or Snakes you control deal combat damage to a player, that player loses half their life, rounded up.",BG
"Aphemia, the Cacophony",5b359607-d699-4ba9-a438-48f0dd8f1bf5,thb,84,Legendary Enchantment Creature — Harpy,"Flying At the beginning of your end step, you may exile an enchantment card from your graveyard. If you do, create a 2/2 black Zombie creature token.",B
"A-Phylath, World Sculptor",e0c4a2f5-b942-4c94-b28c-e04d0609cfb3,znr,A-234,Legendary Creature — Elemental,"Trample When Phylath, World Sculptor enters, create a 0/1 green Plant creature token for each basic land you control. Landfall — Whenever a land enters under your control, put four +1/+1 counters on target Plant you control. It gains trample until end of turn.",GR
Apothecary White,4fedf84e-55ca-4334-a2c1-6e991112bb68,clu,1,Legendary Creature — Human Cleric,"Vigilance Whenever you attack, you create a Food token for each player being attacked. (It's an artifact with ""{2}, {T}, Sacrifice this token: You gain 3 life."") {W}, {T}, Tap X untapped Foods you control: Create X 1/1 white Human creature tokens.",W
"Appa, Aang's Companion",1c5ae0d3-26e4-4d10-85ae-0578cf90eead,tle,214,Legendary Creature — Bison Ally,"Flying (This creature can't be blocked except by creatures with flying or reach.) Whenever Appa attacks, another target attacking creature without flying gains flying until end of turn.",W
"Appa, Steadfast Guardian",829d91e9-4878-4e55-a262-ac0d55b65d4e,tla,10,Legendary Creature — Bison Ally,"Flash Flying When Appa enters, airbend any number of other target nonland permanents you control. (Exile them. While each one is exiled, its owner may cast it for {2} rather than its mana cost.) Whenever you cast a spell from exile, create a 1/1 white Ally creature token.",W
"A-Queza, Augur of Agonies",6c3da27e-4fdd-46ce-bb81-0b2dfec1c6ed,snc,A-212,Legendary Creature — Octopus Advisor,"Vigilance Whenever you draw a card, target opponent loses 1 life and you gain 1 life.",BUW
"Arabella, Abandoned Doll",f683d5a1-b8bf-446f-9fe3-88a4398bf3cf,dsk,208,Legendary Artifact Creature — Toy,"Whenever Arabella attacks, it deals X damage to each opponent and you gain X life, where X is the number of creatures you control with power 2 or less.",RW
"Arachne, Psionic Weaver",7c1f871a-bd85-402e-b474-1deb64c18a52,spm,2,Legendary Creature — Spider Human Hero,"Web-slinging {W} (You may cast this spell for {W} if you also return a tapped creature you control to its owner's hand.) As Arachne enters, look at target opponent's hand, then choose a noncreature card type. Spells of the chosen type cost {1} more to cast.",W
"Aradesh, the Founder",6701dae4-348e-40f6-9db4-d6f0039be831,pip,9,Legendary Creature — Human Soldier,"Enlist (As this creature attacks, you may tap a nonattacking creature you control without summoning sickness. When you do, add its power to this creature's until end of turn.) Whenever a creature you control attacks, if it enlisted a creature this combat, the creature that attacked gains double strike until end of turn. If that creature's power is 4 or greater, draw a card.",W
"A-Radha, Coalition Warlord",a9209d7f-7a3f-4ffa-bb31-04d2a2b422d2,dmu,A-211,Legendary Creature — Elf Warrior,"Domain — Whenever Radha, Coalition Warlord enters or becomes tapped, another target creature you control gets +X/+X until end of turn, where X is the number of basic land types among lands you control.",GR
"Aragorn and Arwen, Wed",d7d4c97a-9319-4534-9a49-da000f41a02d,ltr,287,Legendary Creature — Human Elf Noble,"Vigilance Whenever Aragorn and Arwen enters or attacks, put a +1/+1 counter on each other creature you control. You gain 1 life for each other creature you control.",GW
"Aragorn, Company Leader",73ca5f48-0117-49d6-8b00-b8482e3545b3,ltr,191,Legendary Creature — Human Ranger,"Whenever the Ring tempts you, if you chose a creature other than Aragorn as your Ring-bearer, put your choice of a counter from among first strike, vigilance, deathtouch, and lifelink on Aragorn. Whenever you put one or more counters on Aragorn, put one of each of those kinds of counters on up to one other target creature.",GW
"Aragorn, Hornburg Hero",14c62aa6-2660-4a18-8f69-4088e18abb40,ltc,492,Legendary Creature — Human Soldier,"Attacking creatures you control have first strike and renown 1. (When a creature with renown 1 deals combat damage to a player, if it isn't renowned, put a +1/+1 counter on it and it becomes renowned.) Whenever a renowned creature you control deals combat damage to a player, double the number of +1/+1 counters on it.",GRW
"Aragorn, King of Gondor",1c7ac04c-8510-468b-aa6f-f249bde9ff87,ltc,5,Legendary Creature — Human Noble,"Vigilance, lifelink When Aragorn enters, you become the monarch. Whenever Aragorn attacks, up to one target creature can't block this turn. If you're the monarch, creatures can't block this turn.",RUW
"Aragorn, the Uniter",e98d5321-ec09-456c-a9ea-c8ca2cfc6205,ltr,192,Legendary Creature — Human Noble,"Whenever you cast a white spell, create a 1/1 white Human Soldier creature token. Whenever you cast a blue spell, scry 2. Whenever you cast a red spell, Aragorn deals 3 damage to target opponent. Whenever you cast a green spell, target creature gets +4/+4 until end of turn.",GRUW
"Arahbo, Roar of the World",81dc3d00-97cd-4549-b5a4-15a1e08767f5,c17,35,Legendary Creature — Cat Avatar,"Eminence — At the beginning of combat on your turn, if Arahbo is in the command zone or on the battlefield, another target Cat you control gets +3/+3 until end of turn. Whenever another Cat you control attacks, you may pay {1}{G}{W}. If you do, it gains trample and gets +X/+X until end of turn, where X is its power.",GW
"Arahbo, the First Fang",524a5d93-26ed-436d-a437-dc9460acce98,fdn,2,Legendary Creature — Cat Avatar,"Other Cats you control get +1/+1. Whenever Arahbo or another nontoken Cat you control enters, create a 1/1 white Cat creature token.",W
"A-Raiyuu, Storm's Edge",06f5ab0d-3280-42d3-bc7e-abb109bbe3c4,neo,A-232,Legendary Creature — Human Samurai,"First strike Whenever a Samurai or Warrior you control attacks alone, untap it. If it's the first combat phase of the turn, there is an additional combat phase after this phase.",RW
"Araña, Heart of the Spider",b02bfa0e-f761-45e1-b35c-f44ff7c5d0e8,spm,123,Legendary Creature — Spider Human Hero,"Whenever you attack, put a +1/+1 counter on target attacking creature. Whenever a modified creature you control deals combat damage to a player, exile the top card of your library. You may play that card this turn. (Equipment, Auras you control, and counters are modifications.)",RW
"Arashi, the Sky Asunder",95bfae4a-01fe-4309-9291-b3123395f057,c21,185,Legendary Creature — Spirit,"{X}{G}, {T}: Arashi deals X damage to target creature with flying. Channel — {X}{G}{G}, Discard this card: It deals X damage to each creature with flying.",G
Arasta of the Endless Web,de819fd7-0823-42da-99bc-db87bb71acc8,omb,32,Legendary Enchantment Creature — Spider,"Reach Whenever an opponent casts an instant or sorcery spell, create a 1/2 green Spider creature token with reach.",G
Araumi of the Dead Tide,48b597dd-f6eb-45da-977d-453e8c1433cc,cmr,267,Legendary Creature — Merfolk Wizard,"{T}, Exile cards from your graveyard equal to the number of opponents you have: Target creature card in your graveyard gains encore until end of turn. The encore cost is equal to its mana cost. (Exile the creature card and pay its mana cost: For each opponent, create a token copy that attacks that opponent this turn if able. They gain haste. Sacrifice them at the beginning of the next end step. Activate only as a sorcery.)",BU
Arbaaz Mir,c7187506-4af3-47e9-bad0-4ce8c78ccc10,acr,46,Legendary Creature — Human Assassin,"Whenever Arbaaz Mir or another nontoken historic permanent you control enters, Arbaaz Mir deals 1 damage to each opponent and you gain 1 life. (Artifacts, legendaries, and Sagas are historic.)",RW
Arcade Gannon,36356522-15fc-41e2-bf14-a745e5a96a50,pip,92,Legendary Creature — Human Doctor,"{T}: Draw a card, then discard a card. Put a quest counter on Arcade Gannon. For Auld Lang Syne — Once during each of your turns, you may cast an artifact or Human spell from your graveyard with mana value less than or equal to the number of quest counters on Arcade Gannon.",UW
Arcades Sabboth,175695bb-2630-4269-a407-9138c7008e81,dmr,187,Legendary Creature — Elder Dragon,"Flying At the beginning of your upkeep, sacrifice Arcades Sabboth unless you pay {G}{W}{U}. Each untapped creature you control gets +0/+2 as long as it's not attacking. {W}: Arcades Sabboth gets +0/+1 until end of turn.",GUW
"Arcades, the Strategist",1e90c638-d4b2-4243-bbc4-1cc10516c40f,m19,212,Legendary Creature — Elder Dragon,"Flying, vigilance Whenever a creature you control with defender enters, draw a card. Each creature you control with defender assigns combat damage equal to its toughness rather than its power and can attack as though it didn't have defender.",GUW
Arcanis the Omnipotent,a6fee90a-7cb3-4fad-91a7-1b1edbde0133,fdn,585,Legendary Creature — Wizard,{T}: Draw three cards. {2}{U}{U}: Return Arcanis to its owner's hand.,U
"Arcee, Sharpshooter // Arcee, Acrobatic Coupe",21462db4-7739-4853-845f-0c2aa38fd2a6,bot,7,Legendary Artifact Creature — Robot // Legendary Artifact — Vehicle,,RW
"Archangel Avacyn // Avacyn, the Purifier",fe675f03-cbb5-4177-b7d7-64a30260ee2a,inr,11,Legendary Creature — Angel // Legendary Creature — Angel,,RW
"Archelos, Lagoon Mystic",d45ec78e-6190-46af-8057-834f5ca41ec8,dmc,140,Legendary Creature — Turtle Shaman,"As long as Archelos is tapped, other permanents enter tapped. As long as Archelos is untapped, other permanents enter untapped.",BGU
Arcum Dagsson,f5ecf811-2efc-4fa6-9af8-ef09f559ec1a,2xm,41,Legendary Creature — Human Artificer,"{T}: Target artifact creature's controller sacrifices it. That player may search their library for a noncreature artifact card, put it onto the battlefield, then shuffle.",U
"Ardbert, Warrior of Darkness",9fc1ac8a-bbd4-4d17-81d9-fd04876084b1,fic,77,Legendary Creature — Spirit Warrior,"Whenever you cast a white spell, put a +1/+1 counter on each legendary creature you control. They gain vigilance until end of turn. Whenever you cast a black spell, put a +1/+1 counter on each legendary creature you control. They gain menace until end of turn.",BW
"Ardenn, Intrepid Archaeologist",728b802c-969b-4865-b7a0-871c585d097a,cmr,10,Legendary Creature — Kor Scout,"At the beginning of combat on your turn, you may attach any number of Auras and Equipment you control to target permanent or player. Partner (You can have two commanders if both have partner.)",W
"Ardoz, Cobbler of War",2a012f05-0009-42cf-8a69-07140b2a2aef,j22,29,Legendary Creature — Goblin Shaman,"Haste Whenever Ardoz or another creature you control enters, that creature gets +2/+0 until end of turn. {3}{R}: Create a 1/1 red Goblin creature token with haste. Activate only as a sorcery.",R
"Ardyn, the Usurper",4627072e-9c72-4084-8021-690777342548,fin,89,Legendary Creature — Elder Human Noble,"Demons you control have menace, lifelink, and haste. Starscourge — At the beginning of combat on your turn, exile up to one target creature card from a graveyard. If you exiled a card this way, create a token that's a copy of that card, except it's a 5/5 black Demon.",B
"Arek, False Goldwarden",0da98dfc-3de1-48fb-881f-d01f34b2a22e,yone,17,Legendary Creature — Human Cleric,"Starting intensity 0 Whenever another creature enters under your control, cards you own named Arek, False Goldwarden intensify by 1. {3}{W}{B}, {T}, Sacrifice Arek, False Goldwarden: Target opponent loses X life and you gain X life, where X is Arek's intensity.",BW
"Arius, Flyby Trawler",b3fc822f-5870-4dc4-a932-5c69a5cb2add,ydft,21,Legendary Creature — Shark Pirate,"Flying, Trample Whenever Arius attacks, seek a non-Shark card. Discard that card at the beginning of the next end step. Whenever you discard one or more cards, put a +1/+1 counter on Arius.",RU
"Arixmethes, Slumbering Isle",bf561379-4e5f-486a-bcdf-6e08e105316e,dsc,211,Legendary Creature — Kraken,"Arixmethes enters tapped with five slumber counters on it. As long as Arixmethes has a slumber counter on it, it's a land. (It's not a creature.) Whenever you cast a spell, you may remove a slumber counter from Arixmethes. {T}: Add {G}{U}.",GU
"Arjun, the Shifting Flame",2fb83da3-5a8e-4349-bbcc-dcbd3b70264b,2x2,172,Legendary Creature — Sphinx Wizard,"Flying Whenever you cast a spell, put the cards in your hand on the bottom of your library in any order, then draw that many cards.",RU
"Armix, Filigree Thrasher",d5f69e24-6b5c-4a9a-af5b-1ce88efdc0aa,cmr,108,Legendary Artifact Creature — Golem,"Whenever Armix attacks, you may discard a card. When you do, target creature defending player controls gets -X/-X until end of turn, where X is the number of artifacts you control plus the number of artifact cards in your graveyard. Partner (You can have two commanders if both have partner.)",B
"Arna Kennerüd, Skycaptain",19266b5a-ff78-436c-b0f1-457e80bb647e,mh3,178,Legendary Creature — Human Knight,"Flying, lifelink Ward—Discard a card. Whenever a modified creature you control attacks, double the number of each kind of counter on it. Then for each nontoken permanent attached to it, create a token that's a copy of that permanent attached to that creature.",BUW
Arni Brokenbrow,ff334bba-0805-4d5d-86c4-99185fe9a77a,khm,120,Legendary Creature — Human Berserker,Haste Boast — {1}: You may change Arni's base power to 1 plus the greatest power among other creatures you control until end of turn. (Activate only if this creature attacked this turn and only once each turn.),R
Arni Metalbrow,aeb3069f-5f5a-4e11-8a63-46399eb85a95,mat,16,Legendary Creature — Human Berserker,"Whenever a creature you control attacks or a creature you control enters attacking, you may pay {1}{R}. If you do, you may put a creature card with mana value less than that creature's mana value from your hand onto the battlefield tapped and attacking.",R
Arno Dorian,41142b10-a493-499a-9fc5-043eeca5d1ee,acr,47,Legendary Creature — Human Assassin,Deathtouch Other Assassins you control get +2/+0. Disguise {B}{R} (You may cast this card face down for {3} as a 2/2 creature with ward {2}. Turn it face up any time for its disguise cost.),BR
"Aron, Benalia's Ruin",721cd840-5f2e-40b7-8b33-ea2d6343d390,tdc,280,Legendary Creature — Phyrexian Human,"Menace (This creature can't be blocked except by two or more creatures.) {W}{B}, {T}, Sacrifice another creature: Put a +1/+1 counter on each creature you control.",BW
"Arthur, Marigold Knight",9b3603aa-58a2-41d4-a58f-2b3306876e35,blc,5,Legendary Creature — Mouse Knight,"Haste Whenever Arthur and at least one other creature attack, look at the top six cards of your library. You may put a creature card from among them onto the battlefield tapped and attacking. Put the rest on the bottom of your library in a random order. Return that creature to its owner's hand at end of combat.",RUW
"A-Rulik Mons, Warren Chief",200fa865-88a4-4f50-9435-4e240fb5fd4f,dmu,A-217,Legendary Creature — Goblin,"Menace (This creature can't be blocked except by two or more creatures.) Whenever Rulik Mons, Warren Chief enters or attacks, look at the top card of your library. If it's a land card, you may put it onto the battlefield tapped. If you didn't put a card onto the battlefield this way, create a 1/1 red Goblin creature token.",GR
Arvad the Cursed,475d3d3a-8df7-42e8-adeb-5810e48ddaa7,moc,317,Legendary Creature — Vampire Knight,"Deathtouch, lifelink Other legendary creatures you control get +2/+2.",BW
"Arvad, Weatherlight Smuggler",a9c789e1-f531-4bde-8a47-2ac192c66125,ydmu,20,Legendary Creature — Vampire Knight,"Deathtouch, lifelink At the beginning of your end step, if a creature died this turn, Arvad, Weatherlight Smuggler perpetually gets +X/+X where X is the number of creatures that died this turn. This ability also triggers if Arvad is in your graveyard.",BW
"Arvinox, the Mind Flail",f81e3110-857c-4074-9c55-7e87c22051c9,dsc,130,Legendary Enchantment Creature — Horror,"Arvinox isn't a creature unless you control three or more permanents you don't own. At the beginning of your end step, exile the bottom card of each opponent's library face down. For as long as those cards remain exiled, you may look at them, you may cast permanent spells from among them, and you may spend mana as though it were mana of any color to cast those spells.",B
"Arwen, Mortal Queen",547f92d4-cd1d-4ca7-a6e2-6473b4d3c832,ltr,193,Legendary Creature — Elf Noble,"Arwen enters with an indestructible counter on it. {1}, Remove an indestructible counter from Arwen: Another target creature gains indestructible until end of turn. Put a +1/+1 counter and a lifelink counter on that creature and a +1/+1 counter and a lifelink counter on Arwen.",GW
Arwen Undómiel,c544e301-13b4-4dec-b65c-d54809bb7736,ltr,194,Legendary Creature — Elf Noble,"Whenever you scry, put a +1/+1 counter on target creature. {4}{G}{U}: Scry 2.",GU
"Arwen, Weaver of Hope",4d4f4d41-232d-4377-be69-de590b880edb,ltc,35,Legendary Creature — Elf Noble,Each other creature you control enters with a number of additional +1/+1 counters on it equal to Arwen's toughness.,G
"Aryel, Knight of Windgrace",216d7afe-3acf-4293-b474-8b27730cdefb,cmm,336,Legendary Creature — Human Knight,"Vigilance {2}{W}, {T}: Create a 2/2 white Knight creature token with vigilance. {B}, {T}, Tap X untapped Knights you control: Destroy target creature with power X or less.",BW
A-Satoru Umezawa,7b30c1fe-b3c0-48c7-a451-989eb3776d43,neo,A-234,Legendary Creature — Human Ninja,"Whenever you activate a ninjutsu ability, look at the top three cards of your library. Put one of them into your hand and the rest on the bottom of your library in any order. This ability triggers only once each turn. Each creature card in your hand has ninjutsu {1}{U}{B}.",BU
Ascendant Evincar,213ad4ba-5a36-4a90-bd0a-8f5fddca9c9b,hop,17,Legendary Creature — Phyrexian Vampire Noble,Flying (This creature can't be blocked except by creatures with flying or reach.) Other black creatures get +1/+1. Nonblack creatures get -1/-1.,B
"Ashad, the Lone Cyberman",2dc19e32-4f78-492f-8586-54ad4ae6fcec,who,113,Legendary Artifact Creature — Cyberman,"The first nonlegendary artifact spell you cast each turn has casualty 2. (As you cast it, you may sacrifice a creature with power 2 or greater. When you do, copy it. A copy of an artifact spell becomes a token.) Whenever you sacrifice another creature, put a +1/+1 counter on Ashad.",BRU
"Ashaya, Soul of the Wild",0a74b4e6-f6c9-4fef-a83c-a285a541e720,dsc,170,Legendary Creature — Elemental,Ashaya's power and toughness are each equal to the number of lands you control. Nontoken creatures you control are Forest lands in addition to their other types. (They're still affected by summoning sickness.),G
Ashcoat of the Shadow Swarm,2fce5989-a2a0-4825-b90a-a1f78659b6e0,j22,19,Legendary Creature — Rat Warlock,"Whenever Ashcoat attacks or blocks, other Rats you control get +X/+X until end of turn, where X is the number of Rats you control. At the beginning of your end step, you may mill four cards. If you do, return up to two Rat creature cards from your graveyard to your hand. (To mill a card, put the top card of your library into your graveyard.)",B
"Ashe, Princess of Dalmasca",ffe0596f-ef99-4862-9386-0fe455259995,fin,7,Legendary Creature — Human Rebel Noble,"Whenever Ashe attacks, look at the top five cards of your library. You may reveal an artifact card from among them and put it into your hand. Put the rest on the bottom of your library in a random order.",W
"A-Shessra, Death's Whisper",4ef5fb8c-ee26-464e-bc89-47b2e4c39222,afr,A-231,Legendary Creature — Human Elf Warlock,"Bewitching Whispers — When Shessra, Death's Whisper enters, target creature blocks this turn if able. Whispers of the Grave — At the beginning of your end step, if a creature died this turn, you may pay 2 life. If you do, draw a card.",BG
"Ashling, Flame Dancer",40463be5-89e2-410b-9a4b-770f70d14293,mh3,115,Legendary Creature — Elemental Shaman,"You don't lose unspent red mana as steps and phases end. Magecraft — Whenever you cast or copy an instant or sorcery spell, discard a card, then draw a card. If this is the second time this ability has resolved this turn, Ashling deals 2 damage to each opponent and each creature they control. If it's the third time, add {R}{R}{R}{R}.",R
"Ashling, the Extinguisher",350580d8-45db-4428-a292-cc4802bf1e4d,eve,33,Legendary Creature — Elemental Shaman,"Whenever Ashling deals combat damage to a player, choose target creature that player controls. The player sacrifices that creature.",B
Ashling the Pilgrim,4c687123-6c34-4aef-8350-70a72b5fb58f,cmm,205,Legendary Creature — Elemental Shaman,"{1}{R}: Put a +1/+1 counter on Ashling. If this is the third time this ability has resolved this turn, remove all +1/+1 counters from Ashling, and it deals that much damage to each creature and each player.",R
"Ashnod, Flesh Mechanist",5eb43c15-50a9-488f-b0be-84a5e0a6d10b,bro,84,Legendary Creature — Human Artificer,"Deathtouch Whenever Ashnod attacks, you may sacrifice another creature. If you do, create a tapped Powerstone token. {5}, Exile a creature card from your graveyard: Create a tapped 3/3 colorless Zombie artifact creature token.",B
Ashnod the Uncaring,a76e8ab8-33bf-4a5a-b6a2-7046301b6c31,brc,4,Legendary Creature — Human Artificer,"Deathtouch Whenever you activate an ability of an artifact or creature that isn't a mana ability, if one or more permanents were sacrificed to activate it, you may copy that ability. You may choose new targets for the copy. (Sacrificing an artifact for mana to activate an ability doesn't count.)",BRU
"Ash, Party Crasher",d51e6610-25b6-4d8e-92d7-c50a2ff844ff,woe,201,Legendary Creature — Human Peasant,"Haste Celebration — Whenever Ash attacks, if two or more nonland permanents entered the battlefield under your control this turn, put a +1/+1 counter on Ash.",RW
"Asmira, Holy Avenger",a7d64600-84fc-42a5-a6a6-b26f98fac0a4,mir,256,Legendary Creature — Human Cleric,"Flying At the beginning of each end step, put a +1/+1 counter on Asmira for each creature put into your graveyard from the battlefield this turn.",GW
Asmodeus the Archfiend,a5e6b864-58e7-43b9-9d79-1d0361340960,afr,88,Legendary Creature — Devil God,"Binding Contract — If you would draw a card, exile the top card of your library face down instead. {B}{B}{B}: Draw seven cards. {B}: Return all cards exiled with Asmodeus to their owner's hand and you lose that much life.",B
Asmoranomardicadaistinaculdacar,d99a9a7d-d9ca-4c11-80ab-e39d5943a315,mh2,186,Legendary Creature — Human Wizard,"As long as you've discarded a card this turn, you may pay {B/R} to cast this spell. When Asmoranomardicadaistinaculdacar enters, you may search your library for a card named The Underworld Cookbook, reveal it, put it into your hand, then shuffle. Sacrifice two Foods: Target creature deals 6 damage to itself.",BR
A-Soul of Windgrace,44245ae4-aa37-42d4-872a-08bd1f1ca385,dmu,A-220,Legendary Creature — Cat Avatar,"Whenever Soul of Windgrace enters or attacks, you may put a land card from a graveyard onto the battlefield tapped under your control. {G}, Discard a land card: You gain 3 life. {R}, Discard a land card: Draw a card. {B}, Discard a land card: Soul of Windgrace gains indestructible until end of turn. Tap it.",BGR
"Astarion, the Decadent",64d932b9-5682-4427-a871-7d452a488674,clb,265,Legendary Creature — Vampire Elf Rogue,"Deathtouch, lifelink At the beginning of your end step, choose one — • Feed — Target opponent loses life equal to the amount of life they lost this turn. • Friends — You gain life equal to the amount of life you gained this turn.",BW
"Astor, Bearer of Blades",40f3a0ba-b917-488b-adbf-60a0d3c58a56,dmu,194,Legendary Creature — Human Warrior,"When Astor enters, look at the top seven cards of your library. You may reveal an Equipment or Vehicle card from among them and put it into your hand. Put the rest on the bottom of your library in a random order. Equipment you control have equip {1}. Vehicles you control have crew 1.",RW
Astrid Peth,4cda3aa2-5fac-4188-bdad-dc369a089d00,who,11,Legendary Creature — Human,"Whenever Astrid Peth enters or attacks, create a Food token. Brand-new Sky — Whenever you sacrifice a Clue or Food, Astrid Peth explores. (Reveal the top card of your library. Put that card into your hand if it's a land. Otherwise, put a +1/+1 counter on this creature, then put the card back or put it into your graveyard.)",W
"Atalya, Samite Master",90500e7a-f76d-453a-bda0-d56d3f7c7534,inv,4,Legendary Creature — Human Cleric,"{X}, {T}: Choose one — • Prevent the next X damage that would be dealt to target creature this turn. Spend only white mana on X. • You gain X life. Spend only white mana on X.",W
A-Tanazir Quandrix,957117fe-ddc9-4c5d-bff8-f74602a24dd8,stx,A-240,Legendary Creature — Elder Dragon,"Flying, trample When Tanazir Quandrix enters, double the number of +1/+1 counters on target creature you control. Whenever Tanazir Quandrix attacks, you may have the base power and toughness of other creatures you control become equal to Tanazir Quandrix's power and toughness until end of turn.",GU
"Atarka, World Render",c569fab1-6901-40ab-b958-001698819585,tdc,281,Legendary Creature — Dragon,"Flying, trample Whenever a Dragon you control attacks, it gains double strike until end of turn.",GR
"A-Tatyova, Steward of Tides",367b8b17-3881-4bc4-aa2f-0376b614dca7,dmu,A-222,Legendary Creature — Merfolk Druid,"Land creatures you control have flying. Whenever a land enters under your control, if you control seven or more lands, up to one target land you control becomes a 4/4 Elemental creature with haste. It's still a land.",GU
"Atemsis, All-Seeing",b8f527d1-25c0-49b9-83d5-1278ca72d009,m20,46,Legendary Creature — Sphinx,"Flying {2}{U}, {T}: Draw two cards, then discard a card. Whenever Atemsis deals damage to an opponent, you may reveal your hand. If cards with at least six different mana values are revealed this way, that player loses the game.",U
"Athreos, God of Passage",52705c53-883e-4b6a-9c08-3fa35f6f17d5,jou,146,Legendary Enchantment Creature — God,"Indestructible As long as your devotion to white and black is less than seven, Athreos isn't a creature. Whenever another creature you own dies, return it to your hand unless target opponent pays 3 life.",BW
"Athreos, Shroud-Veiled",f50ffa76-f704-4d53-a15c-8316b07c1d12,dsc,212,Legendary Enchantment Creature — God,"Indestructible As long as your devotion to white and black is less than seven, Athreos isn't a creature. At the beginning of your end step, put a coin counter on another target creature. Whenever a creature with a coin counter on it dies or is put into exile, return that card to the battlefield under your control.",BW
"Atla Palani, Nest Tender",2b8414f7-22c3-4e1c-934b-4a0e7acf951d,dmc,142,Legendary Creature — Human Shaman,"{2}, {T}: Create a 0/1 green Egg creature token with defender. Whenever an Egg you control dies, reveal cards from the top of your library until you reveal a creature card. Put that card onto the battlefield and the rest on the bottom of your library in a random order.",GRW
Atogatog,4a3e6eb5-6d0f-4f82-86f9-bbce8d27afbb,ody,286,Legendary Creature — Atog,"Sacrifice an Atog creature: Atogatog gets +X/+X until end of turn, where X is the sacrificed creature's power.",BGRUW
"Atraxa, Grand Unifier",4a1f905f-1d55-4d02-9d24-e58070793d3f,one,196,Legendary Creature — Phyrexian Angel,"Flying, vigilance, deathtouch, lifelink When Atraxa enters, reveal the top ten cards of your library. For each card type, you may put a card of that type from among the revealed cards into your hand. Put the rest on the bottom of your library in a random order. (Artifact, battle, creature, enchantment, instant, land, planeswalker, and sorcery are card types.)",BGUW
"Atraxa, Praetors' Voice",d0d33d52-3d28-4635-b985-51e126289259,2xm,190,Legendary Creature — Phyrexian Angel Horror,"Flying, vigilance, deathtouch, lifelink At the beginning of your end step, proliferate. (Choose any number of permanents and/or players, then give each another counter of each kind already there.)",BGUW
"Atris, Oracle of Half-Truths",db6c91ec-df14-460f-967c-f182562fe7d8,thb,209,Legendary Creature — Human Advisor,"Menace When Atris enters, target opponent looks at the top three cards of your library and separates them into a face-down pile and a face-up pile. Put one pile into your hand and the other into your graveyard.",BU
"Atsushi, the Blazing Sky",da9484bd-2cf5-4490-a52b-066de5520afd,tdc,204,Legendary Creature — Dragon Spirit,"Flying, trample When Atsushi dies, choose one — • Exile the top two cards of your library. Until the end of your next turn, you may play those cards. • Create three Treasure tokens.",R
"Auntie Blyte, Bad Influence",85c18d01-62cd-45c2-94b8-a63a4239311d,j22,30,Legendary Creature — Devil Advisor,"Flying Whenever a source you control deals damage to you, put that many +1/+1 counters on Auntie Blyte. {1}{R}, {T}, Remove X +1/+1 counters from Auntie Blyte: It deals X damage to any target.",R
Aunt May,ad96343b-baac-428c-8270-fcffbbbe9fb8,spm,3,Legendary Creature — Human Citizen,"Whenever another creature you control enters, you gain 1 life. If it's a Spider, put a +1/+1 counter on it.",W
"Aurelia, Exemplar of Justice",f129569e-b14e-435f-bdb6-138ca67eb922,rvr,164,Legendary Creature — Angel,"Flying Mentor (Whenever this creature attacks, put a +1/+1 counter on target attacking creature with lesser power.) At the beginning of combat on your turn, choose up to one target creature you control. Until end of turn, that creature gets +2/+0, gains trample if it's red, and gains vigilance if it's white.",RW
"Aurelia, the Law Above",8f80c6e7-e9f9-4ca6-87f7-a52c96079e4a,mkm,188,Legendary Creature — Angel,"Flying, vigilance, haste Whenever a player attacks with three or more creatures, you draw a card. Whenever a player attacks with five or more creatures, Aurelia deals 3 damage to each of your opponents and you gain 3 life.",RW
"Aurelia, the Warleader",bc6ffc1c-575b-4116-83c9-d13b29886c35,fdn,651,Legendary Creature — Angel,"Flying, vigilance, haste Whenever Aurelia attacks for the first time each turn, untap all creatures you control. After this phase, there is an additional combat phase.",RW
"Auron, Venerated Guardian",cb82d614-13d8-40ec-9213-8e6852d37c9c,fic,10,Legendary Creature — Human Spirit Samurai,"Vigilance Shooting Star — Whenever Auron attacks, put a +1/+1 counter on it. When you do, exile target creature defending player controls with power less than Auron's power until Auron leaves the battlefield.",W
"A-Urza, Powerstone Prodigy",e4f414b6-7323-4ced-bcd5-36bd1fac4573,bro,A-69,Legendary Creature — Human Artificer,"{1}, {T}: Draw a card, then discard a card. Whenever you discard one or more artifact cards, create a tapped Powerstone token. This ability triggers only once each turn. (The token is an artifact with ""{T}: Add {C}. This mana can't be spent to cast a nonartifact spell."")",U
Autumn Willow,9d0a2c3b-ab86-44af-919e-c95c8751157e,me1,113,Legendary Creature — Avatar,"Shroud (This creature can't be the target of spells or abilities.) {G}: Until end of turn, Autumn Willow can be the target of spells and abilities controlled by target player as though it didn't have shroud.",G
"A-Uurg, Spawn of Turg",63758c04-6dd9-4461-b227-924c04118a20,dmu,A-225,Legendary Creature — Frog Beast,"A-Uurg, Spawn of Turg's power is equal to the number of land cards in your graveyard. At the beginning of your upkeep, surveil 2. {1}, Sacrifice a land: You gain 2 life.",BG
"Avacyn, Angel of Hope",317f1133-7cf8-4b7a-919e-88c45f8c2c3a,cmm,14,Legendary Creature — Angel,"Flying, vigilance, indestructible Other permanents you control have indestructible.",W
"Avacyn, Guardian Angel",a79662d5-3b6f-4c5a-8540-63c201027b66,m15,3,Legendary Creature — Angel,"Flying, vigilance {1}{W}: Prevent all damage that would be dealt to another target creature this turn by sources of the color of your choice. {5}{W}{W}: Prevent all damage that would be dealt to target player or planeswalker this turn by sources of the color of your choice.",W
Avalanche of Sector 7,20a87dbc-5deb-42ae-9097-806e9a27466f,fic,53,Legendary Creature — Human Rebel,"Menace Avalanche of Sector 7's power is equal to the number of artifacts your opponents control. Whenever an opponent activates an ability of an artifact they control, Avalanche of Sector 7 deals 1 damage to that player.",R
"Avatar Aang // Aang, Master of Elements",fe29e909-50e9-4f04-b1a3-2cc5d7e3efe8,tla,207,Legendary Creature — Human Avatar Ally // Legendary Creature — Avatar Ally,,BGRUW
"A-Vega, the Watcher",6f471133-db82-4610-81fb-736fbd3b1c6c,khm,A-233,Legendary Creature — Bird Spirit,"Flying Ward {2} Whenever you cast a spell from anywhere other than your hand, draw a card.",UW
Aveline de Grandpré,db3b4f73-e241-4d60-a877-25327092c291,acr,40,Legendary Creature — Human Assassin,"Deathtouch Whenever a creature you control with deathtouch deals combat damage to a player, put that many +1/+1 counters on that creature. Disguise {B}{G} (You may cast this card face down for {3} as a 2/2 creature with ward {2}. Turn it face up any time for its disguise cost.)",BG
"Averna, the Chaos Bloom",e46b3ef3-3ba9-4da7-a675-86468a8da4c7,cmr,269,Legendary Creature — Elemental Shaman,"As you cascade, you may put a land card from among the exiled cards onto the battlefield tapped. (Do this after the last card is exiled but before deciding whether to cast a nonland card.)",GRU
"A-Winota, Joiner of Forces",6bf6e906-9305-4003-b040-1dfecca590c1,iko,A-216,Legendary Creature — Human Warrior,"Whenever one or more non-Human creatures you control attack, look at the top six cards of your library. You may put a Human creature card from among them onto the battlefield tapped and attacking. It gains indestructible until end of turn. Put the rest of the cards on the bottom of your library in a random order.",RW
"Axavar, Fate Thief",265307a7-3e8e-485c-a8e8-35435b45237f,yeoe,23,Legendary Creature — Drix Pirate,"Void — At the beginning of your end step, if a nonland permanent left the battlefield this turn or a spell was warped this turn, discard a card, then heist target opponent's library. Warp {B/R}",BR
Axelrod Gunnarson,97f2b387-661e-435f-96c9-d3d5a601caa9,me3,143,Legendary Creature — Giant,"Trample Whenever a creature dealt damage by Axelrod Gunnarson this turn dies, you gain 1 life and Axelrod Gunnarson deals 1 damage to target player or planeswalker.",BR
Aya of Alexandria,80bd1928-18ec-4f55-acd8-9a62f9869fff,acr,48,Legendary Creature — Human Assassin,"Menace, lifelink Whenever a historic creature you control deals combat damage to a player, create a 1/1 black Assassin creature token with menace. (Artifacts, legendaries, and Sagas are historic.)",RW
"Ayara, First of Locthwain",ed0ace28-9a33-4f0d-b8c8-f5517f20ccf1,eld,75,Legendary Creature — Elf Noble,"Whenever Ayara or another black creature you control enters, each opponent loses 1 life and you gain 1 life. {T}, Sacrifice another black creature: Draw a card.",B
"Ayara, Widow of the Realm // Ayara, Furnace Queen",a21b1734-a773-4107-95c1-b44d5ccdfd82,mom,90,Legendary Creature — Elf Noble // Legendary Creature — Phyrexian Elf Noble,,BR
Ayesha Tanaka,8ce912d9-406b-4eba-97be-3bf1d425ee05,chr,73,Legendary Creature — Human Artificer,"Banding (Any creatures with banding, and up to one without, can attack in a band. Bands are blocked as a group. If any creatures with banding you control are blocking or being blocked by a creature, you divide that creature's combat damage, not its controller, among any of the creatures it's being blocked by or is blocking.) {T}: Counter target activated ability from an artifact source unless that ability's controller pays {W}. (Mana abilities can't be targeted.)",UW
"Ayesha Tanaka, Armorer",dab74812-89c9-42e2-8b9d-bf5b35a7cf7e,dmc,29,Legendary Creature — Human Artificer,"Whenever Ayesha Tanaka attacks, look at the top four cards of your library. You may put any number of artifact cards with mana value less than or equal to Ayesha Tanaka's power from among them onto the battlefield tapped. Put the rest on the bottom of your library in a random order. Ayesha Tanaka can't be blocked as long as defending player controls three or more artifacts.",UW
"Ayli, Eternal Pilgrim",06969031-2c13-4b5a-bb4e-86eed025e614,fdn,652,Legendary Creature — Kor Cleric,"Deathtouch (Any amount of damage this deals to a creature is enough to destroy it.) {1}, Sacrifice another creature: You gain life equal to the sacrificed creature's toughness. {1}{W}{B}, Sacrifice another creature: Exile target nonland permanent. Activate only if you have at least 10 life more than your starting life total.",BW
"Ayula, Queen Among Bears",c046dfb0-9ca3-4219-a6b0-d7503bc2fbd0,mh1,155,Legendary Creature — Bear,"Whenever another Bear you control enters, choose one — • Put two +1/+1 counters on target Bear. • Target Bear you control fights target creature you don't control.",G
"Ayumi, the Last Visitor",f037520e-2a44-4650-b7cb-c81d93d1418d,sok,122,Legendary Creature — Spirit,Legendary landwalk (This creature can't be blocked as long as defending player controls a legendary land.),G
"Azami, Lady of Scrolls",fa727656-fb33-485b-9378-18b80cad42b9,cmm,74,Legendary Creature — Human Wizard,Tap an untapped Wizard you control: Draw a card.,U
"A-Zar Ojanen, Scion of Efrava",7306a895-c78d-4f78-a58e-a818e4c4016c,dmu,A-227,Legendary Creature — Cat Warrior,"Domain — Whenever Zar Ojanen, Scion of Efrava enters or becomes tapped, put a +1/+1 counter on each creature you control with toughness less than the number of basic land types among lands you control.",GW
"Azlask, the Swelling Scourge",ced9db11-ba95-4b09-89b6-0b49ffb1fa82,m3c,5,Legendary Creature — Eldrazi,"Whenever Azlask or another colorless creature you control dies, you get an experience counter. {W}{U}{B}{R}{G}: Creatures you control get +X/+X until end of turn, where X is the number of experience counters you have. Scions and Spawns you control gain indestructible and annihilator 1 until end of turn.",BGRUW
"Azor, the Lawbringer",30dc237e-b28a-4b65-9790-6b434828bf2e,rix,154,Legendary Creature — Sphinx,"Flying When Azor enters, each opponent can't cast instant or sorcery spells during that player's next turn. Whenever Azor attacks, you may pay {X}{W}{U}{U}. If you do, you gain X life and draw X cards.",UW
"Azusa, Lost but Seeking",2fe97fbe-a6d6-4e96-8c26-f81bcdf579a1,cmm,274,Legendary Creature — Human Monk,You may play two additional lands on each of your turns.,G
"Baba Lysaga, Night Witch",2ef42c3f-f22e-4e99-adb0-9e8f8d442347,clb,266,Legendary Creature — Human Warlock,"{T}, Sacrifice up to three permanents: If there were three or more card types among the sacrificed permanents, each opponent loses 3 life, you gain 3 life, and you draw three cards.",BG
"Baeloth Barrityl, Entertainer",ec983aac-9eda-4086-ad7e-34da9b2987cc,clb,655,Legendary Creature — Elf Shaman,"Creatures your opponents control with power less than Baeloth Barrityl's power are goaded. (They attack each combat if able and attack a player other than you if able.) Whenever a goaded attacking or blocking creature dies, you create a Treasure token. Choose a Background (You can have a Background as a second commander.)",R
"Baird, Argivian Recruiter",1f643d78-d8d8-4645-9357-a68ebd0d3517,dmu,195,Legendary Creature — Human Soldier,"At the beginning of your end step, if you control a creature with power greater than its base power, create a 1/1 white Soldier creature token.",RW
"Baird, Steward of Argive",91bbe20b-0d39-46fc-a09a-fc8c676f1fe7,cmm,15,Legendary Creature — Human Soldier,Vigilance Creatures can't attack you or planeswalkers you control unless their controller pays {1} for each of those creatures.,W
"Balan, Wandering Knight",049ebad9-bf65-48e2-9640-c11b5f04e38b,cmm,16,Legendary Creature — Cat Knight,First strike Balan has double strike as long as two or more Equipment are attached to it. {1}{W}: Attach all Equipment you control to Balan.,W
"Baldin, Century Herdmaster",fc018483-69a7-4c4c-adfe-44071f53a7de,tdc,110,Legendary Creature — Human Warrior,"During your turn, each creature assigns combat damage equal to its toughness rather than its power. Whenever Baldin attacks, up to one hundred target creatures each get +0/+X until end of turn, where X is the number of cards in your hand.",W
"Balmor, Battlemage Captain",0b45ab13-9bb6-48af-8b37-d97b25801ac8,fdn,237,Legendary Creature — Bird Wizard,"Flying Whenever you cast an instant or sorcery spell, creatures you control get +1/+0 and gain trample until end of turn.",RU
Balthier and Fran,afcaed7d-7ea3-4f2a-a7f5-ee3315226369,fin,213,Legendary Creature — Human Rabbit,"Reach Vehicles you control get +1/+1 and have vigilance and reach. Whenever a Vehicle crewed by Balthier and Fran this turn attacks, if it's the first combat phase of the turn, you may pay {1}{R}{G}. If you do, after this phase, there is an additional combat phase.",GR
Balthor the Defiled,ed4cc273-adc3-4f46-9743-134b552d1d56,jud,61,Legendary Creature — Zombie Dwarf,"Minion creatures get +1/+1. {B}{B}{B}, Exile Balthor: Each player returns all black and all red creature cards from their graveyard to the battlefield.",B
Balthor the Stout,e81ecdc5-d2c7-4292-9b59-fd6bf3ba29d5,tor,91,Legendary Creature — Dwarf Barbarian,Other Barbarian creatures get +1/+1. {R}: Another target Barbarian creature gets +1/+0 until end of turn.,R
"Bane, Lord of Darkness",1a576d17-693d-4cc1-bb5b-bf81c74de03b,clb,267,Legendary Creature — God,"As long as your life total is less than or equal to half your starting life total, Bane has indestructible. Whenever another nontoken creature you control dies, target opponent may have you draw a card. If they don't, you may put a creature card with equal or lesser toughness from your hand onto the battlefield.",BUW
"Banon, the Returners' Leader",63e84ece-b129-457d-84ed-b4280120f08b,fic,78,Legendary Creature — Human Cleric Rebel,"Pray — Once during each of your turns, you may cast a creature spell from among cards in your graveyard that were put there from anywhere other than the battlefield this turn. Whenever you attack, you may pay {1} and discard a card. If you do, draw a card.",RW
Baral and Kari Zev,e777c383-161f-4a80-acb3-2a5c9ed5e927,tdc,282,Legendary Creature — Human,"First strike, menace Whenever you cast your first instant or sorcery spell each turn, you may cast a spell with lesser mana value that shares a card type with it from your hand without paying its mana cost. If you don't, create First Mate Ragavan, a legendary 2/1 red Monkey Pirate creature token. It gains haste until end of turn.",RU
"Baral, Chief of Compliance",60e16d94-1166-4050-8554-686e153a7f80,aer,28,Legendary Creature — Human Wizard,"Instant and sorcery spells you cast cost {1} less to cast. Whenever a spell or ability you control counters a spell, you may draw a card. If you do, discard a card.",U
Barbara Wright,414bdd33-549d-4690-917c-ea48decffbbb,who,14,Legendary Creature — Human Advisor,"History Teacher — Sagas you control have read ahead. (As a Saga enters, choose a chapter and start with that many lore counters. Skipped chapters don't trigger.) Doctor's companion (You can have two commanders if the other is the Doctor.)",W
Barktooth Warbeard,bffbda3c-61c0-421d-a724-6bb9a7005c0f,me3,144,Legendary Creature — Human Warrior,,BR
Baron Bertram Graywater,e9da18b4-1efc-44b7-8001-a2cfd44c69bf,otj,195,Legendary Creature — Vampire Noble,"Whenever one or more tokens you control enter, create a 1/1 black Vampire Rogue creature token with lifelink. This ability triggers only once each turn. {1}{B}, Sacrifice another creature or artifact: Draw a card.",BW
Baron Sengir,e5fb44d7-43c1-4fa2-9d55-aea6154a676d,me1,58,Legendary Creature — Vampire Noble,"Flying Whenever a creature dealt damage by Baron Sengir this turn dies, put a +2/+2 counter on Baron Sengir. {T}: Regenerate another target Vampire.",B
Baron Von Count,19d31d5c-6d4d-4bd8-b69c-b44c5b7f089f,ust,127,Legendary Creature — Human Villain,"Baron Von Count enters with a doom counter on ""5."" Whenever you cast a spell with the indicated numeral in its mana cost, text box, power, or toughness, move the doom counter one numeral to the left. When the doom counter moves from ""1,"" destroy target player and put that doom counter on ""5.""",BR
"Barret, Avalanche Leader",2e37fd36-84f0-4869-bfae-da4b97c9725d,fic,79,Legendary Creature — Human Rebel,"Reach Avalanche! — Whenever an Equipment you control enters, create a 2/2 red Rebel creature token. At the beginning of combat on your turn, attach up to one target Equipment you control to target Rebel you control.",GR
Barret Wallace,1a504dff-5857-4a61-ab99-616d5df7cf5a,fin,129,Legendary Creature — Human Rebel,"Reach Whenever Barret Wallace attacks, it deals damage equal to the number of equipped creatures you control to defending player.",R
"Barrin, Master Wizard",ec79e35f-9e78-462d-8b71-4f044e2eff90,usg,63,Legendary Creature — Human Wizard,"{2}, Sacrifice a permanent: Return target creature to its owner's hand.",U
"Barrin, Tolarian Archmage",cb078fbb-beb9-4c0b-be93-ed1e73e6f8d8,m21,45,Legendary Creature — Human Wizard,"When Barrin enters, return up to one other target creature or planeswalker to its owner's hand. At the beginning of your end step, if a permanent was put into your hand from the battlefield this turn, draw a card.",U
Barrowin of Clan Undurr,6896c311-5593-4437-b945-43ade9665e43,afr,218,Legendary Creature — Dwarf Cleric,"When Barrowin enters, venture into the dungeon. (Enter the first room or advance to the next room.) Whenever Barrowin attacks, return up to one creature card with mana value 3 or less from your graveyard to the battlefield if you've completed a dungeon.",BW
Bartel Runeaxe,3c635e33-c9f1-4508-986d-c0289921c299,me3,145,Legendary Creature — Giant Warrior,Vigilance Bartel Runeaxe can't be the target of Aura spells.,BGR
Bartolomé del Presidio,690ccdc7-6c43-4902-9d11-2f07b7a36b11,lci,224,Legendary Creature — Vampire Knight,Sacrifice another creature or artifact: Put a +1/+1 counter on Bartolomé del Presidio.,BW
Bartz and Boko,d818d574-2832-4a7a-a13b-aa6e695fdaa5,fin,175,Legendary Creature — Human Bird,"Affinity for Birds (This spell costs {1} less to cast for each Bird you control.) When Bartz and Boko enters, each other Bird you control deals damage equal to its power to target creature an opponent controls.",G
"Baru, Fist of Krosa",1a74fcde-7685-402c-9b2a-245aa75d75c1,fut,142,Legendary Creature — Human Druid,"Whenever a Forest enters, green creatures you control get +1/+1 and gain trample until end of turn. Grandeur — Discard another card named Baru, Fist of Krosa: Create an X/X green Wurm creature token, where X is the number of lands you control.",G
"Baru, Wurmspeaker",2cae4149-d8ef-4772-9db4-cb576bef61b5,dmc,26,Legendary Creature — Human Druid,"Wurms you control get +2/+2 and have trample. {7}{G}, {T}: Create a 4/4 green Wurm creature token. This ability costs {X} less to activate, where X is the greatest power among Wurms you control.",G
"Basandra, Battle Seraph",6e5baa27-3f6b-49bb-9927-5afc21b9cc3f,cma,174,Legendary Creature — Angel,Flying Players can't cast spells during combat. {R}: Target creature attacks this turn if able.,RW
Basim Ibn Ishaq,f8aa19c1-4e87-4f42-814c-490e75565f6e,acr,49,Legendary Creature — Human Assassin,"Whenever you cast a historic spell, draw a card. Basim Ibn Ishaq can't be blocked this turn. This ability triggers only once each turn. (Artifacts, legendaries, and Sagas are historic.) Whenever Basim Ibn Ishaq deals combat damage to a player, put a +1/+1 counter on it.",BU
"Basri, Tomorrow's Champion",991270fa-a391-4c2e-bd9a-19151386fb67,dft,3,Legendary Creature — Human Knight,"{W}, {T}, Exert Basri: Create a 1/1 white Cat creature token with lifelink. (An exerted creature won't untap during your next untap step.) Cycling {2}{W} ({2}{W}, Discard this card: Draw a card.) When you cycle this card, Cats you control gain hexproof and indestructible until end of turn.",W
Bayek of Siwa,5e4510e9-dc3f-4403-ae52-348d2a3eef84,acr,50,Legendary Creature — Human Assassin,"Double strike During your turn, other historic creatures you control have double strike. Disguise {1}{R}{W} (You may cast this card face down for {3} as a 2/2 creature with ward {2}. Turn it face up any time for its disguise cost.)",RW
"Baylen, the Haymaker",00e93be2-e06b-4774-8ba5-ccf82a6da1d8,blb,205,Legendary Creature — Rabbit Warrior,Tap two untapped tokens you control: Add one mana of any color. Tap three untapped tokens you control: Draw a card. Tap four untapped tokens you control: Put three +1/+1 counters on Baylen. It gains trample until end of turn.,GRW
"Beatrix, Loyal General",9da83b07-4978-4af7-be51-8aa8f35ec0bb,fin,554,Legendary Creature — Human Soldier,"Vigilance (Attacking doesn't cause this creature to tap.) At the beginning of combat on your turn, you may attach any number of Equipment you control to target creature you control.",W
"Beetle, Legacy Criminal",a194f930-c99f-4915-8a62-e20ab2b4ad1f,spm,26,Legendary Creature — Human Rogue Villain,"Flying {1}{U}, Exile this card from your graveyard: Put a +1/+1 counter on target creature. It gains flying until end of turn. Activate only as a sorcery.",U
"Be'lakor, the Dark Master",62b6ecb2-ac7e-4528-b53c-2cb4f1e38349,40k,6,Legendary Creature — Demon Noble,"Flying Prince of Chaos — When Be'lakor, the Dark Master enters, you draw X cards and you lose X life, where X is the number of Demons you control. Lord of Torment — Whenever another Demon you control enters, it deals damage equal to its power to any target.",BRU
"Belbe, Corrupted Observer",b4427e73-8c60-490d-8ae3-53e872a5163e,cmr,270,Legendary Creature — Phyrexian Zombie Elf,"At the beginning of each postcombat main phase, the active player adds {C}{C} for each of your opponents who lost life this turn. (Damage causes loss of life.)",BG
Beledros Witherbloom,93f786a2-a7b7-4f9e-92e8-9a6a11efe290,stx,163,Legendary Creature — Elder Dragon,"Flying At the beginning of each upkeep, create a 1/1 black and green Pest creature token with ""When this token dies, you gain 1 life."" Pay 10 life: Untap all lands you control. Activate only once each turn.",BG
Belisarius Cawl,102746f5-ba25-45f2-943e-55f9a4458fa7,40k,106,Legendary Artifact Creature — Human,"Ultima Founding — {T}, Tap two untapped artifacts you control: Create a 2/2 white Astartes Warrior creature token with vigilance. Master of Machines — {T}, Tap X untapped creatures you control: Look at the top X cards of your library. You may reveal an artifact card from among them and put it into your hand. Put the rest on the bottom of your library in a random order.",UW
"Bell Borca, Spectral Sergeant",4fdcd559-477f-48cb-a221-23a653b0dde1,dmc,145,Legendary Creature — Spirit Soldier,"Note the mana value of each card as it's put into exile. Bell Borca's power is equal to the greatest number noted for it this turn. At the beginning of your upkeep, exile the top card of your library. You may play that card this turn.",RW
"Bello, Bard of the Brambles",31e4b7a1-b377-49d2-a92e-4bcb0db35f16,blc,1,Legendary Creature — Raccoon Bard,"During your turn, each non-Equipment artifact and non-Aura enchantment you control with mana value 4 or greater is a 4/4 Elemental creature in addition to its other types and has indestructible, haste, and ""Whenever this creature deals combat damage to a player, draw a card.""",GR
Beluna Grandsquall // Seek Thrills,3f5acc0d-33a6-476f-95ca-a1ad788334dd,woe,220,Legendary Creature — Giant Noble // Instant — Adventure,,GRU
"Ben-Ben, Akki Hermit",d7c015a6-4d7d-421b-84fa-30bf070cff83,chk,157,Legendary Creature — Goblin Shaman,{T}: Ben-Ben deals damage to target attacking creature equal to the number of untapped Mountains you control.,R
"Bennie Bracks, Zoologist",90645549-20f1-4fe9-8363-7f67c20fa3b6,mkc,57,Legendary Creature — Elf Druid,"Convoke (Your creatures can help cast this spell. Each creature you tap while casting this spell pays for {1} or one mana of that creature's color.) At the beginning of each end step, if you created a token this turn, draw a card.",W
Beregond of the Guard,6aad41a6-e894-43f8-a4b5-abc206836306,ltc,9,Legendary Creature — Human Soldier,"Whenever Beregond or another Human you control enters, creatures you control get +1/+1 and gain vigilance until end of turn.",W
"Bessie, the Doctor's Roadster",e5bb585d-2b49-44a0-93d0-98dc8e0727c2,who,171,Legendary Artifact — Vehicle,"Haste Whenever Bessie attacks, another target legendary creature can't be blocked this turn. Crew 2 (Tap any number of creatures you control with total power 2 or more: This Vehicle becomes an artifact creature until end of turn.)",
"Bess, Soul Nourisher",d96c33f5-f891-44bc-8ae1-11bc6f6544b6,ncc,67,Legendary Creature — Human Citizen,"Whenever one or more other creatures you control with base power and toughness 1/1 enter, put a +1/+1 counter on Bess. Whenever Bess attacks, each other creature you control with base power and toughness 1/1 gets +X/+X until end of turn, where X is the number of +1/+1 counters on Bess.",GW
"Betor, Ancestor's Voice",2e261489-8dde-4594-8868-69f432f03d03,tdc,1,Legendary Creature — Spirit Dragon,"Flying, lifelink At the beginning of your end step, put a number of +1/+1 counters on up to one other target creature you control equal to the amount of life you gained this turn. Return up to one target creature card with mana value less than or equal to the amount of life you lost this turn from your graveyard to the battlefield.",BGW
"Betor, Kin to All",b475b071-5545-483e-a397-89451f258602,tdm,172,Legendary Creature — Spirit Dragon,"Flying At the beginning of your end step, if creatures you control have total toughness 10 or greater, draw a card. Then if creatures you control have total toughness 20 or greater, untap each creature you control. Then if creatures you control have total toughness 40 or greater, each opponent loses half their life, rounded up.",BGW
"Beza, the Bounding Spring",fc310a26-b6a0-4e42-98ab-bdfd7b06cb63,blb,2,Legendary Creature — Elemental Elk,"When Beza enters, create a Treasure token if an opponent controls more lands than you. You gain 4 life if an opponent has more life than you. Create two 1/1 blue Fish creature tokens if an opponent controls more creatures than you. Draw a card if an opponent has more cards in hand than you.",W
"Bhaal, Lord of Murder",88b11da8-f9af-4ef3-9bc2-c28f0a8a5dd1,clb,268,Legendary Creature — God,"As long as your life total is less than or equal to half your starting life total, Bhaal has indestructible. Whenever another nontoken creature you control dies, put a +1/+1 counter on target creature and goad it.",BGR
"Bilbo, Birthday Celebrant",4cf6c13b-d898-4066-b006-9a7fa896d55a,ltc,48,Legendary Creature — Halfling Rogue,"If you would gain life, you gain that much life plus 1 instead. {2}{W}{B}{G}, {T}, Exile Bilbo: Search your library for any number of creature cards, put them onto the battlefield, then shuffle. Activate only if you have 111 or more life.",BGW
"Bilbo, Retired Burglar",527df93e-cc2b-4216-909a-4ada1abcbfd3,ltr,196,Legendary Creature — Halfling Rogue,"When Bilbo enters or leaves the battlefield, the Ring tempts you. Whenever Bilbo deals combat damage to a player, create a Treasure token.",RU
"Bill Ferny, Bree Swindler",20ac63cb-fa4d-4340-8062-1029c8bd5ec8,ltr,42,Legendary Creature — Human Rogue,"Whenever Bill Ferny becomes blocked, choose one — • Create a Treasure token. (It's an artifact with ""{T}, Sacrifice this token: Add one mana of any color."") • Target opponent gains control of target Horse you control. If they do, remove Bill Ferny from combat and create three Treasure tokens.",U
Bill Potts,74185710-3877-4080-b1d2-014fabbc7186,who,76,Legendary Creature — Human,"Whenever you cast an instant or sorcery spell that targets only Bill Potts or activate an ability that targets only Bill Potts, copy that spell or ability. You may choose new targets for the copy. This ability triggers only once each turn. Doctor's companion (You can have two commanders if the other is the Doctor.)",R
Bill the Pony,9ac68519-ed7f-4f38-9549-c02975f88eed,ltr,3,Legendary Creature — Horse,"When Bill the Pony enters, create two Food tokens. (They're artifacts with ""{2}, {T}, Sacrifice this token: You gain 3 life."") Sacrifice a Food: Until end of turn, target creature you control assigns combat damage equal to its toughness rather than its power.",W
"Birgi, God of Storytelling // Harnfel, Horn of Bounty",44657ab1-0a6a-4a5f-9688-86f239083821,khm,123,Legendary Creature — God // Legendary Artifact,,R
"Bjorna, Nightfall Alchemist",83b0b716-bcb0-4044-b64a-354e3cbbd563,slx,2,Legendary Creature — Human,"{T}, Sacrifice an artifact: Bjorna, Nightfall Alchemist deals 1 damage to target creature. Goad that creature. (Until your next turn, that creature attacks each combat if able and attacks a player other than you if able.) Friends forever (You can have two commanders if both have friends forever.)",RU
"Black Cat, Cunning Thief",0ed36ada-22c8-4e40-86c5-c116a0bee1c2,spm,52,Legendary Creature — Human Rogue Villain,"When Black Cat enters, look at the top nine cards of target opponent's library, exile two of them face down, then put the rest on the bottom of their library in a random order. You may play the exiled cards for as long as they remain exiled. Mana of any type can be spent to cast spells this way.",B
"Black Panther, Wakandan King",3a93a12d-6913-4d9e-8e9c-8067147e37f2,sld,1747,Legendary Creature — Human Noble Hero,"First strike Survey the Realm — Whenever Black Panther or another creature you control enters, put a +1/+1 counter on target land you control. Mine Vibranium — {3}: Move all +1/+1 counters from target land you control onto target creature. If one or more +1/+1 counters are moved this way, you gain that much life and draw a card.",GW
Black Waltz No. 3,fe86e41b-b0f6-4aa1-8827-c095c721f304,fin,214,Legendary Creature — Wizard,"Flying, deathtouch Whenever you cast a noncreature spell, Black Waltz No. 3 deals 2 damage to each opponent.",BR
"Bladewing, Deathless Tyrant",7dcf3b3e-e986-4add-a3c6-4e92a6f72a12,dmc,9,Legendary Creature — Dragon Skeleton,"Flying, haste Whenever Bladewing deals combat damage to a player or planeswalker, for each creature card in your graveyard, create a 2/2 black Zombie Knight creature token with menace.",BR
Bladewing the Risen,27ce43cb-44f4-4d94-8700-d9f3cc043989,ima,193,Legendary Creature — Zombie Dragon,"Flying When Bladewing enters, you may return target Dragon permanent card from your graveyard to the battlefield. {B}{R}: Dragon creatures get +1/+1 until end of turn.",BR
"Blaster, Combat DJ // Blaster, Morale Booster",b2f8d457-ca4d-4b7d-83ed-17c2ba11ec0e,bot,8,Legendary Artifact Creature — Robot // Legendary Artifact,,GR
"Blex, Vexing Pest // Search for Blex",c204b7ca-0904-40fa-b20c-92400fae20b8,stx,148,Legendary Creature — Pest // Sorcery,,BG
"Blim, Comedic Genius",3d8cd7dc-028a-4da2-b2a1-435d40cf48ca,cmr,272,Legendary Creature — Imp,"Flying Whenever Blim deals combat damage to a player, that player gains control of target permanent you control. Then each player loses life and discards cards equal to the number of permanents they control but don't own.",BR
Blind Seer,5c54ec26-c7f1-4258-9cc9-1709987f293c,inv,47,Legendary Creature — Human Wizard,{1}{U}: Target spell or permanent becomes the color of your choice until end of turn.,U
"Blitzwing, Cruel Tormentor // Blitzwing, Adaptive Assailant",d20738d2-a159-4e3e-be7a-561a121bd447,bot,4,Legendary Artifact Creature — Robot // Legendary Artifact — Vehicle,,B
"Blue, Loyal Raptor",0a764ec9-6a30-4df3-91b4-c64fd8e32fa0,rex,8,Legendary Creature — Dinosaur,"Partner with Owen Grady, Raptor Trainer (When this creature enters, target player may put Owen into their hand from their library, then shuffle.) For each kind of counter on Blue, Loyal Raptor, each other Dinosaur you control enters with a counter of that kind on it.",GU
"Bohn, Beguiling Balladeer",6e779a16-7528-49f4-8304-502bb603c15b,slx,30,Legendary Creature — Human Bard,"Each nonland card in your hand without foretell has foretell. Its foretell cost is equal to its mana cost reduced by {2}. (During your turn, you may pay {2} and exile it from your hand face down. Cast it on a later turn for its foretell cost.) Whenever you cast your second spell each turn, goad target creature an opponent controls.",RU
"Bonny Pall, Clearcutter",4383ae7c-58ea-4354-93e4-677ad185c3bb,otj,196,Legendary Creature — Giant Scout,"Reach When Bonny Pall enters, create Beau, a legendary blue Ox creature token with ""Beau's power and toughness are each equal to the number of lands you control."" Whenever you attack, draw a card, then you may put a land card from your hand or graveyard onto the battlefield.",GU
Bontu the Glorified,4bc07386-909f-4946-9120-3acb58622e2f,akh,82,Legendary Creature — God,"Menace, indestructible Bontu can't attack or block unless a creature died under your control this turn. {1}{B}, Sacrifice another creature: Scry 1. Each opponent loses 1 life and you gain 1 life.",B
Borborygmos,7c4a08e9-06c7-43e9-a855-4f507a35ae8b,gpt,103,Legendary Creature — Cyclops,"Trample Whenever Borborygmos deals combat damage to a player, put a +1/+1 counter on each creature you control.",GR
Borborygmos and Fblthp,34bbf1c1-2868-4c9e-b5c4-1aae86faed6c,mom,219,Legendary Creature — Cyclops Homunculus,"Whenever Borborygmos and Fblthp enters or attacks, draw a card, then you may discard any number of land cards. When you discard one or more cards this way, Borborygmos and Fblthp deals twice that much damage to target creature. {1}{U}: Put Borborygmos and Fblthp into its owner's library third from the top.",GRU
Borborygmos Enraged,02df18c5-07b9-4e85-9c4b-58b63fa59437,rvr,167,Legendary Creature — Cyclops,"Trample Whenever Borborygmos Enraged deals combat damage to a player, reveal the top three cards of your library. Put all land cards revealed this way into your hand and the rest into your graveyard. Discard a land card: Borborygmos Enraged deals 3 damage to any target.",GR
Boris Devilboon,b61e5753-d11d-4ef5-ae0e-510c4d5809a9,me3,146,Legendary Creature — Zombie Wizard,"{2}{B}{R}, {T}: Create a 1/1 black and red Demon creature token named Minor Demon.",BR
"Boromir, Gondor's Hope",3c9b154f-808f-4338-ad95-a0a478460ad8,ltc,49,Legendary Creature — Human Warrior,"Whenever Boromir enters or attacks, look at the top six cards of your library. You may reveal a Human or artifact card from among them and put it into your hand. Put the rest on the bottom of your library in a random order.",UW
"Boromir, Warden of the Tower",f6bc3720-2892-4dda-8f30-079a1ac8e1e2,ltr,4,Legendary Creature — Human Soldier,"Vigilance Whenever an opponent casts a spell, if no mana was spent to cast it, counter that spell. Sacrifice Boromir: Creatures you control gain indestructible until end of turn. The Ring tempts you.",W
Bortuk Bonerattle,9a25855f-abfc-482d-a36b-088b023a7df6,dmu,197,Legendary Creature — Troll Shaman,"Domain — When Bortuk Bonerattle enters, if you cast it, choose target creature card in your graveyard. Return that card to the battlefield if its mana value is less than or equal to the number of basic land types among lands you control. Otherwise, put it into your hand.",BG
"Bosh, Iron Golem",09fb3b1f-c3a0-4da4-9b29-eff81fc1d562,c21,237,Legendary Artifact Creature — Golem,"Trample {3}{R}, Sacrifice an artifact: Bosh deals damage equal to the sacrificed artifact's mana value to any target.",R
Bounteous Kirin,1d7fe65e-81b1-4e69-913a-25fc99d96d81,sok,123,Legendary Creature — Kirin Spirit,"Flying Whenever you cast a Spirit or Arcane spell, you may gain life equal to that spell's mana value.",G
"Brago, King Eternal",0ac3fb08-741a-49e5-9fae-b26819677d24,khc,82,Legendary Creature — Spirit Noble,"Flying Whenever Brago deals combat damage to a player, exile any number of target nonland permanents you control, then return those cards to the battlefield under their owner's control.",UW
"Braids, Arisen Nightmare",f96223d0-04c4-40c2-87a9-0c6bc74adddb,eoc,82,Legendary Creature — Nightmare,"At the beginning of your end step, you may sacrifice an artifact, creature, enchantment, land, or planeswalker. If you do, each opponent may sacrifice a permanent of their choice that shares a card type with it. For each opponent who doesn't, that player loses 2 life and you draw a card.",B
"Braids, Cabal Minion",27691efa-052d-4afe-b9ef-159858ca660f,mh2,273,Legendary Creature — Human Minion,"At the beginning of each player's upkeep, that player sacrifices an artifact, creature, or land of their choice.",B
"Braids, Conjurer Adept",9ea0a701-1349-4d32-9fe7-8a2563c9613d,cmm,76,Legendary Creature — Human Wizard,"At the beginning of each player's upkeep, that player may put an artifact, creature, or land card from their hand onto the battlefield.",U
"Brallin, Skyshark Rider",9b4fdcd5-5346-46a8-b1a4-84ddb74089e0,c20,4,Legendary Creature — Human Shaman,"Partner with Shabraz, the Skyshark (When this creature enters, target player may put Shabraz into their hand from their library, then shuffle.) Whenever you discard a card, put a +1/+1 counter on Brallin and it deals 1 damage to each opponent. {R}: Target Shark gains trample until end of turn.",R
Braulios of Pheres Band,01789cb2-a93d-4197-a40a-612423635125,j25,51,Legendary Creature — Centaur Scout,"Braulios's power and toughness are each equal to the number of lands you control. Whenever Braulios attacks, draw a card, then you may put a land card from your hand onto the battlefield.",G
"Breeches, Brazen Plunderer",fb6dc94e-9b57-4161-a835-15e46c3bb13a,lcc,217,Legendary Creature — Goblin Pirate,"Menace Whenever one or more Pirates you control deal damage to your opponents, exile the top card of each of those opponents' libraries. You may play those cards this turn, and you may spend mana as though it were mana of any color to cast those spells. Partner (You can have two commanders if both have partner.)",R
"Breeches, Eager Pillager",aadf5028-8dfe-40d3-89b4-22bd7ed0aae6,lci,137,Legendary Creature — Goblin Pirate,"First strike Whenever a Pirate you control attacks, choose one that hasn't been chosen this turn — • Create a Treasure token. • Target creature can't block this turn. • Exile the top card of your library. You may play it this turn.",R
"Breeches, the Blastmaker",cf3bda9e-42af-4f99-a504-c96c25c2794b,otj,197,Legendary Creature — Goblin Pirate,"Menace Whenever you cast your second spell each turn, you may sacrifice an artifact. If you do, flip a coin. When you win the flip, copy that spell. You may choose new targets for the copy. When you lose the flip, Breeches deals damage equal to that spell's mana value to any target.",RU
"Breena, the Demagogue",d0adb0c2-d45f-4c51-a4df-05f75c83e46a,otc,217,Legendary Creature — Bird Warlock,"Flying Whenever a player attacks one of your opponents, if that opponent has more life than another of your opponents, that attacking player draws a card and you put two +1/+1 counters on a creature you control.",BW
"Brenard, Ginger Sculptor",ca6bf2e0-7dc3-4166-98a2-aa7edbf132a8,plst,WOC-27,Legendary Creature — Human Artificer,"Each creature you control that's a Food or a Golem gets +2/+2 and has trample. Whenever another nontoken creature you control dies, you may exile it. If you do, create a token that's a copy of that creature, except it's a 1/1 Food Golem artifact creature in addition to its other types and it has ""{2}, {T}, Sacrifice this token: You gain 3 life.""",GUW
"Breya, Etherium Shaper",8bf3929c-957f-4ea2-a27d-7d53979844af,mh3,289,Legendary Artifact Creature — Human,"When Breya enters, create two 1/1 blue Thopter artifact creature tokens with flying. {2}, Sacrifice two artifacts: Choose one — • Breya deals 3 damage to target player or planeswalker. • Target creature gets -4/-4 until end of turn. • You gain 5 life.",BRUW
"Bria, Riptide Rogue",390c96b3-68da-4a42-89ab-d9ccc79ce0dd,blb,379,Legendary Creature — Otter Rogue,"Prowess (Whenever you cast a noncreature spell, this creature gets +1/+1 until end of turn.) Other creatures you control have prowess. (If a creature has multiple instances of prowess, each triggers separately.) Whenever you cast a noncreature spell, target creature you control can't be blocked this turn.",RU
"Bright-Palm, Soul Awakener",a485c2c3-c90b-43b4-bb00-c1b811b4b392,moc,1,Legendary Creature — Fox Shaman,"Backup 1 (When this creature enters, put a +1/+1 counter on target creature. If that's another creature, it gains the following ability until end of turn.) Whenever this creature attacks, double the number of +1/+1 counters on target creature. That creature can't be blocked by creatures with power 2 or less this turn.",GRW
"Brigid, Hero of Kinsbaile",da70a20f-213e-4d79-a46f-1ef1fc3f4a51,lrw,6,Legendary Creature — Kithkin Archer,First strike {T}: Brigid deals 2 damage to each attacking or blocking creature target player controls.,W
"Brigone, Soldier of Meletis",20ecadef-8aa3-4bca-8744-adbc809083c3,j25,30,Legendary Creature — Human Soldier,"Vigilance Heroic — Whenever you cast a spell that targets Brigone, put a +1/+1 counter on Brigone. {T}, Remove a +1/+1 counter from Brigone: Draw a card.",W
"Brimaz, Blight of Oreskos",f0d31ae7-8580-402a-a917-3d626a9e1f49,moc,2,Legendary Creature — Phyrexian Cat,"Whenever you cast a Phyrexian creature or artifact creature spell, incubate X, where X is that spell's mana value. (Create an Incubator token with X +1/+1 counters on it and ""{2}: Transform this token."" It transforms into a 0/0 Phyrexian artifact creature.) At the beginning of each end step, if a Phyrexian died under your control this turn, proliferate.",BW
"Brimaz, King of Oreskos",f54eb705-6326-4bac-bf0e-68d42db7a270,bng,5,Legendary Creature — Cat Soldier,"Vigilance Whenever Brimaz attacks, create a 1/1 white Cat Soldier creature token with vigilance that's attacking. Whenever Brimaz blocks a creature, create a 1/1 white Cat Soldier creature token with vigilance that's blocking that creature.",W
"""Brims"" Barone, Midway Mobster",68832214-2943-4253-8884-ffa490e84087,unf,163,Legendary Creature — Human Rogue,"When ""Brims"" Barone, Midway Mobster enters, put a +1/+1 counter on each other creature you control that has a hat. ""Brims"" Barone, Midway Mobster has menace as long as you're wearing a hat.",BW
"Brinelin, the Moon Kraken",c606f8ea-815b-4308-8f1d-3dad4f45f70e,cmm,78,Legendary Creature — Kraken,"When Brinelin enters and whenever you cast a spell with mana value 6 or greater, you may return target nonland permanent to its owner's hand. Partner (You can have two commanders if both have partner.)",U
Brion Stoutarm,b097c70a-d1d6-4972-b94d-d7d8a6f443e2,a25,200,Legendary Creature — Giant Warrior,"Lifelink {R}, {T}, Sacrifice another creature: Brion Stoutarm deals damage equal to the sacrificed creature's power to target player or planeswalker.",RW
"Bristly Bill, Spine Sower",52eef0d6-24b7-40b7-8403-e8e863d0cd55,otj,157,Legendary Creature — Plant Druid,"Landfall — Whenever a land you control enters, put a +1/+1 counter on target creature. {3}{G}{G}: Double the number of +1/+1 counters on each creature you control.",G
"Brokkos, Apex of Forever",c9f07625-fbd8-4581-8568-eb3cfb2a4c1e,iko,179,Legendary Creature — Nightmare Beast Elemental,"Mutate {2}{U/B}{G}{G} (If you cast this spell for its mutate cost, put it over or under target non-Human creature you own. They mutate into the creature on top plus all abilities from under it.) Trample You may cast this card from your graveyard using its mutate ability.",BGU
Brothers Yamazaki,acef8c94-469b-4a76-b507-25b51f2501ab,chk,160a,Legendary Creature — Human Samurai,"Bushido 1 (Whenever this creature blocks or becomes blocked, it gets +1/+1 until end of turn.) If there are exactly two permanents named Brothers Yamazaki on the battlefield, the ""legend rule"" doesn't apply to them. Each other creature named Brothers Yamazaki gets +2/+2 and has haste.",R
"Brudiclad, Telchor Engineer",25eff27a-eb58-4a95-b2df-4a341cf9bef6,2xm,193,Legendary Artifact Creature — Phyrexian Artificer,"Creature tokens you control have haste. At the beginning of combat on your turn, create a 2/1 blue Phyrexian Myr artifact creature token. Then you may choose a token you control. If you do, each other token you control becomes a copy of that token.",RU
Bruenor Battlehammer,53e1eb00-412e-4c25-bc7b-6d074330fd97,afr,219,Legendary Creature — Dwarf Warrior,Each creature you control gets +2/+0 for each Equipment attached to it. You may pay {0} rather than pay the equip cost of the first equip ability you activate each turn.,RW
"Bruna, Light of Alabaster",58c56bad-68ed-4328-a7ea-c528b58dc2fd,c18,170,Legendary Creature — Angel,"Flying, vigilance Whenever Bruna attacks or blocks, you may attach to it any number of Auras on the battlefield and you may put onto the battlefield attached to it any number of Aura cards that could enchant it from your graveyard and/or hand.",UW
"Bruna, the Fading Light",6fccdb60-5fce-4a6e-a709-b986f9a4b653,inr,14,Legendary Creature — Angel Horror,"When you cast this spell, you may return target Angel or Human creature card from your graveyard to the battlefield. Flying, vigilance (Melds with Gisela, the Broken Blade.)",W
"Bruse Tarl, Boorish Herder",125b552b-45ea-4e0b-94a9-8131c97a04c0,c16,30,Legendary Creature — Human Ally,"Whenever Bruse Tarl enters or attacks, target creature you control gains double strike and lifelink until end of turn. Partner (You can have two commanders if both have partner.)",RW
"Bruse Tarl, Roving Rancher",286c55c2-dcc1-4e87-a83f-9981d28ab62d,otj,198,Legendary Creature — Human Warrior,"Oxen you control have double strike. Whenever Bruse Tarl enters or attacks, exile the top card of your library. If it's a land card, create a 2/2 white Ox creature token. Otherwise, you may cast it until the end of your next turn.",RW
Bruvac the Grandiloquent,2ce2d73f-3f64-44db-a2bc-a8f4a37dc487,rvr,35,Legendary Creature — Human Advisor,"If an opponent would mill one or more cards, they mill twice that many cards instead. (To mill a card, a player puts the top card of their library into their graveyard.)",U
"Bugenhagen, Wise Elder",99155fae-507a-4eab-918a-bdee021e2262,fic,66,Legendary Creature — Human Shaman,"Reach At the beginning of your upkeep, if you control a creature with power 7 or greater, draw a card. {T}: Add one mana of any color.",G
"Bumi, Eclectic Earthbender",f324a384-7380-4f6e-bbba-fac1f2a01b5d,tle,248,Legendary Creature — Human Noble Ally,"When Bumi enters, earthbend 1. (Target land you control becomes a 0/0 creature with haste that's still a land. Put a +1/+1 counter on it. When it dies or is exiled, return it to the battlefield tapped.) Whenever Bumi attacks, put two +1/+1 counters on each land creature you control.",G
"Burakos, Party Leader",899e278d-5d4e-461a-9878-2b85de16b38d,clb,653,Legendary Creature — Orc,"Burakos is also a Cleric, Rogue, Warrior, and Wizard. Whenever Burakos attacks, defending player loses X life and you create X Treasure tokens, where X is the number of creatures in your party. Choose a Background (You can have a Background as a second commander.)",B
"Butch DeLoria, Tunnel Snake",d6ed508c-ff2c-444c-8149-34b29e2fbebe,pip,43,Legendary Creature — Human Rogue,"Menace (This creature can't be blocked except by two or more creatures.) Tunnel Snakes Rule! — Whenever Butch DeLoria attacks, it gets +1/+1 until end of turn for each other Rogue and/or Snake you control. {1}{B}: Put a menace counter on another target creature. It becomes a Rogue in addition to its other types.",B
"Butterbur, Bree Innkeeper",f3fd9ff1-278b-4e6a-b30b-90250d8b5762,ltr,197,Legendary Creature — Human Peasant,"At the beginning of your end step, if you don't control a Food, create a Food token. (It's an artifact with ""{2}, {T}, Sacrifice this token: You gain 3 life."")",GW
"Buxton, Decorated Host",016a7142-d4e9-4c3a-bfe3-f285ef30f6ff,yblb,21,Legendary Creature — Rabbit Noble,"Convoke At the beginning of your end step, if you control a tapped creature, seek a nonland permanent card with mana value X or less, where X is the number of tapped creatures you control. Put that card onto the battlefield.",GW
"Byrke, Long Ear of the Law",6441abd3-320b-424a-9753-61e3581fe1a9,blb,380,Legendary Creature — Rabbit Soldier,"Vigilance When Byrke enters, put a +1/+1 counter on each of up to two target creatures. Whenever a creature you control with a +1/+1 counter on it attacks, double the number of +1/+1 counters on it.",GW
Cabal Patriarch,9e9a1276-5ad5-44ee-83e5-2d1ab728946e,cmm,140,Legendary Creature — Human Wizard,"{2}{B}, Sacrifice a creature: Target creature gets -2/-2 until end of turn. {2}{B}, Exile a creature card from your graveyard: Target creature gets -2/-2 until end of turn.",B
"Cadira, Caller of the Small",75994e0b-b0c7-4b0d-8f48-4be303429bd6,clb,269,Legendary Creature — Orc Ranger,"Trample Whenever Cadira deals combat damage to a player, for each token you control, create a 1/1 white Rabbit creature token.",GW
"Cadric, Soul Kindler",f82f8cab-5039-4e3a-a2ba-cbf829db80ed,dmc,10,Legendary Creature — Dwarf Wizard,"The ""legend rule"" doesn't apply to tokens you control. Whenever another nontoken legendary permanent you control enters, you may pay {1}. If you do, create a token that's a copy of it. That token gains haste. Sacrifice it at the beginning of the next end step.",RW
"Caelorna, Coral Tyrant",e8654e38-4230-4094-b815-778bfb5d06f2,dft,40,Legendary Creature — Octopus,,U
"Caesar, Legion's Emperor",246a7176-98bc-4f54-aa61-38747420f178,pip,1,Legendary Creature — Human Soldier,"Whenever you attack, you may sacrifice another creature. When you do, choose two — • Create two 1/1 red and white Soldier creature tokens with haste that are tapped and attacking. • You draw a card and you lose 1 life. • Caesar deals damage equal to the number of creature tokens you control to target opponent.",BRW
"Cait, Cage Brawler",fca61d02-2819-483f-9d30-862f0650ab0a,pip,96,Legendary Creature — Human Warrior,"During your turn, Cait has indestructible. Whenever Cait attacks, you and defending player each draw a card, then discard a card. Put two +1/+1 counters on Cait if you discarded the card with the greatest mana value among those cards or tied for greatest.",GR
"Cait Sith, Fortune Teller",3e0f6c53-6bbf-4d4c-bbbf-4dab22297527,fic,54,Legendary Artifact Creature — Cat Moogle,"Lucky Slots — At the beginning of combat on your turn, scry 1, then exile the top card of your library. You may play that card this turn. When you exile a card this way, target creature you control gets +X/+0 until end of turn, where X is that card's mana value.",R
"Calamity, Galloping Inferno",e7a70f5a-2056-4c26-b6ea-9f751b5d0d8c,otj,116,Legendary Creature — Horse Mount,"Haste Whenever Calamity attacks while saddled, choose a nonlegendary creature that saddled it this turn and create a tapped and attacking token that's a copy of it. Sacrifice that token at the beginning of the next end step. Repeat this process once. Saddle 1",R
"Calim, Djinn Emperor",669ffaf7-8b6d-46b4-a790-1715918e6e29,hbg,33,Legendary Creature — Djinn Noble,"Flying, ward {2} Calim's Breath — {1}{U}, Discard Calim: Tap up to one target nonland permanent. Draw a card. Then you may exile two other cards named Calim, Djinn Emperor from your graveyard. When you do, return Calim from your graveyard to the battlefield tapped. When you discard Calim, conjure a card named Calim, Djinn Emperor into your library seventh from the top.",U
"Calix, Guided by Fate",0a707ab3-b9b5-422a-8b0f-e963d3ad6606,mat,26,Legendary Enchantment Creature — Human Druid,"Constellation — Whenever Calix or another enchantment you control enters, put a +1/+1 counter on target creature. Whenever Calix or an enchanted creature you control deals combat damage to a player, you may create a token that's a copy of a nonlegendary enchantment you control. Do this only once each turn.",GW
"Callaphe, Beloved of the Sea",c5d433f2-0a3b-4f45-83a3-ed600a6d10b1,thb,45,Legendary Enchantment Creature — Demigod,"Callaphe's power is equal to your devotion to blue. (Each {U} in the mana costs of permanents you control counts toward your devotion to blue.) Creatures and enchantments you control have ""Spells your opponents cast that target this permanent cost {1} more to cast.""",U
"Camellia, the Seedmiser",2c16eaec-924c-42f6-9fea-07edd7ed93b9,blb,207,Legendary Creature — Squirrel Warlock,"Menace Other Squirrels you control have menace. Whenever you sacrifice one or more Foods, create a 1/1 green Squirrel creature token. {2}, Forage: Put a +1/+1 counter on each other Squirrel you control. (To forage, exile three cards from your graveyard or sacrifice a Food.)",BG
"Candela, Aegis of Adagia",ada990f9-c8df-4fa3-be3a-14ee9937f3ed,yeoe,1,Legendary Artifact — Spacecraft,"Flash When Candela enters, return up to one target creature you control to its owner's hand. It perpetually gets +1/+1. Station STATION 8+ Flying Whenever Candela deals combat damage to a player, you may put a creature card with mana value 3 or less from your hand onto the battlefield.",W
Candlekeep Sage,6f706ac3-0ad8-44ac-a99e-21c04075951d,clb,60,Legendary Enchantment — Background,"Commander creatures you own have ""When this creature enters or leaves the battlefield, draw a card.""",U
"Cao Cao, Lord of Wei",d7e5a530-c954-4696-85ce-6afaf7de1808,ptk,68,Legendary Creature — Human Soldier,"{T}: Target opponent discards two cards. Activate only during your turn, before attackers are declared.",B
"Cao Ren, Wei Commander",4f7e8366-82ba-4df0-b9df-7d0aa9b972eb,ptk,69,Legendary Creature — Human Soldier Warrior,"Horsemanship (This creature can't be blocked except by creatures with horsemanship.) When Cao Ren enters, you lose 3 life.",B
Caparocti Sunborn,8ea82964-fd9c-48e3-962f-94954476b31f,lci,226,Legendary Creature — Human Soldier,"Whenever Caparocti Sunborn attacks, you may tap two untapped artifacts and/or creatures you control. If you do, discover 3. (Exile cards from the top of your library until you exile a nonland card with mana value 3 or less. Cast it without paying its mana cost or put it into your hand. Put the rest on the bottom in a random order.)",RW
"Captain America, First Avenger",bba7e9c8-c24c-4bd3-b398-fe42b1fcfb5d,sld,1726,Legendary Creature — Human Soldier Hero,"Throw ... — {3}, Unattach an Equipment from Captain America: He deals damage equal to that Equipment's mana value divided as you choose among one, two, or three targets. ... Catch — At the beginning of combat on your turn, attach up to one target Equipment you control to Captain America.",RUW
Captain Eberhart,46c02d45-a882-4b24-999b-9214fa48f4c6,ymid,3,Legendary Creature — Human Soldier,Double strike Spells cast from among cards you drew this turn cost {1} less to cast. Spells cast from among cards your opponents drew this turn cost {1} more to cast.,W
"Captain Howler, Sea Scourge",0957c90f-e10d-40f8-a4be-9e9ef623dd43,dft,194,Legendary Creature — Shark Pirate,"Ward—{2}, Pay 2 life. Whenever you discard one or more cards, target creature gets +2/+0 until end of turn for each card discarded this way. Whenever that creature deals combat damage to a player this turn, you draw a card.",RU
Captain Lannery Storm,60a457e2-6cc7-47f0-9a24-df5459395358,otc,158,Legendary Creature — Human Pirate,"Haste Whenever Captain Lannery Storm attacks, create a Treasure token. (It's an artifact with ""{T}, Sacrifice this token: Add one mana of any color."") Whenever you sacrifice a Treasure, Captain Lannery Storm gets +1/+0 until end of turn.",R
Captain N'ghathrod,55c02dc8-0743-400c-b334-ca029caf0463,clb,646,Legendary Creature — Horror Pirate,"Horrors you control have menace. Whenever a Horror you control deals combat damage to a player, that player mills that many cards. At the beginning of your end step, choose target artifact or creature card in an opponent's graveyard that was put there from their library this turn. Put it onto the battlefield under your control.",BU
Captain Rex Nebula,85e8bdd9-24a3-42f0-8b0c-dbc05be8fc20,unf,164,Legendary Creature — Human Pilot Employee,"At the beginning of combat on your turn, choose target nonland permanent you control. Until end of turn, it becomes a Vehicle artifact with base power and toughness each equal to its mana value, and it gains crew 2 and ""Crash Land — Whenever this Vehicle deals damage, roll a six-sided die. If the result is equal to this Vehicle's mana value, sacrifice this Vehicle, then it deals that much damage to any target.""",RW
Captain Ripley Vance,d640bc10-51ce-48e9-bceb-c3e69d7eae31,cmm,209,Legendary Creature — Human Pirate,"Whenever you cast your third spell each turn, put a +1/+1 counter on Captain Ripley Vance, then it deals damage equal to its power to any target.",R
Captain Sisay,d24d441c-f37f-44fe-8a93-f5c89df807e4,inv,237,Legendary Creature — Human Soldier,"{T}: Search your library for a legendary card, reveal that card, put it into your hand, then shuffle.",GW
"Captain Storm, Cosmium Raider",14c65f5a-10bd-4f9b-b816-46c2240b11ff,lci,227,Legendary Creature — Human Pirate,"Whenever an artifact you control enters, put a +1/+1 counter on target Pirate you control.",RU
Captain Vargus Wrath,0beafec9-24db-4903-97c1-c5fe740ada83,cmr,273,Legendary Creature — Orc Pirate,"Whenever Captain Vargus Wrath attacks, Pirates you control get +1/+1 until end of turn for each time you've cast a commander from the command zone this game.",RU
"Caradora, Heart of Alacria",1256d22d-a2a9-41fb-b669-0661ba230bc7,dft,195,Legendary Creature — Human Knight,"When Caradora enters, you may search your library for a Mount or Vehicle card, reveal it, put it into your hand, then shuffle. If one or more +1/+1 counters would be put on a creature or Vehicle you control, that many plus one +1/+1 counters are put on it instead.",GW
"Carmen, Cruel Skymarcher",c0e07f8a-5290-47c4-a93d-0c3a14afebd3,lcc,5,Legendary Creature — Vampire Soldier,"Flying Whenever a player sacrifices a permanent, put a +1/+1 counter on Carmen and you gain 1 life. Whenever Carmen attacks, return up to one target permanent card with mana value less than or equal to Carmen's power from your graveyard to the battlefield.",BW
"Carnage, Crimson Chaos",930befba-6068-493e-baa2-e9371cd99e93,spm,125,Legendary Creature — Symbiote Villain,"Trample When Carnage enters, return target creature card with mana value 3 or less from your graveyard to the battlefield. It gains ""This creature attacks each combat if able"" and ""When this creature deals combat damage to a player, sacrifice it."" Mayhem {B}{R}",BR
Carth the Lion,e09e9b65-ff0e-4efe-b96a-ede69c96e2ea,mh2,189,Legendary Creature — Human Warrior,"Whenever Carth enters or a planeswalker you control dies, look at the top seven cards of your library. You may reveal a planeswalker card from among them and put it into your hand. Put the rest on the bottom of your library in a random order. Planeswalkers' loyalty abilities you activate cost an additional [+1] to activate.",BG
"Casal, Lurkwood Pathfinder // Casal, Pathbreaker Owlbear",d571c367-c786-41f9-9cdb-cb02594fa413,slx,29,Legendary Creature — Tiefling Druid // Legendary Creature — Bird Bear,,G
"Cass, Hand of Vengeance",5b6d7fa6-4de6-4bc8-b250-2ed6eb559618,pip,97,Legendary Creature — Human Ranger,"Vigilance Whenever Cass or another creature you control dies, if it was enchanted or equipped, return any number of Aura cards that were attached to it from your graveyard to the battlefield attached to target creature, then attach any number of Equipment that were attached to it to that creature.",RW
Catti-brie of Mithral Hall,d3626ede-6c69-4fd5-8de1-cf85f50cd435,afc,44,Legendary Creature — Human Archer,"First strike, reach Whenever Catti-brie attacks, put a +1/+1 counter on it for each Equipment attached to it. {1}, Remove all +1/+1 counters from Catti-brie: It deals X damage to target attacking or blocking creature an opponent controls, where X is the number of counters removed this way.",GW
"Cayth, Famed Mechanist",5f8e6e5d-63d8-48c3-93a0-e7de1d75f5ca,m3c,6,Legendary Creature — Dwarf Artificer,"Fabricate 1 (When this creature enters, put a +1/+1 counter on it or create a 1/1 colorless Servo artifact creature token.) Other nontoken creatures you control have fabricate 1. {2}, {T}: Choose one — • Populate. • Proliferate.",RUW
"Cazur, Ruthless Stalker",6ee4fda8-07cd-4091-8850-a6925080b464,otc,188,Legendary Creature — Human Warrior,"Partner with Ukkima, Stalking Shadow (When this creature enters, target player may put Ukkima into their hand from their library, then shuffle.) Whenever a creature you control deals combat damage to a player, put a +1/+1 counter on that creature.",G
"Cecil, Dark Knight // Cecil, Redeemed Paladin",026e7167-d665-43d0-a51e-8df2d68cdb5e,fin,91,Legendary Creature — Human Knight // Legendary Creature — Human Knight,,BW
"Cecily, Haunted Mage",a09ffd51-8ea4-40a6-b64e-58f3acfee533,slx,3,Legendary Creature — Human Wizard,"Your maximum hand size is eleven. Whenever Cecily, Haunted Mage attacks, you draw a card and you lose 1 life. Then if you have eleven or more cards in your hand, you may cast an instant or sorcery spell from your hand without paying its mana cost. Friends forever (You can have two commanders if both have friends forever.)",BRU
Celeborn the Wise,2daf449a-5f3e-44fd-968e-55d8517ae797,ltr,156,Legendary Creature — Elf Noble,"Whenever you attack with one or more Elves, scry 1. Whenever you scry, Celeborn gets +1/+1 until end of turn for each card looked at while scrying this way.",G
"Celes, Rune Knight",30584c53-533b-4dc7-b07c-8600164a99b3,fic,1,Legendary Creature — Human Wizard Knight,"When Celes enters, discard any number of cards, then draw that many cards plus one. Whenever one or more other creatures you control enter, if one or more of them entered from a graveyard or was cast from a graveyard, put a +1/+1 counter on each creature you control.",BRW
Celestial Kirin,003e99a0-2caa-407b-be40-92ec17836eb3,sok,3,Legendary Creature — Kirin Spirit,"Flying Whenever you cast a Spirit or Arcane spell, destroy all permanents with that spell's mana value.",W
"Celestine, the Living Saint",a099cbd2-e92a-433a-bc51-0aa2f8fc6857,40k,10,Legendary Creature — Human Warrior,"Flying, lifelink Healing Tears — At the beginning of your end step, return target creature card with mana value X or less from your graveyard to the battlefield, where X is the amount of life you gained this turn.",W
"Cerise, Slayer of Fear",6bae30ba-1402-4a42-8dee-a899150fcc6e,ywoe,1,Legendary Creature — Human Cleric Knight,"First strike, lifelink At the beginning of your second main phase, if you gained life this turn, seek a card with the highest mana value among cards in your library with mana value less than or equal to the amount of life you gained this turn.",W
"Chainer, Dementia Master",186c30e6-2b84-415d-83e4-ecddaeb11ca1,cmm,144,Legendary Creature — Human Minion,"All Nightmares get +1/+1. {B}{B}{B}, Pay 3 life: Put target creature card from a graveyard onto the battlefield under your control. That creature is black and is a Nightmare in addition to its other creature types. When Chainer leaves the battlefield, exile all Nightmares.",B
"Chainer, Nightmare Adept",d8089e7f-7619-43fe-8e0b-31ce5d988a1b,mh2,289,Legendary Creature — Human Minion,"Discard a card: You may cast a creature spell from your graveyard this turn. Activate only once each turn. Whenever a nontoken creature you control enters, if you didn't cast it from your hand, it gains haste until your next turn.",BR
"Chameleon, Master of Disguise",43892ce7-f63a-4294-922b-8f879f684033,spm,27,Legendary Creature — Human Shapeshifter Villain,"You may have Chameleon enter as a copy of a creature you control, except his name is Chameleon, Master of Disguise. Mayhem {2}{U} (You may cast this card from your graveyard for {2}{U} if you discarded it this turn. Timing rules still apply.)",U
Chandler,4dd3a8e3-9a90-44f4-996c-57242d3c47a5,hml,69,Legendary Creature — Human Rogue,"{R}{R}{R}, {T}: Destroy target artifact creature.",R
"Chandra, Fire of Kaladesh // Chandra, Roaring Flame",b0d6caf0-4fa8-4ec5-b7f4-1307474d1b13,ori,135,Legendary Creature — Human Shaman // Legendary Planeswalker — Chandra,,R
"Charix, the Raging Isle",e83a6804-1e3c-428c-af5e-1d56ba11c108,znr,49,Legendary Creature — Leviathan Crab,"Spells your opponents cast that target Charix cost {2} more to cast. {3}: Charix gets +X/-X until end of turn, where X is the number of Islands you control.",U
"Chatterfang, Squirrel General",1785cf85-1ac0-4246-9b89-1a8221a8e1b2,mh2,151,Legendary Creature — Squirrel Warrior,"Forestwalk (This creature can't be blocked as long as defending player controls a Forest.) If one or more tokens would be created under your control, those tokens plus that many 1/1 green Squirrel creature tokens are created instead. {B}, Sacrifice X Squirrels: Target creature gets +X/-X until end of turn.",BG
"Chevill, Bane of Monsters",fecbf0a3-ebe1-43b6-a720-462ba19002eb,iko,181,Legendary Creature — Human Rogue,"Deathtouch At the beginning of your upkeep, if your opponents control no permanents with bounty counters on them, put a bounty counter on target creature or planeswalker an opponent controls. Whenever a permanent an opponent controls with a bounty counter on it dies, you gain 3 life and draw a card.",BG
Child of Alara,b2373625-af3c-4c2a-a1d1-5288c446955d,2x2,192,Legendary Creature — Avatar,"Trample When Child of Alara dies, destroy all nonland permanents. They can't be regenerated.",BGRUW
"Chisei, Heart of Oceans",6c359b1a-d441-4763-96c7-e5c010eae53f,bok,32,Legendary Creature — Spirit,"Flying At the beginning of your upkeep, sacrifice Chisei unless you remove a counter from a permanent you control.",U
"Chishiro, the Shattered Blade",bffa36ac-137d-481c-b1b7-76a88ef15d54,nec,1,Legendary Creature — Snake Samurai,"Whenever an Aura or Equipment you control enters, create a 2/2 red Spirit creature token with menace. At the beginning of your end step, put a +1/+1 counter on each modified creature you control. (Equipment, Auras you control, and counters are modifications.)",GR
"Chiss-Goria, Forge Tyrant",923eb713-c955-4e12-8a8f-df3b4b361487,onc,25,Legendary Creature — Dragon,"Affinity for artifacts (This spell costs {1} less to cast for each artifact you control.) Flying, haste Whenever Chiss-Goria attacks, exile the top five cards of your library. You may cast an artifact spell from among them this turn. If you do, it has affinity for artifacts.",R
"Choco, Seeker of Paradise",409c305a-52dc-4538-8e72-efcd568eaf49,fin,215,Legendary Creature — Bird,"Whenever one or more Birds you control attack, look at that many cards from the top of your library. You may put one of them into your hand. Then put any number of land cards from among them onto the battlefield tapped and the rest into your graveyard. Landfall — Whenever a land you control enters, Choco gets +1/+0 until end of turn.",GUW
"Cho-Manno, Revolutionary",fe04dfe7-6376-4c12-9404-0e1ae0942917,10e,12,Legendary Creature — Human Rebel,Prevent all damage that would be dealt to Cho-Manno.,W
Chorus of the Conclave,f6cde2c4-f53d-4b44-b83b-37b12e00c835,cmd,189,Legendary Creature — Dryad,"Forestwalk (This creature can't be blocked as long as defending player controls a Forest.) As an additional cost to cast creature spells, you may pay any amount of mana. If you do, that creature enters with that many additional +1/+1 counters on it.",GW
Chromium,15ec5a20-4e8f-40b2-9abf-c0bf1cf816c3,me3,147,Legendary Creature — Elder Dragon,"Flying Rampage 2 (Whenever this creature becomes blocked, it gets +2/+2 until end of turn for each creature blocking it beyond the first.) At the beginning of your upkeep, sacrifice Chromium unless you pay {W}{U}{B}.",BUW
"Chromium, the Mutable",50c1de2c-1acc-47c8-9b5e-a9dae3da8a49,m19,214,Legendary Creature — Elder Dragon,"Flash This spell can't be countered. Flying Discard a card: Until end of turn, Chromium becomes a Human with base power and toughness 1/1, loses all abilities, and gains hexproof. It can't be blocked this turn.",BUW
"Chulane, Teller of Tales",d1499a4b-1af1-4913-8e26-57d0707264db,mkc,202,Legendary Creature — Human Druid,"Vigilance Whenever you cast a creature spell, draw a card, then you may put a land card from your hand onto the battlefield. {3}, {T}: Return target creature you control to its owner's hand.",GUW
"Cid, Freeflier Pilot",afa9e3e6-a633-46ad-b52a-48574b2f3d07,fic,13,Legendary Creature — Human Warrior Pilot,"Equipment and Vehicle spells you cast cost {1} less to cast. Jump — During your turn, Cid has flying. {2}, {T}: Return target Equipment or Vehicle card from your graveyard to your hand.",W
"Cid, Timeless Artificer",7fb99393-d2b6-40a6-8de7-317efdc4c50b,fin,216,Legendary Creature — Human Artificer,"Artifact creatures and Heroes you control get +1/+1 for each Artificer you control and each Artificer card in your graveyard. A deck can have any number of cards named Cid, Timeless Artificer. Cycling {W}{U} ({W}{U}, Discard this card: Draw a card.)",UW
"Circu, Dimir Lobotomist",0b19c0f3-68a5-4544-985a-677aa2c2b50b,rav,196,Legendary Creature — Human Wizard,"Whenever you cast a blue spell, exile the top card of target player's library. Whenever you cast a black spell, exile the top card of target player's library. Your opponents can't cast spells with the same name as a card exiled with Circu.",BU
Círdan the Shipwright,c4f23d68-d0de-4b57-b0f9-9c0ca770c3c1,ltc,50,Legendary Creature — Elf Noble,"Vigilance Secret council — Whenever Círdan enters or attacks, each player secretly votes for a player, then those votes are revealed. Each player draws a card for each vote they received. Each player who received no votes may put a permanent card from their hand onto the battlefield.",GU
"Claire D'Loon, Joy Sculptor",0ecc9331-0f35-4921-bb27-58a22d3980a7,unf,165,Legendary Creature — Human Performer,"When Claire D'Loon, Joy Sculptor enters, for the rest of the game, tokens you own become cards that are still tokens. (They continue to exist after they leave the battlefield.) {1}{W}{U}, {T}: You may put a token from your graveyard or hand onto the battlefield.",UW
Clan Crafter,3e82f96f-bd2b-4672-b729-c44c943fcac9,clb,651,Legendary Enchantment — Background,"Commander creatures you own have ""{2}, Sacrifice an artifact: Put a +1/+1 counter on this creature and draw a card.""",U
Clara Oswald,9a1ee042-6713-4e9e-9901-9b94d99d33f1,who,9,Legendary Creature — Human Advisor,"Impossible Girl — If Clara Oswald is your commander, choose a color before the game begins. Clara Oswald is the chosen color. If a triggered ability of a Doctor you control triggers, that ability triggers an additional time. Doctor's companion (You can have two commanders if the other is the Doctor.)",
"Clavileño, First of the Blessed",9f55b648-b1ec-407a-a0c7-7647755793d1,lcc,2,Legendary Creature — Vampire Cleric,"Whenever you attack, target attacking Vampire that isn't a Demon becomes a Demon in addition to its other types. It gains ""When this creature dies, draw a card and create a tapped 4/3 white and black Vampire Demon creature token with flying.""",BW
"Clement, the Worrywort",7028130c-c91d-4bf7-b0b0-450f71107d7a,blb,209,Legendary Creature — Frog Druid,"Vigilance Whenever Clement or another creature you control enters, return up to one target creature you control with lesser mana value to its owner's hand. Frogs you control have ""{T}: Add {G} or {U}. Spend this mana only to cast a creature spell.""",GU
"Cleon, Merry Champion",e793fae6-ca9a-49e7-b90d-fe7e9c72de0d,j25,47,Legendary Creature — Human Soldier,"Double strike Heroic — Whenever you cast a spell that targets Cleon, exile the top card of your library. You may play that card until the end of your next turn.",R
"Cleopatra, Exiled Pharaoh",769bbbb3-37e9-47ec-9cee-db63672275e6,acr,52,Legendary Creature — Human Noble,"Allies — At the beginning of your end step, put a +1/+1 counter on each of up to two other target legendary creatures. Betrayal — Whenever a legendary creature with counters on it dies, draw a card for each counter on it. You lose 2 life.",BG
"Clive, Ifrit's Dominant // Ifrit, Warden of Inferno",9a069e96-2786-493d-aca8-f70611435dbe,fin,133,Legendary Creature — Human Noble Warrior // Legendary Enchantment Creature — Saga Demon,,R
Cloakwood Hermit,4bd8689d-a0c1-4041-bead-7b512fe25663,clb,221,Legendary Enchantment — Background,"Commander creatures you own have ""At the beginning of your end step, if a creature card was put into your graveyard from anywhere this turn, create two tapped 1/1 green Squirrel creature tokens.""",G
"Cloud, Ex-SOLDIER",07b4e4f8-6a31-4533-be51-668ce3ddc84f,fic,2,Legendary Creature — Human Soldier Mercenary,"Haste When Cloud enters, attach up to one target Equipment you control to it. Whenever Cloud attacks, draw a card for each equipped attacking creature you control. Then if Cloud has power 7 or greater, create two Treasure tokens.",GRW
Cloudhoof Kirin,42aa0d70-8d66-47aa-9228-25dcdb4e7dad,sok,31,Legendary Creature — Kirin Spirit,"Flying Whenever you cast a Spirit or Arcane spell, you may have target player mill X cards, where X is that spell's mana value.",U
"Cloud, Midgar Mercenary",2cf7e8a3-fad7-413d-b17c-7519a9cf5fb5,fin,10,Legendary Creature — Human Soldier Mercenary,"When Cloud enters, search your library for an Equipment card, reveal it, put it into your hand, then shuffle. As long as Cloud is equipped, if an ability of Cloud or an Equipment attached to it triggers, that ability triggers an additional time.",W
Cloud of Darkness,a292094a-674a-401f-8776-ba5ebe57c946,fin,217,Legendary Creature — Avatar,"Flying Particle Beam — When Cloud of Darkness enters, target creature an opponent controls gets -X/-X until end of turn, where X is the number of permanent cards in your graveyard.",BG
"Cloud, Planet's Champion",a6d58067-337d-43dc-b4a3-c6acc701d450,fin,552,Legendary Creature — Human Soldier Mercenary,"During your turn, as long as Cloud is equipped, it has double strike and indestructible. (This creature deals both first-strike and regular combat damage. Damage and effects that say ""destroy"" don't destroy this creature.) Equip abilities you activate that target Cloud cost {2} less to activate.",RW
"Codie, Vociferous Codex",ea476ee1-67d9-4dd8-a5ac-f68a155eb18b,stx,253,Legendary Artifact Creature — Construct,"You can't cast permanent spells. {4}, {T}: Add {W}{U}{B}{R}{G}. When you next cast a spell this turn, exile cards from the top of your library until you exile an instant or sorcery card with lesser mana value. Until end of turn, you may cast that card without paying its mana cost. Put each other card exiled this way on the bottom of your library in a random order.",BGRUW
"Codsworth, Handy Helper",bbdfbd21-61b1-4ebd-8d37-bce2a391a7e9,pip,14,Legendary Artifact Creature — Robot,Commanders you control have ward {2}. {T}: Add {W}{W}. Spend this mana only to cast Aura and/or Equipment spells. {T}: Attach target Aura or Equipment you control to target creature you control. Activate only as a sorcery.,W
"Colfenor, the Last Yew",afa3b31a-b52a-43c0-9084-e0535e1bd871,cmr,274,Legendary Creature — Treefolk Shaman,"Vigilance, reach Whenever Colfenor or another creature you control dies, return up to one other target creature card with lesser toughness from your graveyard to your hand.",BGW
Colonel Autumn,ca0c3e5a-64f3-40b5-8080-1c53be45aa40,pip,98,Legendary Creature — Human Soldier,"Lifelink Exploit (When this creature enters, you may sacrifice a creature.) Other legendary creatures you control have exploit. Whenever a creature you control exploits a creature, put a +1/+1 counter on each creature you control.",BW
Commander Eesha,3607f6a9-b8d2-4119-9f70-95dcedc0662d,jud,9,Legendary Creature — Bird Soldier,"Flying, protection from creatures",W
Commander Greven il-Vec,8a8ddd65-c482-426c-b4cd-9ad0206942ae,tpr,88,Legendary Creature — Phyrexian Human Warrior,"Fear (This creature can't be blocked except by artifact creatures and/or black creatures.) When Commander Greven il-Vec enters, sacrifice a creature.",B
Commander Liara Portyr,9ac8b247-455e-4a3f-9f88-b20918c36cc3,clb,270,Legendary Creature — Human Soldier,"Whenever you attack, spells you cast from exile this turn cost {X} less to cast, where X is the number of players being attacked. Exile the top X cards of your library. Until end of turn, you may cast spells from among those exiled cards.",RW
Commander Mustard,c1fa8c23-5501-476f-9614-162d7bd95b23,clu,6,Legendary Creature — Human Soldier,"Vigilance Other Soldiers you control have vigilance, trample, and haste. {2}{R}{W}: Until end of turn, Soldiers you control gain ""Whenever this creature attacks, it deals 1 damage to defending player.""",RW
Commander Sofia Daguerre,712697a4-69b4-4237-9340-96f0e5a32229,pip,15,Legendary Creature — Human Pilot,"Flash Crash Landing — When Commander Sofia Daguerre enters, destroy up to one target legendary permanent. That permanent's controller creates a Junk token. (It's an artifact with ""{T}, Sacrifice this token: Exile the top card of your library. You may play that card this turn. Activate only as a sorcery."")",W
Commissar Severina Raine,94ba8b76-8de7-46da-b641-2503903f0f8a,40k,112,Legendary Creature — Human Soldier,"Leading from the Front — Whenever Commissar Severina Raine attacks, each opponent loses X life, where X is the number of other attacking creatures. Summary Execution — {2}, Sacrifice another creature: You gain 2 life and draw a card.",BW
Commodore Guff,92870fc6-a6bc-4198-bb31-397e07e0e835,cmm,706,Legendary Planeswalker — Guff,"At the beginning of your end step, put a loyalty counter on another target planeswalker you control. +1: Create a 1/1 red Wizard creature token with ""{T}: Add {R}. Spend this mana only to cast a planeswalker spell."" −3: You draw X cards and Commodore Guff deals X damage to each opponent, where X is the number of planeswalkers you control. Commodore Guff can be your commander.",RUW
"Coram, the Undertaker",ab5cfb0c-8e95-4d2d-9e23-cf58c1c7e51c,m3c,7,Legendary Creature — Human Warrior,"Coram gets +X/+0, where X is the greatest power among creature cards in all graveyards. Whenever Coram attacks, each player mills a card. During each of your turns, you may play a land and cast a spell from among cards in graveyards that were put there from libraries this turn.",BGR
"Cormela, Glamour Thief",221ac34a-94ed-4c49-afad-b19cac541731,snc,177,Legendary Creature — Vampire Rogue,"Haste {1}, {T}: Add {U}{B}{R}. Spend this mana only to cast instant and/or sorcery spells. When Cormela dies, return up to one target instant or sorcery card from your graveyard to your hand.",BRU
"Cosima, God of the Voyage // The Omenkeel",fab2fca4-a99f-4ffe-9c02-edb6e0be2358,khm,50,Legendary Creature — God // Legendary Artifact — Vehicle,,U
Cosmic Spider-Man,f82f4013-7308-4917-9042-19a5909f2134,spm,127,Legendary Creature — Spider Human Hero,"Flying, first strike, trample, lifelink, haste At the beginning of combat on your turn, other Spiders you control gain flying, first strike, trample, lifelink, and haste until end of turn.",BGRUW
"Craig Boone, Novac Guard",63d83dad-21c3-4777-84b0-3c775585b5fd,pip,100,Legendary Creature — Human Soldier,"Reach, lifelink One for My Baby — Whenever you attack with two or more creatures, put two quest counters on Craig Boone. When you do, Craig Boone deals damage equal to the number of quest counters on it to up to one target creature unless that creature's controller has Craig Boone deal that much damage to them.",RW
Criminal Past,6410a2a2-48d9-4032-b585-4eaa5bc06581,clb,122,Legendary Enchantment — Background,"Commander creatures you own have menace and ""This creature gets +X/+0, where X is the number of creature cards in your graveyard."" (A creature with menace can't be blocked except by two or more creatures.)",B
Cromat,7d9e0a23-d2a8-40a6-9076-ed6fb539141b,apc,94,Legendary Creature — Illusion,{W}{B}: Destroy target creature blocking or blocked by Cromat. {U}{R}: Cromat gains flying until end of turn. {B}{G}: Regenerate Cromat. {R}{W}: Cromat gets +1/+1 until end of turn. {G}{U}: Put Cromat on top of its owner's library.,BGRUW
"Crosis, the Purger",be667162-cd28-403c-b65f-dadc5459e757,c17,168,Legendary Creature — Dragon,"Flying Whenever Crosis deals combat damage to a player, you may pay {2}{B}. If you do, choose a color, then that player reveals their hand and discards all cards of that color.",BRU
"Crovax, Ascendant Hero",94a9dfa5-0e94-433e-8f4a-edfa2dac4913,tsr,15,Legendary Creature — Human Noble,Other white creatures get +1/+1. Nonwhite creatures get -1/-1. Pay 2 life: Return Crovax to its owner's hand.,W
Crovax the Cursed,487e843f-b710-452c-93fe-fce3f90a4d1c,tpr,90,Legendary Creature — Vampire Noble,"Crovax enters with four +1/+1 counters on it. At the beginning of your upkeep, you may sacrifice a creature. If you do, put a +1/+1 counter on Crovax. If you don't, remove a +1/+1 counter from Crovax. {B}: Crovax gains flying until end of turn.",B
"Crucias, Titan of the Waves",17aece62-a208-496b-ab63-70babb89e87f,ybro,18,Legendary Creature — Human Pirate,"At the beginning of your end step, you may discard a card. If you do, create a Treasure token and choose ambitious or expedient. If you chose ambitious, seek a card with greater mana value than the discarded card. If you chose expedient, seek a card with lesser mana value than the discarded card.",BR
Cultist of the Absolute,b0c7b4af-d521-4f4f-8910-7e05f2f60eb6,clb,123,Legendary Enchantment — Background,"Commander creatures you own get +3/+3 and have flying, deathtouch, ""Ward—Pay 3 life,"" and ""At the beginning of your upkeep, sacrifice a creature.""",B
Cult of Skaro,3913111c-6a77-4536-bbb4-0ac5bf18fe53,who,117,Legendary Artifact Creature — Dalek,"Whenever Cult of Skaro attacks, choose one at random — • Thay — Put a +1/+1 counter on each artifact creature you control. • Caan — Draw two cards. • Sec — Create a 3/3 black Dalek artifact creature token with menace. • Jast — Each opponent loses 4 life.",BRU
"Curie, Emergent Intelligence",54870f19-96f3-4cde-ae44-a9c5bbb0dbc1,pip,30,Legendary Artifact Creature — Robot,"Whenever Curie deals combat damage to a player, draw cards equal to its base power. {1}{U}, Exile another nontoken artifact creature you control: Curie becomes a copy of the exiled creature, except it has ""Whenever this creature deals combat damage to a player, draw cards equal to its base power.""",U
"Cyan, Vengeful Samurai",a1e779b4-32dd-406b-8b68-48f6df458005,fic,16,Legendary Creature — Human Samurai,"This spell costs {1} less to cast for each creature card in your graveyard. Double strike Whenever one or more creature cards leave your graveyard, put a +1/+1 counter on Cyan.",W
"Cyclonus, the Saboteur // Cyclonus, Cybertronian Fighter",2d3bb50a-2892-4e28-aa70-ab8d0fcdcc73,bot,9,Legendary Artifact Creature — Robot // Legendary Artifact — Vehicle,,BU
"Cynette, Jelly Drover",8810b817-7349-468b-bcca-ba0843bbc852,j25,35,Legendary Creature — Human Wizard,"When Cynette enters or dies, create a 1/1 blue Jellyfish creature token with flying. Creatures you control with flying get +1/+1.",U
"D00-DL, Caricaturist",72beb4e7-7044-4b10-b585-ee35760827b1,unf,187,Legendary Artifact Creature — Robot,"When D00-DL, Caricaturist enters, create a 4/4 colorless Sketch creature token, which you have fifteen seconds to draw. The token has flying if it has wings in its art. The same is true for first strike and a sword, vigilance and a shield, menace and mean eyes, trample and horns, deathtouch and claws, lifelink and fangs, and haste and footwear.",
Daghatar the Adamant,2b7eed1e-7b28-4900-a6ac-67f167476c11,frf,9,Legendary Creature — Human Warrior,Vigilance Daghatar enters with four +1/+1 counters on it. {1}{B/G}{B/G}: Move a +1/+1 counter from target creature onto a second target creature.,BGW
Dakkon Blackblade,235bbf86-02ad-497b-b698-e60930bbde9c,me1,143,Legendary Creature — Human Warrior,Dakkon Blackblade's power and toughness are each equal to the number of lands you control.,BUW
"Dalakos, Crafter of Wonders",57ea0ba2-3ccf-4313-ad1d-161272c48851,thb,212,Legendary Creature — Merfolk Artificer,{T}: Add {C}{C}. Spend this mana only to cast artifact spells or activate abilities of artifacts. Equipped creatures you control have flying and haste.,RU
"Damia, Sage of Stone",f9f3869d-dbc1-42bb-aa43-8e4c2e79cfc1,cm2,2,Legendary Creature — Gorgon Wizard,"Deathtouch Skip your draw step. At the beginning of your upkeep, if you have fewer than seven cards in hand, draw cards equal to the difference.",BGU
"Danitha, Benalia's Hope",845e5663-2959-44ae-b4c6-d6ea41f01d6e,dmu,15,Legendary Creature — Human Knight,"First strike, vigilance, lifelink When Danitha enters, you may put an Aura or Equipment card from your hand or graveyard onto the battlefield attached to Danitha.",W
"Danitha Capashen, Paragon",a11f77e4-edb6-43c6-b8ca-d4f62d26d0c0,cmm,20,Legendary Creature — Human Knight,"First strike, vigilance, lifelink Aura and Equipment spells you cast cost {1} less to cast.",W
"Danitha, New Benalia's Light",039e43f2-cf3b-4c60-ac55-d2aafb20eb34,mat,29,Legendary Creature — Human Knight,"Vigilance, trample, lifelink Once during each of your turns, you may cast an Aura or Equipment spell from your graveyard.",GW
Dan Lewis,24b5c60e-f2f5-40d7-8713-edc3ecedb5e0,who,78,Legendary Creature — Human,"Noncreature, non-Equipment artifacts you control are Equipment in addition to their other types and have ""Equipped creature gets +1/+0"" and equip {1}. Doctor's companion (You can have two commanders if the other is the Doctor.)",R
Danny Pink,bf5e0a50-304c-4b3f-b5f7-1ca1213c0282,who,39,Legendary Creature — Human Soldier Advisor,"Mentor (Whenever this creature attacks, put a +1/+1 counter on target attacking creature with lesser power.) Creatures you control have ""Whenever one or more counters are put on this creature for the first time each turn, draw a card.""",U
"Daretti, Rocketeer Engineer",be626e2f-1075-4497-bd5b-bd805777afd3,dft,120,Legendary Creature — Goblin Artificer,"Daretti's power is equal to the greatest mana value among artifacts you control. Whenever Daretti enters or attacks, choose target artifact card in your graveyard. You may sacrifice an artifact. If you do, return the chosen card to the battlefield.",R
"Daretti, Scrap Savant",7cb9d4a0-66bd-454d-b676-80192a96c723,cmm,213,Legendary Planeswalker — Daretti,"+2: Discard up to two cards, then draw that many cards. −2: Sacrifice an artifact. If you do, return target artifact card from your graveyard to the battlefield. −10: You get an emblem with ""Whenever an artifact is put into your graveyard from the battlefield, return that card to the battlefield at the beginning of the next end step."" Daretti, Scrap Savant can be your commander.",R
"Dargo, the Shipwrecker",5cd87cf8-4d5d-4aba-8dfa-800b1fb3799b,cmr,172,Legendary Creature — Giant Pirate,"As an additional cost to cast this spell, you may sacrifice any number of artifacts and/or creatures. This spell costs {2} less to cast for each permanent sacrificed this way and {2} less to cast for each other artifact or creature you've sacrificed this turn. Trample Partner (You can have two commanders if both have partner.)",R
"Darien, King of Kjeldor",50875c99-c5c3-41dd-a0f9-08c98edfebc9,mkc,59,Legendary Creature — Human Soldier,"Whenever you're dealt damage, you may create that many 1/1 white Soldier creature tokens.",W
Darigaaz Reincarnated,9459ffca-5a1f-4641-88d4-8a499b261faa,dom,193,Legendary Creature — Dragon,"Flying, trample, haste If Darigaaz would die, instead exile it with three egg counters on it. At the beginning of your upkeep, if this card is exiled with an egg counter on it, remove an egg counter from it. Then if this card has no egg counters on it, return it to the battlefield.",BGR
"Darigaaz, Shivan Champion",88cb6f1c-d839-460e-b40f-665254d914cb,ydmu,22,Legendary Creature — Dragon,"Flying At the beginning of your end step, conjure a random card from Darigaaz, Shivan Champion's spellbook into exile face down with three egg counters on it. It gains ""At the beginning of your upkeep, if this card is exiled, remove an egg counter from it. Then if it has no egg counters on it, put it onto the battlefield.""",BGR
"Darigaaz, the Igniter",942acc59-3644-47be-80ab-fc8f27626aa3,dde,47,Legendary Creature — Dragon,"Flying Whenever Darigaaz deals combat damage to a player, you may pay {2}{R}. If you do, choose a color, then that player reveals their hand and Darigaaz deals damage to the player equal to the number of cards of that color revealed this way.",BGR
Daughter of Autumn,972e9c59-f340-414c-b55b-39d46dd97e8e,hml,85,Legendary Creature — Avatar,{W}: The next 1 damage that would be dealt to target white creature this turn is dealt to Daughter of Autumn instead.,GW
"Davros, Dalek Creator",59c5bd2b-cf68-4e5e-819d-53917a6c5275,who,1,Legendary Artifact Creature — Alien Scientist,"Menace At the beginning of your end step, create a 3/3 black Dalek artifact creature token with menace if an opponent lost 3 or more life this turn. Then each opponent who lost 3 or more life this turn faces a villainous choice — You draw a card, or that player discards a card.",BRU
"Dawnsire, Sunstar Dreadnought",6133355c-3dcf-466a-b771-fe6c44d4fa4d,eoe,238,Legendary Artifact — Spacecraft,"Station (Tap another creature you control: Put charge counters equal to its power on this Spacecraft. Station only as a sorcery. It's an artifact creature at 20+.) STATION 10+ Whenever you attack, Dawnsire deals 100 damage to up to one target creature or planeswalker. STATION 20+ Flying",
"Daxos, Blessed by the Sun",0fd2adb3-a6f4-448e-af2a-15ca92b1de63,thb,9,Legendary Enchantment Creature — Demigod,"Daxos's toughness is equal to your devotion to white. (Each {W} in the mana costs of permanents you control counts toward your devotion to white.) Whenever another creature you control enters or dies, you gain 1 life.",W
Daxos of Meletis,d2eca63b-7fb2-4a69-84dd-aa0a038a2f8a,ncc,335,Legendary Creature — Human Soldier,"Daxos can't be blocked by creatures with power 3 or greater. Whenever Daxos deals combat damage to a player, exile the top card of that player's library. You gain life equal to that card's mana value. Until end of turn, you may cast that card and you may spend mana as though it were mana of any color to cast that spell.",UW
Daxos the Returned,4abe142e-7e87-464b-be2a-ad2fc7aebd51,c15,43,Legendary Creature — Zombie Soldier,"Whenever you cast an enchantment spell, you get an experience counter. {1}{W}{B}: Create a white and black Spirit enchantment creature token. It has ""This creature's power and toughness are each equal to the number of experience counters you have.""",BW
"Deadpool, Trading Card",3a14d6c5-cfd1-4860-834a-5a0dc9df0320,sld,1753,Legendary Creature — Mutant Mercenary Hero,"As Deadpool enters, you may exchange his text box and another creature's. At the beginning of your upkeep, you lose 3 life. {3}, Sacrifice this creature: Each other player draws a card.",BR
"Deathleaper, Terror Weapon",9819d50f-aae8-4e92-8dab-01eebace3c1e,40k,115,Legendary Creature — Tyranid,Flash Haste Flesh Hooks — Creatures you control that entered this turn have double strike.,GR
"Deekah, Fractal Theorist",75d15e8c-1c5a-4aaf-92a5-5d4f500def06,c21,26,Legendary Creature — Human Wizard,"Magecraft — Whenever you cast or copy an instant or sorcery spell, create a 0/0 green and blue Fractal creature token. Put X +1/+1 counters on it, where X is that spell's mana value. {3}{U}: Target creature token can't be blocked this turn.",U
"Dee Kay, Finder of the Lost",6607b2ac-e196-4586-b7a5-7c68621084c4,unf,167,Legendary Creature — Zombie Employee,"When Dee Kay enters, open an Attraction. Whenever you roll a 2, each opponent loses 1 life and you gain 1 life. Whenever you roll a 4, you may tap or untap target artifact or creature. Whenever you roll a 6, return target creature card from your graveyard to your hand.",BU
"Delina, Wild Mage",e87459aa-af8f-4bd2-a310-151353083a2e,afr,138,Legendary Creature — Elf Shaman,"Whenever Delina attacks, choose target creature you control, then roll a d20. 1—14 | Create a tapped and attacking token that's a copy of that creature, except it's not legendary and it has ""At end of combat, exile this token."" 15—20 | Create one of those tokens. You may roll again.",R
"Delney, Streetwise Lookout",be219928-3d0e-4d00-b124-152ce8a8c13b,mkm,12,Legendary Creature — Human Scout,"Creatures you control with power 2 or less can't be blocked by creatures with power 3 or greater. If an ability of a creature you control with power 2 or less triggers, that ability triggers an additional time.",W
Demonlord Belzenlok,b07114d8-40b3-4102-8d70-e3ed94a7f515,cmm,151,Legendary Creature — Elder Demon,"Flying, trample When Demonlord Belzenlok enters, exile cards from the top of your library until you exile a nonland card, then put that card into your hand. If the card's mana value is 4 or greater, repeat this process. Demonlord Belzenlok deals 1 damage to you for each card put into your hand this way.",B
"Denethor, Ruling Steward",fa8654cf-431c-427b-b78f-0e48f6007e9e,ltr,198,Legendary Creature — Human Noble,"At the beginning of your end step, if a creature died under your control this turn, create a 1/1 white Human Soldier creature token. {2}, Sacrifice another creature: Each opponent loses 1 life and you gain 1 life.",BW
"Denethor, Stone Seer",d32d3d8a-7450-4a29-abc7-f472426f0c28,ltc,20,Legendary Creature — Human Noble,"When Denethor enters, scry 2. {3}{R}, {T}, Sacrifice Denethor: Target player becomes the monarch. Denethor deals 3 damage to any target.",RU
"Dennick, Pious Apprentice // Dennick, Pious Apparition",35cf2d72-931f-47b1-a1b4-916f0383551a,mid,217,Legendary Creature — Human Soldier // Legendary Creature — Spirit Soldier,,UW
"Denry Klin, Editor in Chief",ac40ca08-50e6-46e6-9d50-c4e84325620d,ncc,71,Legendary Creature — Cat Advisor,"Denry Klin enters with your choice of a +1/+1, first strike, or vigilance counter on it. Whenever a nontoken creature you control enters, if Denry Klin has counters on it, put the same number of each kind of counter on that creature.",UW
"Depala, Pilot Exemplar",592f3a92-787e-4180-9d0b-06c973ce8975,kld,178,Legendary Creature — Dwarf Pilot,"Other Dwarves you control get +1/+1. Each Vehicle you control gets +1/+1 as long as it's a creature. Whenever Depala becomes tapped, you may pay {X}. If you do, reveal the top X cards of your library, put all Dwarf and Vehicle cards from among them into your hand, then put the rest on the bottom of your library in a random order.",RW
"Derevi, Empyrial Tactician",3a1d0dad-18a8-489e-ac11-08f64b72fda4,cma,176,Legendary Creature — Bird Wizard,"Flying When Derevi enters and whenever a creature you control deals combat damage to a player, you may tap or untap target permanent. {1}{G}{W}{U}: Put Derevi onto the battlefield from the command zone.",GUW
"Desdemona, Freedom's Edge",cc38d445-1752-4921-bb83-5afcdf655015,pip,101,Legendary Creature — Human Rogue,"Vigilance Whenever Desdemona attacks, target creature card in your graveyard that's an artifact or that has mana value 3 or less gains escape until end of turn. The escape cost is equal to its mana cost plus exile two other cards from your graveyard. (You may cast it from your graveyard for its escape cost this turn.)",RW
Desmond Miles,c9523cd1-c3cf-4745-af09-77c1a83ac86f,acr,24,Legendary Creature — Human Assassin,"Menace Desmond Miles gets +1/+0 for each other Assassin you control and each Assassin card in your graveyard. Whenever Desmond Miles deals combat damage to a player, surveil X, where X is the amount of damage it dealt to that player.",B
Devil K. Nevil,89e71131-9591-4773-9c6a-1dc381d0e1ab,unf,104,Legendary Creature — Devil Performer,"Haste When Devil K. Nevil enters, jump it over any number of creatures. If it clears those creatures, put that many +1/+1 counters on it. (You can see a jumping demonstration at DevilKNevil.com.)",R
Diamond Weapon,6ce7f494-2a19-4b11-94d4-fc5e5a7068bd,fin,183,Legendary Artifact Creature — Elemental,This spell costs {1} less to cast for each permanent card in your graveyard. Reach Immune — Prevent all combat damage that would be dealt to Diamond Weapon.,G
"Diaochan, Artful Beauty",6180c476-dadf-4c03-ab1e-639386bd4319,ptk,108,Legendary Creature — Human Advisor,"{T}: Destroy target creature of your choice, then destroy target creature of an opponent's choice. Activate only during your turn, before attackers are declared.",R
"Dihada, Binder of Wills",ddeb54d6-a600-42b9-98df-20f8d58caed8,dmc,1,Legendary Planeswalker — Dihada,"+2: Up to one target legendary creature gains vigilance, lifelink, and indestructible until your next turn. −3: Reveal the top four cards of your library. Put any number of legendary cards from among them into your hand and the rest into your graveyard. Create a Treasure token for each card put into your graveyard this way. −11: Gain control of all nonland permanents until end of turn. Untap them. They gain haste until end of turn. Dihada, Binder of Wills can be your commander.",BRW
"Dina, Soul Steeper",9cd2b567-0cf7-4441-b3ce-e31141dd91c8,stx,178,Legendary Creature — Dryad Druid,"Whenever you gain life, each opponent loses 1 life. {1}, Sacrifice another creature: Dina gets +X/+0 until end of turn, where X is the sacrificed creature's power.",BG
"Dion, Bahamut's Dominant // Bahamut, Warden of Light",8c0f9306-2058-476d-a711-bd37a6e15e42,fin,16,Legendary Creature — Human Noble Knight // Legendary Enchantment Creature — Saga Dragon,,W
"Dionus, Elvish Archdruid",5a3dfd71-9ec0-4842-b99d-c1833679f0c5,j25,52,Legendary Creature — Elf Druid,"Elves you control have ""Whenever this creature becomes tapped during your turn, untap it and put a +1/+1 counter on it. This ability triggers only once each turn.""",G
Disa the Restless,c976edeb-0fa1-4647-a16c-870d8a3c30c6,m3c,1,Legendary Creature — Human Scout,"Whenever a Lhurgoyf permanent card is put into your graveyard from anywhere other than the battlefield, put it onto the battlefield. Whenever one or more creatures you control deal combat damage to a player, create a Tarmogoyf token.",BGR
Djeru and Hazoret,1db1ae7b-ed48-409f-8d50-07c7e8c6c128,mom,221,Legendary Creature — Human God,"As long as you have one or fewer cards in hand, Djeru and Hazoret has vigilance and haste. Whenever Djeru and Hazoret attacks, look at the top six cards of your library. You may exile a legendary creature card from among them. Put the rest on the bottom of your library in a random order. Until end of turn, you may cast the exiled card without paying its mana cost.",RW
"Djeru, With Eyes Open",2234df89-0835-4a17-b5d8-2334ee8f692d,hou,10,Legendary Creature — Human Warrior,"Vigilance When Djeru enters, you may search your library for a planeswalker card, reveal it, put it into your hand, then shuffle. If a source would deal damage to a planeswalker you control, prevent 1 of that damage.",W
"Doc Aurlock, Grizzled Genius",6fc27b30-8c8e-434c-a72c-e1d409efc1ae,otj,201,Legendary Creature — Bear Druid,Spells you cast from your graveyard or from exile cost {2} less to cast. Plotting cards from your hand costs {2} less.,GU
"Doc Ock, Evil Inventor",ad287357-9602-4090-8feb-6f658f2a47b0,spe,24,Legendary Creature — Human Scientist Villain,"At the beginning of combat on your turn, target noncreature artifact you control becomes an 8/8 Robot Villain artifact creature in addition to its other types.",BU
"Doc Ock, Sinister Scientist",de16ad65-c8c3-48c0-9d13-5af91b4e6f01,spm,29,Legendary Creature — Human Scientist Villain,"As long as there are eight or more cards in your graveyard, Doc Ock has base power and toughness 8/8. As long as you control another Villain, Doc Ock has hexproof. (He can't be the target of spells or abilities your opponents control.)",U
"Doctor Octopus, Master Planner",76e1d361-18a1-4dec-a203-f83bf0014e02,spm,128,Legendary Creature — Human Scientist Villain,"Other Villains you control get +2/+2. Your maximum hand size is eight. At the beginning of your end step, if you have fewer than eight cards in hand, draw cards equal to the difference.",BU
"Dogmeat, Ever Loyal",86b45e3e-8460-4678-87d1-d74479936c83,pip,2,Legendary Creature — Dog,"When Dogmeat enters, mill five cards, then return an Aura or Equipment card from your graveyard to your hand. Whenever a creature you control that's enchanted or equipped attacks, create a Junk token. (It's an artifact with ""{T}, Sacrifice this token: Exile the top card of your library. You may play that card this turn. Activate only as a sorcery."")",GRW
"Donal, Herald of Wings",70cf8d2b-5220-4fe9-b39d-6700f0b27cca,voc,3,Legendary Creature — Human Wizard,"Whenever you cast a nonlegendary creature spell with flying, you may copy it, except the copy is a 1/1 Spirit in addition to its other types. Do this only once each turn. (The copy becomes a token.)",U
"Don Andres, the Renegade",3cf9f3ae-694d-4d37-9498-4bdd1723a55e,lcc,6,Legendary Creature — Vampire Pirate,"Each creature you control but don't own gets +2/+2, has menace and deathtouch, and is a Pirate in addition to its other types. Whenever you cast a noncreature spell you don't own, create two tapped Treasure tokens.",BRU
"Dong Zhou, the Tyrant",bdd91a2b-53d2-4b97-b85b-5a48b9ca68cb,me3,96,Legendary Creature — Human Soldier,"When Dong Zhou enters, target creature an opponent controls deals damage equal to its power to that player.",R
Donna Noble,b6ffec6a-fbba-46cc-becb-4ee5ef8c4971,who,82,Legendary Creature — Human,"Soulbond (You may pair this creature with another unpaired creature when either enters. They remain paired for as long as you control both of them.) Whenever Donna Noble or a creature it's paired with is dealt damage, Donna Noble deals that much damage to target opponent. Doctor's companion (You can have two commanders if the other is the Doctor.)",R
"Doran, the Siege Tower",e0ad8e7f-cda0-4529-94fc-dd3709158a94,2x2,201,Legendary Creature — Treefolk Shaman,Each creature assigns combat damage equal to its toughness rather than its power.,BGW
"Dorothea, Vengeful Victim // Dorothea's Retribution",8c927707-abb5-4a9d-ac53-25df182d6e9b,vow,235,Legendary Creature — Spirit // Enchantment — Aura,,UW
Dosan the Falling Leaf,ffb190db-48fc-4c39-ae9f-5e304eabb4f4,chk,205,Legendary Creature — Human Monk,Players can cast spells only during their own turns.,G
"Drafna, Founder of Lat-Nam",f7355905-2b3b-4191-a89c-a0fc1494928b,bro,47,Legendary Creature — Human Artificer Advisor,"{1}{U}: Return target artifact you control to its owner's hand. {3}, {T}: Copy target artifact spell you control. (The copy becomes a token.)",U
Dragon Cultist,e06ad968-ca7a-470b-ba3b-e0afc597b2cd,clb,170,Legendary Enchantment — Background,"Commander creatures you own have ""At the beginning of your end step, if a source you controlled dealt 5 or more damage this turn, create a 4/4 red Dragon creature token with flying.""",R
"Dragonhawk, Fate's Tempest",8659789c-6a2c-439f-a348-b9b1b06c55b8,blb,132,Legendary Creature — Bird Dragon,"Flying Whenever Dragonhawk enters or attacks, exile the top X cards of your library, where X is the number of creatures you control with power 4 or greater. You may play those cards until your next end step. At the beginning of your next end step, Dragonhawk deals 2 damage to each opponent for each of those cards that are still exiled.",R
Dragonlord Atarka,d411ad43-3718-4ed7-932f-fcea28705782,tdc,285,Legendary Creature — Elder Dragon,"Flying, trample When Dragonlord Atarka enters, it deals 5 damage divided as you choose among any number of target creatures and/or planeswalkers your opponents control.",GR
Dragonlord Dromoka,4452d99e-23c2-408d-9eb8-ef31aefafa9d,tdc,286,Legendary Creature — Elder Dragon,"This spell can't be countered. Flying, lifelink Your opponents can't cast spells during your turn.",GW
Dragonlord Kolaghan,1cbf8933-32a1-4892-9bdc-89464ed9ce1b,dtk,218,Legendary Creature — Elder Dragon,"Flying, haste Other creatures you control have haste. Whenever an opponent casts a creature or planeswalker spell with the same name as a card in their graveyard, that player loses 10 life.",BR
Dragonlord Ojutai,a9f39d28-08eb-4eff-ae55-abd377877a27,ncc,337,Legendary Creature — Elder Dragon,"Flying Dragonlord Ojutai has hexproof as long as it's untapped. Whenever Dragonlord Ojutai deals combat damage to a player, look at the top three cards of your library. Put one of them into your hand and the rest on the bottom of your library in any order.",UW
Dragonlord Silumgar,9ee837b8-c280-4a5b-acdf-71247ab096f5,2x2,203,Legendary Creature — Elder Dragon,"Flying, deathtouch When Dragonlord Silumgar enters, gain control of target creature or planeswalker for as long as you control Dragonlord Silumgar.",BU
"Drakuseth, Maw of Flames",029b1edb-e1de-4f1c-81df-8d17f4920318,fdn,193,Legendary Creature — Dragon,"Flying Whenever Drakuseth attacks, it deals 4 damage to any target and 3 damage to each of up to two other targets.",R
"Dralnu, Lich Lord",9554f402-35d4-43ac-9494-9d17d2a79092,tsr,251,Legendary Creature — Zombie Wizard,"If damage would be dealt to Dralnu, sacrifice that many permanents instead. {T}: Target instant or sorcery card in your graveyard gains flashback until end of turn. The flashback cost is equal to its mana cost. (You may cast that card from your graveyard for its flashback cost. Then exile it.)",BU
Drana and Linvala,bbda000f-3cf7-48b6-96ff-c23a3a64eab5,mom,222,Legendary Creature — Vampire Angel,"Flying, vigilance Activated abilities of creatures your opponents control can't be activated. Drana and Linvala has all activated abilities of all creatures your opponents control. You may spend mana as though it were mana of any color to activate those abilities.",BW
"Drana, Kalastria Bloodchief",2c58ce5e-b038-4376-a5f4-9849baa255b9,c17,112,Legendary Creature — Vampire Shaman,Flying {X}{B}{B}: Target creature gets -0/-X until end of turn and Drana gets +X/+0 until end of turn.,B
"Drana, Liberator of Malakir",0850b41d-3589-40cd-ae22-cc5b4ddee1c4,lcc,193,Legendary Creature — Vampire Ally,"Flying, first strike Whenever Drana deals combat damage to a player, put a +1/+1 counter on each attacking creature you control.",B
"Drana, the Last Bloodchief",5cd4154e-7681-444b-a0f2-33e887791ba7,znr,98,Legendary Creature — Vampire Cleric,"Flying Whenever Drana attacks, defending player chooses a nonlegendary creature card in your graveyard. You return that card to the battlefield with an additional +1/+1 counter on it. The creature is a Vampire in addition to its other types.",B
Dr. Eggman,18602e92-69be-4626-a28a-463913108f42,sld,2084,Legendary Creature — Human Scientist,"Flying At the beginning of your end step, draw a card. Then each opponent faces a villainous choice — That player discards a card, or you may put a Construct, Robot, or Vehicle card from your hand onto the battlefield.",BRU
"Drivnod, Carnage Dominus",6bc26bca-c4d8-4e8b-a96a-9529fc2daed7,one,90,Legendary Creature — Phyrexian Horror,"If a creature dying causes a triggered ability of a permanent you control to trigger, that ability triggers an additional time. {B/P}{B/P}, Exile three creature cards from your graveyard: Put an indestructible counter on Drivnod. ({B/P} can be paid with either {B} or 2 life.)",B
Drizzt Do'Urden,46e3259e-93c2-48c0-8b96-835cdb883383,afr,220,Legendary Creature — Elf Ranger,"Double strike When Drizzt enters, create Guenhwyvar, a legendary 4/1 green Cat creature token with trample. Whenever a creature dies, if it had power greater than Drizzt's power, put a number of +1/+1 counters on Drizzt equal to the difference.",GW
Dr. Julius Jumblemorph,564a8222-7760-41bb-b524-9036a036bc8b,ust,130,Legendary Creature,"Dr. Julius Jumblemorph is every creature type (even if this card isn't on the battlefield). Whenever a host you control enters, you may search your library and/or graveyard for a card with augment and combine it with that host. If you search your library this way, shuffle.",GW
Dr. Madison Li,95af426d-a8af-4314-9ad0-ac61935e8e8e,pip,3,Legendary Creature — Human Scientist,"Whenever you cast an artifact spell, you get {E} (an energy counter). {T}, Pay {E}: Target creature gets +1/+0 and gains trample and haste until end of turn. {T}, Pay {E}{E}{E}: Draw a card. {T}, Pay {E}{E}{E}{E}{E}: Return target artifact card from your graveyard to the battlefield tapped.",RUW
"Dromar, the Banisher",cfcc3c72-fff5-454c-814c-eb952fd23ba9,inv,244,Legendary Creature — Dragon,"Flying Whenever Dromar deals combat damage to a player, you may pay {2}{U}. If you do, choose a color, then return all creatures of that color to their owners' hands.",BUW
"Dromoka, the Eternal",b8db6ab8-cd12-431a-bf18-28464cf03509,c17,170,Legendary Creature — Dragon,"Flying Whenever a Dragon you control attacks, bolster 2. (Choose a creature with the least toughness among creatures you control and put two +1/+1 counters on it.)",GW
"Duchess, Wayward Tavernkeep",38c0a17f-787b-41ac-8375-d9532dce1f4f,pip,57,Legendary Creature — Human Citizen,"Hunters for Hire — Whenever a creature you control deals combat damage to a player, put a quest counter on it. {1}, Remove a quest counter from a permanent you control: Create a Junk token. (It's an artifact with ""{T}, Sacrifice this token: Exile the top card of your library. You may play that card this turn. Activate only as a sorcery."")",R
"Duggan, Private Detective",ad21aafe-c093-40db-830e-da4c87055254,who,123,Legendary Creature — Human Detective,"Duggan's power and toughness are each equal to the number of cards in your hand. Whenever Duggan enters or attacks, investigate. The Most Important Punch in History — {1}{G}, {T}: Duggan deals damage equal to twice its power to another target creature. Activate only once.",GU
Duke Ulder Ravengard,082a8ffc-a052-498f-b457-8d70ea18a943,clb,272,Legendary Creature — Human Noble Soldier,"At the beginning of combat on your turn, another target creature you control gains haste and myriad until end of turn. (Whenever it attacks, for each opponent other than defending player, you may create a token copy that's tapped and attacking that player or a planeswalker they control. Exile the tokens at end of combat.)",RW
Dungeon Delver,cba131bb-b8b3-4577-9f41-4700d9985134,clb,67,Legendary Enchantment — Background,"Commander creatures you own have ""Room abilities of dungeons you own trigger an additional time.""",U
Durnan of the Yawning Portal,53f287c1-bd17-43fd-b0e3-b52472b0aa70,clb,657,Legendary Creature — Human Warrior,"Whenever Durnan attacks, look at the top four cards of your library. You may exile a creature card from among them. Put the rest on the bottom of your library in any order. For as long as that card remains exiled, you may cast it. That spell has undaunted. (It costs {1} less to cast for each opponent.) Choose a Background (You can have a Background as a second commander.)",G
"Duskana, the Rage Mother",31fa9d47-43d6-44b5-ab86-fc94a83eac26,mkc,5,Legendary Creature — Bear,"When Duskana enters, draw a card for each creature you control with base power and toughness 2/2. Whenever a creature you control with base power and toughness 2/2 attacks, it gets +3/+3 until end of turn.",GRW
"Dwynen, Gilt-Leaf Daen",01c00d7b-7fac-4f8c-a1ea-de2cf4d06627,fdn,217,Legendary Creature — Elf Warrior,"Reach (This creature can block creatures with flying.) Other Elf creatures you control get +1/+1. Whenever Dwynen attacks, you gain 1 life for each attacking Elf you control.",G
"Dyadrine, Synthesis Amalgam",994ca692-7138-4dcb-bf46-5da530f86036,eoe,216,Legendary Artifact Creature — Construct,"Trample Dyadrine enters with a number of +1/+1 counters on it equal to the amount of mana spent to cast it. Whenever you attack, you may remove a +1/+1 counter from each of two creatures you control. If you do, draw a card and create a 2/2 colorless Robot artifact creature token.",GW
"Dynaheir, Invoker Adept",c301b389-d802-4a8b-8681-9b50c8667423,clb,273,Legendary Creature — Human Wizard,"Haste You may activate abilities of other creatures you control as though those creatures had haste. {T}: When you next activate an ability that isn't a mana ability this turn by spending four or more mana to activate it, copy that ability. You may choose new targets for the copy.",RUW
"Ebondeath, Dracolich",e6b3f460-92ba-4af0-aad9-cf86615d4177,afr,100,Legendary Creature — Zombie Dragon,"Flash Flying Ebondeath enters tapped. You may cast this card from your graveyard if a creature not named Ebondeath, Dracolich died this turn.",B
"Eddie Brock // Venom, Lethal Protector",f3455651-e643-445e-9489-51e4e24fca4c,spm,55,Legendary Creature — Human Hero Villain // Legendary Creature — Symbiote Hero Villain,,BGR
"ED-E, Lonesome Eyebot",b319f0e1-6f18-4fea-9f72-a21da5513aa4,pip,131,Legendary Artifact Creature — Robot,"Flying ED-E My Love — Whenever you attack, if the number of attacking creatures is greater than the number of quest counters on ED-E, put a quest counter on it. {2}, Sacrifice ED-E: Draw a card, then draw an additional card for each quest counter on ED-E.",
"Edgar, Charmed Groom // Edgar Markov's Coffin",63ba8eef-b834-4031-b0a1-0f8505d53813,vow,236,Legendary Creature — Vampire Noble // Legendary Artifact,,BW
"Edgar, King of Figaro",950ee302-5512-43c5-ac7c-b2b06f4177bf,fin,51,Legendary Creature — Human Artificer Noble,"When Edgar enters, draw a card for each artifact you control. Two-Headed Coin — The first time you flip one or more coins each turn, those coins come up heads and you win those flips.",U
Edgar Markov,a577ba08-0aa8-45be-aa83-d5078770127c,inr,234,Legendary Creature — Vampire Knight,"Eminence — Whenever you cast another Vampire spell, if Edgar is in the command zone or on the battlefield, create a 1/1 black Vampire creature token. First strike, haste Whenever Edgar attacks, put a +1/+1 counter on each Vampire you control.",BRW
"Edgar, Master Machinist",098a8025-6454-45d8-abe3-2c3dada3f582,fic,80,Legendary Creature — Human Artificer Noble,"Once during each of your turns, you may cast an artifact spell from your graveyard. If you cast a spell this way, that artifact enters tapped. Tools — Whenever Edgar attacks, it gets +X/+0 until end of turn, where X is the greatest mana value among artifacts you control.",RW
"Edric, Spymaster of Trest",22d6a4c9-4bdd-4e70-8481-95260e6aa7ab,otc,221,Legendary Creature — Elf Rogue,"Whenever a creature deals combat damage to one of your opponents, its controller may draw a card.",GU
Edward Kenway,9472be1e-388c-45fe-a18d-35b2cb12dc5f,acr,53,Legendary Creature — Human Assassin Pirate,"At the beginning of your end step, create a Treasure token for each tapped Assassin, Pirate, and/or Vehicle you control. Whenever a Vehicle you control deals combat damage to a player, look at the top card of that player's library, then exile it face down. You may play that card for as long as it remains exiled.",BRU
"Effie, Fast Learner",d0f6f30f-82f7-4f29-a3fd-467cc8ff8b6b,ydsk,19,Legendary Creature — Human Survivor,"Enlist Survival — At the beginning of your second main phase, if Effie is tapped, put a +1/+1 counter on each tapped creature you control. Then seek a Survivor card with mana value less than or equal to the number of tapped creatures you control.",GW
"Egon, God of Death // Throne of Death",9dfdb73d-b001-4a59-b79e-8c8c1baea116,khm,92,Legendary Creature — God // Legendary Artifact,,B
Eight-and-a-Half-Tails,ef722374-0305-4c30-ab45-cb772b252faf,clb,692,Legendary Creature — Fox Cleric,{1}{W}: Target permanent you control gains protection from white until end of turn. {1}: Target spell or permanent becomes white until end of turn.,W
"Eivor, Battle-Ready",4242961d-87e8-4dd2-bdea-5d765a5cf136,acr,274,Legendary Creature — Human Assassin Warrior,"Vigilance (Attacking doesn't cause this creature to tap.) Haste (This creature can attack as soon as it comes under your control.) Whenever Eivor attacks, it deals damage equal to the number of Equipment you control to each opponent.",RW
"Eivor, Wolf-Kissed",88667198-3bec-413c-b41e-de96abc8db7b,acr,54,Legendary Creature — Human Assassin Warrior,"Trample, haste Whenever Eivor deals combat damage to a player, you mill that many cards. You may put a Saga card and/or a land card from among them onto the battlefield.",GRW
"Eladamri, Korvecdal",dfdabdda-bd46-4ea2-8b37-5d7f6cec6aff,mh3,149,Legendary Creature — Elf Warrior,"You may look at the top card of your library any time. You may cast creature spells from the top of your library. {G}, {T}, Tap two untapped creatures you control: Reveal a card from your hand or the top card of your library. If you reveal a creature card this way, put it onto the battlefield. Activate only during your turn.",G
"Eladamri, Lord of Leaves",0b1689f3-9dfa-4525-90b3-7af15f7eb720,tmp,224,Legendary Creature — Elf Warrior,Other Elf creatures have forestwalk. (They can't be blocked as long as defending player controls a Forest.) Other Elves have shroud. (They can't be the targets of spells or abilities.),G
Elanor Gardner,6165eb73-49a8-4337-aa5d-7d9d48b916c9,ltr,286,Legendary Creature — Halfling Scout,"When Elanor enters, create a Food token. At the beginning of your end step, if you sacrificed a Food this turn, you may search your library for a basic land card, put that card onto the battlefield tapped, then shuffle.",G
"Elas il-Kor, Sadistic Pilgrim",1c3f0ffe-cf51-4c30-8cd5-9e3c7e92c019,dmu,198,Legendary Creature — Phyrexian Kor Cleric,"Deathtouch Whenever another creature you control enters, you gain 1 life. Whenever another creature you control dies, each opponent loses 1 life.",BW
Elder Arthur Maxson,049771b0-69ad-4f2d-8567-47e8a87b4496,pip,102,Legendary Creature — Human Knight,"Creature tokens you control have training. (Whenever a creature token you control attacks with another creature with greater power, put a +1/+1 counter on that token.) Blind Betrayal — Sacrifice another creature: Elder Arthur Maxson gains indestructible until end of turn.",BW
Elder Owyn Lyons,d923c845-59e0-403e-b57b-955fec528f1e,pip,103,Legendary Creature — Human Knight,"Artifacts you control have ward {1}. (Whenever an artifact you control becomes the target of a spell or ability an opponent controls, counter it unless that player pays {1}.) When Elder Owyn Lyons enters or dies, return target artifact card from your graveyard to your hand.",UW
"Electro, Assaulting Battery",d672cfad-e656-47f8-bf93-64f262aff33e,spm,76,Legendary Creature — Human Villain,"Flying You don't lose unspent red mana as steps and phases end. Whenever you cast an instant or sorcery spell, add {R}. When Electro leaves the battlefield, you may pay {X}. When you do, he deals X damage to target player.",R
"Elena, Turk Recruit",d16553a3-65c3-4dec-af92-123d1e5dce10,fic,18,Legendary Creature — Human Assassin,"When Elena enters, return target non-Assassin historic card from your graveyard to your hand. (Artifacts, legendaries, and Sagas are historic.) Whenever you cast a historic spell, put a +1/+1 counter on Elena.",W
Elenda and Azor,35db4bfe-78e1-46b1-a70b-728ceede94b2,moc,6,Legendary Creature — Vampire Knight Sphinx,"Flying, ward {2} Whenever Elenda and Azor attacks, you may pay {X}{W}{U}{B}. If you do, draw X cards. At the beginning of each end step, you may pay 4 life. If you do, create a number of 1/1 black Vampire Knight creature tokens with lifelink equal to the number of cards you've drawn this turn.",BUW
"Elenda, Saint of Dusk",24955f5f-093c-4d33-b0c1-911cd36032ce,fdn,119,Legendary Creature — Vampire Knight,"Lifelink, hexproof from instants As long as your life total is greater than your starting life total, Elenda gets +1/+1 and has menace. Elenda gets an additional +5/+5 as long as your life total is at least 10 greater than your starting life total.",BW
"Elenda, the Dusk Rose",e18feca3-1b1b-4456-8873-25a24849a917,lcc,268,Legendary Creature — Vampire Knight,"Lifelink Whenever another creature dies, put a +1/+1 counter on Elenda. When Elenda dies, create X 1/1 white Vampire creature tokens with lifelink, where X is Elenda's power.",BW
"Elesh Norn, Grand Cenobite",78c2bfef-06a5-4c7f-8283-ea3fb673b7a1,ima,18,Legendary Creature — Phyrexian Praetor,Vigilance Other creatures you control get +2/+2. Creatures your opponents control get -2/-2.,W
"Elesh Norn, Mother of Machines",44dcab01-1d13-4dfc-ae2f-fbaa3dd35087,one,10,Legendary Creature — Phyrexian Praetor,"Vigilance If a permanent entering causes a triggered ability of a permanent you control to trigger, that ability triggers an additional time. Permanents entering don't cause abilities of permanents your opponents control to trigger.",W
Elesh Norn // The Argent Etchings,d8999135-ddb1-4e4c-b885-e25f23dac3d3,mom,12,Legendary Creature — Phyrexian Praetor // Enchantment — Saga,,W
"Eligeth, Crossroads Augur",1a0adf34-1a2b-497b-aaab-4b2b998ed8b3,cmr,66,Legendary Creature — Sphinx,"Flying If you would scry a number of cards, draw that many cards instead. Partner (You can have two commanders if both have partner.)",U
"Ellie and Alan, Paleontologists",c40b25d7-73c9-4f30-a707-5afb08185a8d,rex,10,Legendary Creature — Human Scientist,"{T}, Exile a creature card from your graveyard: Discover X, where X is the mana value of the exiled card. Activate only as a sorcery. (Exile cards from the top of your library until you exile a nonland card with that mana value or less. Cast it without paying its mana cost or put it into your hand. Put the rest on the bottom in a random order.)",GUW
Ellivere of the Wild Court,45851394-b8f3-4713-8239-afcb387d47c5,woc,2,Legendary Creature — Human Knight,"Whenever Ellivere enters or attacks, create a Virtuous Role token attached to another target creature you control. (If you control another Role on it, put that one into the graveyard. Enchanted creature gets +1/+1 for each enchantment you control.) Whenever an enchanted creature you control deals combat damage to a player, draw a card.",GW
"Ellyn Harbreeze, Busybody",a038dbc9-0da1-4e65-9369-45c614f285f8,clb,16,Legendary Creature — Human Peasant,"{T}: Look at the top X cards of your library, where X is the number of tokens you created this turn. Put one of those cards into your hand and the rest on the bottom of your library in a random order. Choose a Background (You can have a Background as a second commander.)",W
"Elmar, Ulvenwald Informant",95d197b3-fc56-43a2-981f-b5b905222b5c,slx,4,Legendary Creature — Human,"Haste Whenever you cast your second spell each turn, untap target creature, then investigate. (Create a colorless Clue artifact token with ""{2}, Sacrifice this artifact: Draw a card."") Friends forever (You can have two commanders if both have friends forever.)",GR
Elminster,4eac2b49-6cb6-4ff4-8fac-2ba669326640,clb,274,Legendary Planeswalker — Elminster,"Whenever you scry, the next instant or sorcery spell you cast this turn costs {X} less to cast, where X is the number of cards looked at while scrying this way. +2: Draw a card, then scry 2. −3: Exile the top card of your library. Create a number of 1/1 blue Faerie Dragon creature tokens with flying equal to that card's mana value. Elminster can be your commander.",UW
"Eloise, Nephalia Sleuth",bf81da34-4c2b-4e54-a60b-46ab41f72431,mic,3,Legendary Creature — Human Rogue,"Whenever another creature you control dies, investigate. (Create a Clue token. It's an artifact with ""{2}, Sacrifice this token: Draw a card."") Whenever you sacrifice a token, surveil 1. (Look at the top card of your library. You may put that card into your graveyard.)",BU
"Elrond, Lord of Rivendell",a62a5e55-fa1b-4c70-9293-740dd513d52e,ltr,49,Legendary Creature — Elf Noble,"Whenever Elrond or another creature you control enters, scry 1. If this is the second time this ability has resolved this turn, the Ring tempts you.",U
"Elrond, Master of Healing",d26ffb2c-f7a5-4a4f-9b99-c8de9dfd49da,ltr,200,Legendary Creature — Elf Noble,"Whenever you scry, put a +1/+1 counter on each of up to X target creatures, where X is the number of cards looked at while scrying this way. Whenever a creature you control with a +1/+1 counter on it becomes the target of a spell or ability an opponent controls, you may draw a card.",GU
Elrond of the White Council,4cdfb792-fe55-4aa0-88df-4296db794bc5,ltc,51,Legendary Creature — Elf Noble,"Secret council — When Elrond enters, each player secretly votes for fellowship or aid, then those votes are revealed. For each fellowship vote, the voter chooses a creature they control. You gain control of each creature chosen this way, and they gain ""This creature can't attack its owner."" Then for each aid vote, put a +1/+1 counter on each creature you control.",GU
Elsha of the Infinite,c0728027-a1ec-4814-87c4-10c3baced0e0,2x2,208,Legendary Creature — Djinn Monk,"Prowess (Whenever you cast a noncreature spell, this creature gets +1/+1 until end of turn.) You may look at the top card of your library any time. You may cast noncreature spells from the top of your library. If you cast a spell this way, you may cast it as though it had flash.",RUW
"Elsha, Threefold Master",eee11606-5902-41d3-aec6-d6a3da01091b,tdc,2,Legendary Creature — Djinn Monk,"Trample Prowess (Whenever you cast a noncreature spell, this creature gets +1/+1 until end of turn.) Whenever Elsha deals combat damage to a player, create that many 1/1 white Monk creature tokens with prowess.",RUW
"Eluge, the Shoreless Sea",1f2bf6ba-cd1a-4382-9572-6dfbcf6ed0c6,blb,49,Legendary Creature — Elemental Fish,"Eluge's power and toughness are each equal to the number of Islands you control. Whenever Eluge enters or attacks, put a flood counter on target land. It's an Island in addition to its other types for as long as it has a flood counter on it. The first instant or sorcery spell you cast each turn costs {U} (or {1}) less to cast for each land you control with a flood counter on it.",U
Emet-Selch of the Third Seat,dd3141de-633e-48e3-a89f-a91339f5e882,fic,81,Legendary Creature — Elder Wizard,"Spells you cast from your graveyard cost {2} less to cast. Whenever one or more opponents lose life, you may cast target instant or sorcery card from your graveyard. If that spell would be put into your graveyard, exile it instead. Do this only once each turn.",BU
"Emet-Selch, Unsundered // Hades, Sorcerer of Eld",75cf4eb8-33e7-4dfc-b890-a7e3b5c1b9d5,fin,218,Legendary Creature — Elder Wizard // Legendary Creature — Avatar,,BU
Emiel the Blessed,0f594562-7e9f-47e6-a033-fb70e3cf1e10,2x2,10,Legendary Creature — Unicorn,"{3}: Exile another target creature you control, then return it to the battlefield under its owner's control. Whenever another creature you control enters, you may pay {G/W}. If you do, put a +1/+1 counter on it. If it's a Unicorn, put two +1/+1 counters on it instead. ({G/W} can be paid with either {G} or {W}.)",GW
Emissary Green,323e9430-b87c-4b02-9ade-c4c65343147b,clu,5,Legendary Creature — Human Advisor,"Whenever Emissary Green attacks, starting with you, each player votes for profit or security. You create a number of Treasure tokens equal to twice the number of profit votes. Put a number of +1/+1 counters on each creature you control equal to the number of security votes.",G
"Emmara, Soul of the Accord",41b930ee-e16b-4612-87de-c03ecc6ff6db,grn,168,Legendary Creature — Elf Cleric,"Whenever Emmara becomes tapped, create a 1/1 white Soldier creature token with lifelink.",GW
Emmara Tandris,7d415858-5f7d-406c-bb30-b4c48ebaad08,c19,191,Legendary Creature — Elf Shaman,Prevent all damage that would be dealt to creature tokens you control.,GW
"Emmara, Voice of the Conclave",fa288e07-2fa4-4cf4-8bdd-d92a66827382,ymkm,22,Legendary Creature — Elf Cleric,"Convoke When Emmara, Voice of the Conclave enters, draft a card from Emmara, Voice of the Conclave's spellbook.",GW
Emperor Apatzec Intli IV,b6987c56-8bd5-40b6-8e4f-44d2dab801d6,yotj,21,Legendary Creature — Human Noble,"Whenever another creature enters under your control, that creature perpetually gains haste if its power is 4 or greater. If its toughness is 4 or greater, you gain 4 life. If its mana value is 4 or greater, seek a creature card.",GRW
Emperor Mihail II,444ccd33-e88f-4d37-8a99-e10096eef5d3,lcc,155,Legendary Creature — Merfolk Noble,"You may look at the top card of your library any time. You may cast Merfolk spells from the top of your library. Whenever you cast a Merfolk spell, you may pay {1}. If you do, create a 1/1 blue Merfolk creature token.",U
Empress Galina,6851dbc7-f072-41e7-a899-897445d99425,inv,54,Legendary Creature — Merfolk Noble,"{U}{U}, {T}: Gain control of target legendary permanent. (This effect lasts indefinitely.)",U
"Emrakul, the Promised End",71911392-42b0-4b6d-baf7-918a4bd3b924,inr,5,Legendary Creature — Eldrazi,"This spell costs {1} less to cast for each card type among cards in your graveyard. When you cast this spell, you gain control of target opponent during that player's next turn. After that turn, that player takes an extra turn. Flying, trample, protection from instants",
"Emrakul, the World Anew",b914bfd9-5be3-4459-a68a-9b3ea2747bbc,mh3,6,Legendary Creature — Eldrazi,"When you cast this spell, gain control of all creatures target player controls. Flying, protection from spells and from permanents that were cast this turn When Emrakul leaves the battlefield, sacrifice all creatures you control. Madness—Pay six {C}.",
"Emry, Lurker of the Loch",c977d89a-bfd1-4e98-9d95-3e41c53dd188,eoc,71,Legendary Creature — Merfolk Wizard,"Affinity for artifacts (This spell costs {1} less to cast for each artifact you control.) When Emry enters, mill four cards. {T}: Choose target artifact card in your graveyard. You may cast that card this turn. (You still pay its costs. Timing rules still apply.)",U
"Endrek Sahr, Master Breeder",123490fb-5908-45f2-b376-7959ccdf9c3e,cmm,155,Legendary Creature — Human Wizard,"Whenever you cast a creature spell, create X 1/1 black Thrull creature tokens, where X is that spell's mana value. When you control seven or more Thrulls, sacrifice Endrek Sahr.",B
"Enkira, Hostile Scavenger",f7cad73d-312c-4ea5-93c7-8a422b16f207,slx,20,Legendary Creature — Human Warrior,"When Enkira, Hostile Scavenger enters, create two Walker tokens. (They're 2/2 black Zombie creatures.) As long as Enkira is equipped, it must be blocked if able. Whenever Enkira and at least two Zombies attack, Enkira gains indestructible until end of turn.",BG
"Éomer, King of Rohan",5f48930a-d7bd-410b-995a-4e2837aabb25,ltc,52,Legendary Creature — Human Noble,"Double strike Éomer enters with a +1/+1 counter on it for each other Human you control. When Éomer enters, target player becomes the monarch. Éomer deals damage equal to its power to any target.",RW
"Éomer, Marshal of Rohan",0bd31ce9-9551-4efe-8bd2-b97d8efbf75e,ltr,120,Legendary Creature — Human Knight,"Haste Whenever one or more other attacking legendary creatures you control die, untap all creatures you control. After this phase, there is an additional combat phase. This ability triggers only once each turn.",R
Éomer of the Riddermark,d920fcaf-4988-4186-962d-cdda25d79e7b,ltr,121,Legendary Creature — Human Knight,"Haste Whenever Éomer attacks, if you control a creature with the greatest power among creatures on the battlefield, create a 1/1 white Human Soldier creature token.",R
"Éowyn, Fearless Knight",adffb389-c9a3-41c4-b078-292a2bcf870d,ltr,201,Legendary Creature — Human Knight,"Haste When Éowyn enters, exile target creature an opponent controls with greater power. Legendary creatures you control gain protection from each of that creature's colors until end of turn.",RW
"Éowyn, Lady of Rohan",e59710c4-24de-419e-a8a0-e8392d450c23,ltr,10,Legendary Creature — Human Noble,"At the beginning of combat on your turn, target creature gains your choice of first strike or vigilance until end of turn. If that creature is equipped, it gains first strike and vigilance until end of turn instead. Equip abilities you activate cost {1} less to activate.",W
"Éowyn, Shieldmaiden",dd4a00ff-2206-4e12-a0ab-61ed82c9e6c5,ltc,1,Legendary Creature — Human Knight,"First strike At the beginning of combat on your turn, if another Human entered the battlefield under your control this turn, create two 2/2 red Human Knight creature tokens with trample and haste. Then if you control six or more Humans, draw a card.",RUW
"Ephara, God of the Polis",6832e495-7ee9-43e0-94ea-03c88344080e,bng,145,Legendary Enchantment Creature — God,"Indestructible As long as your devotion to white and blue is less than seven, Ephara isn't a creature. At the beginning of each upkeep, if you had another creature enter the battlefield under your control last turn, draw a card.",UW
"Erebos, Bleak-Hearted",84701927-799f-4af4-85b8-389f903c5bc0,cmm,868,Legendary Enchantment Creature — God,"Indestructible As long as your devotion to black is less than five, Erebos isn't a creature. Whenever another creature you control dies, you may pay 2 life. If you do, draw a card. {1}{B}, Sacrifice another creature: Target creature gets -2/-1 until end of turn.",B
"Erebos, God of the Dead",d0787e1f-0b75-44ab-a8fd-90358906a787,ths,85,Legendary Enchantment Creature — God,"Indestructible As long as your devotion to black is less than five, Erebos isn't a creature. (Each {B} in the mana costs of permanents you control counts toward your devotion to black.) Your opponents can't gain life. {1}{B}, Pay 2 life: Draw a card.",B
Erestor of the Council,de17d520-cb32-4fb1-830b-8494ea118e9b,ltc,53,Legendary Creature — Elf Noble,"Whenever players finish voting, each opponent who voted for a choice you voted for creates a Treasure token. You scry X, where X is the number of opponents who voted for a choice you didn't vote for. Draw a card.",GU
Eriette of the Charmed Apple,ecead4cd-47ae-4c42-b15c-1b29b5caba18,woe,202,Legendary Creature — Human Warlock,"Each creature that's enchanted by an Aura you control can't attack you or planeswalkers you control. At the beginning of your end step, each opponent loses X life and you gain X life, where X is the number of Auras you control.",BW
"Eriette, the Beguiler",f46c133a-7ae4-431b-88f2-ec606a7baf69,otj,202,Legendary Creature — Human Warlock,"Lifelink Whenever an Aura you control becomes attached to a nonland permanent an opponent controls with mana value less than or equal to that Aura's mana value, gain control of that permanent for as long as that Aura is attached to it.",BUW
"Erinis, Gloom Stalker",b6a7d041-957a-4b19-9517-214689dadd45,clb,230,Legendary Creature — Halfling Ranger,"Deathtouch Whenever Erinis attacks, return target land card from your graveyard to the battlefield. Choose a Background (You can have a Background as a second commander.)",G
"Eris, Roar of the Storm",1adce281-4d5a-44d2-8cfa-25f860b015ff,otc,5,Legendary Creature — Elemental Warlock,"This spell costs {2} less to cast for each different mana value among instant and sorcery cards in your graveyard. Flying, prowess Whenever you cast your second spell each turn, create a 4/4 red Dragon Elemental creature token with flying and prowess.",RU
"Erkenbrand, Lord of Westfold",38f81e68-cddd-47f4-b1d1-a297c3298c25,ltr,123,Legendary Creature — Human Soldier,"Whenever Erkenbrand or another Human you control enters, creatures you control get +1/+0 until end of turn.",R
Eron the Relentless,bcf16fb0-f60f-4b96-b5a6-2a42ae01e8cb,tsb,61,Legendary Creature — Human Rogue,Haste {R}{R}{R}: Regenerate Eron.,R
Errant and Giada,54aa2d03-7713-44d4-8fca-45c6f77b174b,mom,224,Legendary Creature — Human Angel,Flash Flying You may look at the top card of your library any time. You may cast spells with flash or flying from the top of your library.,UW
"Errant, Street Artist",61d23407-9fe0-4cbf-b4b5-bc1e132c36e4,snc,41,Legendary Creature — Human Rogue,"Flash Defender, haste {1}{U}, {T}: Copy target spell you control that wasn't cast. You may choose new targets for the copy.",U
Ertai Resurrected,7f7e780e-fbc5-4dc0-b5c7-efcb8645c7c6,dmu,199,Legendary Creature — Phyrexian Human Wizard,"Flash When Ertai Resurrected enters, choose up to one — • Counter target spell, activated ability, or triggered ability. Its controller draws a card. • Destroy another target creature or planeswalker. Its controller draws a card.",BU
"Ertai, the Corrupted",66b950d9-8fef-4deb-b51b-26edb90abc56,pls,107,Legendary Creature — Phyrexian Human Wizard,"{U}, {T}, Sacrifice a creature or enchantment: Counter target spell.",BUW
"Ertai, Wizard Adept",91971e19-61ce-45ac-b700-9ffca5091a27,exo,33,Legendary Creature — Human Wizard,"{2}{U}{U}, {T}: Counter target spell.",U
"Ertha Jo, Frontier Mentor",a4e81be6-6447-4f1e-be00-6fcdb2ab35af,otj,203,Legendary Creature — Kor Advisor,"When Ertha Jo enters, create a 1/1 red Mercenary creature token with ""{T}: Target creature you control gets +1/+0 until end of turn. Activate only as a sorcery."" Whenever you activate an ability that targets a creature or player, copy that ability. You may choose new targets for the copy.",RW
"Eruth, Tormented Prophet",9f764077-df2d-4ac7-b507-2c8e08386d49,vow,237,Legendary Creature — Human Wizard,"If you would draw a card, exile the top two cards of your library instead. You may play those cards this turn.",RU
Eshki Dragonclaw,0d369c44-78ee-4f3c-bf2b-cddba7fe26d4,tdm,182,Legendary Creature — Human Warrior,"Vigilance, trample, ward {1} At the beginning of combat on your turn, if you've cast both a creature spell and a noncreature spell this turn, draw a card and put two +1/+1 counters on Eshki Dragonclaw.",GRU
"Eshki, Temur's Roar",ff9aa863-8773-452d-946c-ae334c632e11,tdc,3,Legendary Creature — Human Warrior,"Whenever you cast a creature spell, put a +1/+1 counter on Eshki. If that spell's power is 4 or greater, draw a card. If that spell's power is 6 or greater, Eshki deals damage equal to Eshki's power to each opponent.",GRU
"Esika, God of the Tree // The Prismatic Bridge",f6cd7465-9dd0-473c-ac5e-dd9e2f22f5f6,khm,168,Legendary Creature — God // Legendary Enchantment,,BGRUW
Esika's Chariot,a87606cc-fbf0-4e2c-9798-f1c935d0573d,khm,169,Legendary Artifact — Vehicle,"When Esika's Chariot enters, create two 2/2 green Cat creature tokens. Whenever Esika's Chariot attacks, create a token that's a copy of target token you control. Crew 4",G
"Esior, Wardwing Familiar",86958821-76eb-43a5-974b-7c945e826a66,cmr,67,Legendary Creature — Bird,Flying Spells your opponents cast that target one or more commanders you control cost {3} more to cast. Partner (You can have two commanders if both have partner.),U
"Esix, Fractal Bloom",2e390f8e-1dd5-4383-83f5-45f20f18d410,mkc,210,Legendary Creature — Fractal,"Flying The first time you would create one or more tokens during each of your turns, you may instead choose a creature other than Esix and create that many tokens that are copies of that creature.",GU
Estinien Varlineau,7812c768-8417-4689-9a51-f577c1cf5dc0,fic,82,Legendary Creature — Elf Warrior,"Whenever you cast a noncreature spell, put a +1/+1 counter on Estinien Varlineau. It gains flying until end of turn. At the beginning of your second main phase, you draw X cards and lose X life, where X is the number of your opponents who were dealt combat damage by Estinien Varlineau or a Dragon this turn.",BW
"Estrid, the Masked",3340b83e-72dc-42e2-9f93-92f732c047df,c18,40,Legendary Planeswalker — Estrid,"+2: Untap each enchanted permanent you control. −1: Create a white Aura enchantment token named Mask attached to another target permanent. The token has enchant permanent and umbra armor. −7: Mill seven cards. Return all non-Aura enchantment cards from your graveyard to the battlefield, then do the same for Aura cards. Estrid, the Masked can be your commander.",GUW
"Etali, Primal Conqueror // Etali, Primal Sickness",95c14c4d-6c16-4826-8d93-d89ad04aee09,mom,137,Legendary Creature — Elder Dinosaur // Legendary Creature — Phyrexian Elder Dinosaur,,GR
"Etali, Primal Storm",b6af9894-95b5-4c8e-902f-a9ba70f02e4a,fdn,194,Legendary Creature — Elder Dinosaur,"Whenever Etali attacks, exile the top card of each player's library, then you may cast any number of spells from among those cards without paying their mana costs.",R
"Ethrimik, Imagined Fiend",d31a8561-84a0-49a2-9e05-d6bd72b35385,ydsk,1,Legendary Creature — Illusion Beast,"When Ethrimik enters, manifest dread. Other creatures you control get +1/+1. As long as you control another creature, Ethrimik can't attack or block.",W
"Etrata, Deadly Fugitive",4410db5a-62af-43ac-979d-88a7c975f7bd,mkm,200,Legendary Creature — Vampire Assassin,"Deathtouch Face-down creatures you control have ""{2}{U}{B}: Turn this creature face up. If you can't, exile it, then you may cast the exiled card without paying its mana cost."" Whenever an Assassin you control deals combat damage to an opponent, cloak the top card of that player's library.",BU
"Etrata, the Silencer",fa36b142-e67e-49da-9080-c5994e275266,grn,170,Legendary Creature — Vampire Assassin,"Etrata can't be blocked. Whenever Etrata deals combat damage to a player, exile target creature that player controls and put a hit counter on that card. That player loses the game if they own three or more exiled cards with hit counters on them. Etrata's owner shuffles Etrata into their library.",BU
"Euru, Acorn Scrounger",7c6c8540-9f2d-4abe-8acf-1d6670608364,yblb,24,Legendary Creature — Squirrel Soldier,"When Euru, Acorn Scrounger enters, you may forage. When you do, conjure a card named Chitterspitter onto the battlefield. Whenever one or more Squirrels you control deal combat damage to a player, you may sacrifice a token. If you do, put an acorn counter on each permanent you control named Chitterspitter.",BG
Eutropia the Twice-Favored,c2159949-3d21-448d-bc34-a3dbaf219476,thb,216,Legendary Creature — Human Wizard,"Constellation — Whenever an enchantment you control enters, put a +1/+1 counter on target creature. That creature gains flying until end of turn.",GU
"Evelyn, the Covetous",c0dad61f-36cd-46af-82b7-a02e04efd676,snc,184,Legendary Creature — Vampire Rogue,"Flash Whenever Evelyn or another Vampire you control enters, exile the top card of each player's library with a collection counter on it. Once each turn, you may play a card from exile with a collection counter on it if it was exiled by an ability you controlled, and you may spend mana as though it were mana of any color to cast it.",BRU
"Evereth, Viceroy of Plunder",f9c9c0be-8c69-45e5-bdcb-e62ddb05e532,j25,41,Legendary Creature — Vampire Soldier,"Flying Sacrifice another creature or artifact: Put a +1/+1 counter on Evereth. If the sacrificed permanent was a Treasure, Evereth gains lifelink until end of turn. Activate only as a sorcery. When Evereth dies, you may pay {1}{B/R}. When you do, Evereth deals damage equal to its power to each opponent.",BR
Evie Frye,62f1ff84-d363-4aa2-b884-e9640cf62537,acr,19,Legendary Creature — Human Assassin,"Partner with Jacob Frye (When this creature enters, target player may put Jacob into their hand from their library, then shuffle.) {1}, {T}: Draw a card, then discard a card. When you discard a creature card this way, target creature you control can't be blocked this turn.",U
"Evin, Waterdeep Opportunist",c35accd3-92ee-4b0b-a30a-4dcd3252d1b8,slx,26,Legendary Creature — Human Rogue,"Menace Ward—Sacrifice a creature. Evin gets +2/+0 for each Treasure you control. Whenever one or more players sacrifice one or more creatures, you create a tapped Treasure token. This ability triggers only once each turn.",B
"Evra, Halcyon Witness",02f57a57-8ce8-4d01-9b91-99ec0623d1e9,dom,16,Legendary Creature — Avatar,Lifelink {4}: Exchange your life total with Evra's power.,W
"Exava, Rakdos Blood Witch",6cb72a64-89e7-4b0e-a3d3-1309829071d2,dgm,69,Legendary Creature — Human Cleric,"First strike, haste Unleash (You may have this creature enter with a +1/+1 counter on it. It can't block as long as it has a +1/+1 counter on it.) Each other creature you control with a +1/+1 counter on it has haste.",BR
"Exdeath, Void Warlock // Neo Exdeath, Dimension's End",1b4bab87-4000-461d-8b58-d34928fee305,fin,220,Legendary Creature — Spirit Warlock // Legendary Creature — Spirit Avatar,,BG
Experiment Kraj,6d938197-2557-421a-985e-5add932d4bac,cmm,337,Legendary Creature — Ooze Mutant,Experiment Kraj has all activated abilities of each other creature with a +1/+1 counter on it. {T}: Put a +1/+1 counter on target creature.,GU
"Extus, Oriq Overlord // Awaken the Blood Avatar",ba09360a-067e-48a5-bdc5-a19fd066a785,stx,149,Legendary Creature — Human Warlock // Sorcery,,BRW
"Ezekiel Sims, Spider-Totem",bb7c3ae2-6b01-4472-8bd1-9a7456401ddc,spm,100,Legendary Creature — Spider Human Advisor,"Reach At the beginning of combat on your turn, target Spider you control gets +2/+2 until end of turn.",G
Ezio Auditore da Firenze,dae9ee75-30b8-4e24-af8b-031c816d3221,acr,25,Legendary Creature — Human Assassin,"Menace Assassin spells you cast have freerunning {B}{B}. (You may cast a spell for its freerunning cost if you dealt combat damage to a player this turn with an Assassin or commander.) Whenever Ezio deals combat damage to a player, you may pay {W}{U}{B}{R}{G} if that player has 10 or less life. When you do, that player loses the game.",BGRUW
"Ezio, Blade of Vengeance",bbdc8019-9b5e-4d9a-a09b-2a14f41ddfe1,acr,275,Legendary Creature — Human Assassin,"Deathtouch (Any amount of damage this deals to a creature is enough to destroy it.) Whenever an Assassin you control deals combat damage to a player, draw a card.",BU
"Ezio, Brash Novice",3351cae2-87be-4438-ba58-f4f4aff2416c,acr,55,Legendary Creature — Human,"Whenever Ezio attacks, put a +1/+1 counter on it. As long as Ezio has two or more counters on it, it has first strike and is an Assassin in addition to its other types.",RW
"Ezrim, Agency Chief",9554d5f2-7a33-4734-8cf3-dfae2ccc3596,mkm,202,Legendary Creature — Archon Detective,"Flying When Ezrim enters, investigate twice. (To investigate, create a Clue token. It's an artifact with ""{2}, Sacrifice this token: Draw a card."") {1}, Sacrifice an artifact: Ezrim gains your choice of vigilance, lifelink, or hexproof until end of turn.",UW
"Ezuri, Claw of Progress",6bf721b0-2b5a-4085-b50c-89cbe7420673,2x2,211,Legendary Creature — Phyrexian Elf Warrior,"Whenever a creature you control with power 2 or less enters, you get an experience counter. At the beginning of combat on your turn, put X +1/+1 counters on another target creature you control, where X is the number of experience counters you have.",GU
"Ezuri, Renegade Leader",8a448dbf-08a1-4145-a4b2-0265cc9f2e53,ddu,1,Legendary Creature — Elf Warrior,{G}: Regenerate another target Elf. {2}{G}{G}{G}: Elf creatures you control get +3/+3 and gain trample until end of turn.,G
"Ezuri, Stalker of Spheres",d38961ce-0257-412f-acec-c5c9886061f8,one,201,Legendary Creature — Phyrexian Elf Warrior,"When Ezuri enters, you may pay {3}. If you do, proliferate twice. Whenever you proliferate, draw a card.",GU
Faceless One,25564fba-5765-457b-8dd3-f26b877221b8,clb,1,Legendary Enchantment Creature — Background,"If Faceless One is your commander, choose a color before the game begins. Faceless One is the chosen color. Choose a Background (You can have a Background as a second commander.)",
"Fain, the Broker",7f1ff9e5-3d69-43a9-965c-2d87951cfd2b,otc,133,Legendary Creature — Human Warlock,"{T}, Sacrifice a creature: Put two +1/+1 counters on target creature. {T}, Remove a counter from a creature you control: Create a Treasure token. {T}, Sacrifice an artifact: Create a 2/1 white and black Inkling creature token with flying. {3}{B}: Untap Fain.",B
"Falco Spara, Pactweaver",ae25db8c-3d10-4196-b002-9d2aabd5f4de,snc,186,Legendary Creature — Bird Demon,"Flying, trample Falco Spara enters with a shield counter on it. You may look at the top card of your library any time. You may cast spells from the top of your library by removing a counter from a creature you control in addition to paying their other costs.",GUW
"Faldorn, Dread Wolf Herald",213e530e-33a9-4358-b43b-4a276a7e7190,clb,647,Legendary Creature — Human Druid,"Whenever you cast a spell from exile or a land you control enters from exile, create a 2/2 green Wolf creature token. {1}, {T}, Discard a card: Exile the top card of your library. You may play it this turn.",GR
"Falthis, Shadowcat Familiar",84537fea-ad81-4a9a-99d4-722a938adc7d,cmr,126,Legendary Creature — Nightmare Cat,Commanders you control have menace and deathtouch. Partner (You can have two commanders if both have partner.),B
"Fandaniel, Telophoroi Ascian",08c9bf6c-fc52-4565-96d1-951a314e59e5,fic,46,Legendary Creature — Elder Wizard,"Whenever you cast an instant or sorcery spell, surveil 1. At the beginning of your end step, each opponent may sacrifice a nontoken creature of their choice. Each opponent who doesn't loses 2 life for each instant and sorcery card in your graveyard.",B
"Fang, Fearless l'Cie",f73a5cbb-905f-4b99-8d23-9d1b6bd47ee8,fin,99,Legendary Creature — Human Warrior,"Whenever one or more cards leave your graveyard, you draw a card and you lose 1 life. This ability triggers only once each turn. (Melds with Vanille, Cheerful l'Cie.)",B
"Fangorn, Tree Shepherd",0fb0f946-2127-4aa3-88ac-9bd2e94d8983,ltr,166,Legendary Creature — Treefolk,"Treefolk you control have vigilance. Whenever one or more Treefolk you control attack, add twice that much {G}. You don't lose unspent green mana as steps and phases end.",G
"Faramir, Field Commander",17c2250a-9af1-40de-9f09-7e8c7daec520,ltr,14,Legendary Creature — Human Soldier,"At the beginning of your end step, if a creature died under your control this turn, draw a card. Whenever the Ring tempts you, if you chose a creature other than Faramir as your Ring-bearer, create a 1/1 white Human Soldier creature token.",W
"Faramir, Prince of Ithilien",8700923a-e9ff-4ced-87fe-1ab26554623a,ltr,202,Legendary Creature — Human Noble,"At the beginning of your end step, choose an opponent. At the beginning of that player's next end step, you draw a card if they didn't attack you that turn. Otherwise, create three 1/1 white Human Soldier creature tokens.",UW
"Faramir, Steward of Gondor",5c3e8a30-de2a-4d8f-a929-5abeaea2e65a,ltc,54,Legendary Creature — Human Noble,"Whenever a legendary creature you control with mana value 4 or greater enters, you become the monarch. At the beginning of your end step, if you're the monarch, create two 1/1 white Human Soldier creature tokens.",UW
"Far Fortune, End Boss",f523e96d-9df1-4854-accb-9876aef787e5,dft,203,Legendary Creature — Human Mercenary,"Start your engines! (If you have no speed, it starts at 1. It increases once on each of your turns when an opponent loses life. Max speed is 4.) Whenever you attack, Far Fortune deals 1 damage to each opponent. Max speed — If a source you control would deal damage to an opponent or a permanent an opponent controls, it deals that much damage plus 1 instead.",BR
"Farideh, Devil's Chosen",1b2ff142-029b-4446-960a-2ff200fb9aee,afr,221,Legendary Creature — Tiefling Warlock,"Dark One's Own Luck — Whenever you roll one or more dice, Farideh gains flying and menace until end of turn. If any of those results was 10 or higher, draw a card.",RU
"Farid, Enterprising Salvager",003367c7-6cb8-4451-8349-76ce5d21e367,brc,13,Legendary Creature — Human Soldier,"Whenever a nontoken artifact you control is put into a graveyard from the battlefield, create a colorless artifact token named Scrap. {1}{R}, Sacrifice an artifact: Choose one — • Put a +1/+1 counter on Farid. It gains menace until end of turn. • Goad target creature. • Discard a card, then draw a card.",R
Farmer Cotton,25b49eaa-13e7-4f4e-b0dc-56ebd28a4a22,ltc,55,Legendary Creature — Halfling Peasant,"When this creature enters, create X 1/1 white Halfling creature tokens and X Food tokens. (They're artifacts with ""{2}, {T}, Sacrifice this token: You gain 3 life."")",GW
Far Traveler,cabc3688-2362-4757-a5be-087e577c4691,clb,17,Legendary Enchantment — Background,"Commander creatures you own have ""At the beginning of your end step, exile up to one target tapped creature you control, then return it to the battlefield under its owner's control.""",W
"Fblthp, Lost on the Range",01d3e6ea-4791-4948-af22-c1bd04c34c1e,otj,48,Legendary Creature — Homunculus,Ward {2} You may look at the top card of your library any time. The top card of your library has plot. The plot cost is equal to its mana cost. You may plot nonland cards from the top of your library.,U
"Fblthp, the Lost",79b2c547-0d9e-4fd7-a399-347ad908c70b,rvr,44,Legendary Creature — Homunculus,"When Fblthp enters, draw a card. If it entered from your library or was cast from your library, draw two cards instead. When Fblthp becomes the target of a spell, shuffle Fblthp into its owner's library.",U
"Feather, Radiant Arbiter",d763695b-c184-409d-962d-5aaf39a6264e,mkc,6,Legendary Creature — Angel,"Flying, lifelink Whenever you cast a noncreature spell that targets only Feather, you may choose any number of other creatures that spell could target and pay {2} for each of those creatures. If you do, for each of those creatures, copy that spell. The copy targets that creature. (Copies of permanent spells become tokens.)",RW
"Feather, the Redeemed",e4a2d2c6-8eaa-4760-b620-921b807baa2e,war,197,Legendary Creature — Angel,"Flying Whenever you cast an instant or sorcery spell that targets a creature you control, exile that card instead of putting it into your graveyard as it resolves. If you do, return it to your hand at the beginning of the next end step.",RW
Feldon of the Third Path,0360f1ff-15c9-48e3-89eb-fbc4bf140c55,moc,277,Legendary Creature — Human Artificer,"{2}{R}, {T}: Create a token that's a copy of target creature card in your graveyard, except it's an artifact in addition to its other types. It gains haste. Sacrifice it at the beginning of the next end step.",R
"Feldon, Ronom Excavator",5ca4cb0e-63ad-4275-a27f-da476260b467,bro,135,Legendary Creature — Human Artificer,"Haste Feldon can't block. Whenever Feldon is dealt damage, exile that many cards from the top of your library. Choose one of them. Until the end of your next turn, you may play that card.",R
"Felisa, Fang of Silverquill",18b8abf0-e8c3-4c19-bdf1-18aabe75a3de,clb,845,Legendary Creature — Vampire Wizard,"Flying Mentor (Whenever this creature attacks, put a +1/+1 counter on target attacking creature with lesser power.) Whenever a nontoken creature you control dies, if it had counters on it, create X tapped 2/1 white and black Inkling creature tokens with flying, where X is the number of counters it had on it.",BW
Felix Five-Boots,6800e935-d327-464c-ab88-7c0193827da3,otc,6,Legendary Creature — Ooze Rogue,"Menace, ward {2} If a creature you control dealing combat damage to a player causes a triggered ability of a permanent you control to trigger, that ability triggers an additional time.",BGU
"Felothar, Dawn of the Abzan",83e11f20-6524-4fba-9603-0b97e2d69aac,tdm,184,Legendary Creature — Human Warrior,"Trample Whenever Felothar enters or attacks, you may sacrifice a nonland permanent. When you do, put a +1/+1 counter on each creature you control.",BGW
Felothar the Steadfast,2c3549f6-25df-4ea7-84ad-922ccd4af6b2,tdc,4,Legendary Creature — Human Warrior,"Each creature you control assigns combat damage equal to its toughness rather than its power. Creatures you control can attack as though they didn't have defender. {3}, {T}, Sacrifice another creature: Draw cards equal to the sacrificed creature's toughness, then discard cards equal to its power.",BGW
Feywild Visitor,88e833a9-d82f-4942-a488-67d9c02817db,clb,70,Legendary Enchantment — Background,"Commander creatures you own have ""Whenever one or more nontoken creatures you control deal combat damage to a player, you create a 1/1 blue Faerie Dragon creature token with flying.""",U
"Finneas, Ace Archer",0dee197d-c313-4364-b52c-f83d5f579bc3,blb,212,Legendary Creature — Rabbit Archer,"Vigilance, reach Whenever Finneas attacks, put a +1/+1 counter on each other creature you control that's a token or a Rabbit. Then if creatures you control have total power 10 or greater, draw a card.",GW
Fire Lord Ozai,77e548c9-8bed-40c3-bcdd-9d97a82c885d,tle,104,Legendary Creature — Human Noble,"Whenever Fire Lord Ozai attacks, you may sacrifice another creature. If you do, add an amount of {R} equal to the sacrificed creature's power. Until end of combat, you don't lose this mana as steps end. {6}: Exile the top card of each opponent's library. Until end of turn, you may play one of those cards without paying its mana cost.",BR
Fire Lord Zuko,e62d3bcc-7bb4-42be-90a9-caf3c1caa29d,tla,221,Legendary Creature — Human Noble Ally,"Firebending X, where X is Fire Lord Zuko's power. (Whenever this creature attacks, add X {R}. This mana lasts until end of combat.) Whenever you cast a spell from exile and whenever a permanent you control enters from exile, put a +1/+1 counter on each creature you control.",BRW
Firesong and Sunspeaker,4d5edf4f-5695-42fc-9e57-c4faef60fbc3,2x2,215,Legendary Creature — Minotaur Cleric,"Red instant and sorcery spells you control have lifelink. Whenever a white instant or sorcery spell causes you to gain life, Firesong and Sunspeaker deals 3 damage to target creature or player.",RW
"Firion, Wild Rose Warrior",98366937-d15b-4a66-b9f6-878d50b63871,fin,137,Legendary Creature — Human Rebel Warrior,"Equipped creatures you control have haste. Whenever a nontoken Equipment you control enters, create a token that's a copy of it, except it has ""This Equipment's equip abilities cost {2} less to activate."" Sacrifice that token at the beginning of the next upkeep.",R
"Firja, Judge of Valor",df87077c-85d8-499e-bce0-27697caada5a,khm,209,Legendary Creature — Angel Cleric,"Flying, lifelink Whenever you cast your second spell each turn, look at the top three cards of your library. Put one of them into your hand and the rest into your graveyard.",BW
"Firkraag, Cunning Instigator",b55e624b-6f6a-42ae-89aa-0cc62ee55a31,clb,648,Legendary Creature — Dragon,"Flying, haste Whenever one or more Dragons you control attack an opponent, goad target creature that player controls. Whenever a creature deals combat damage to one of your opponents, if that creature had to attack this combat, you put a +1/+1 counter on Firkraag and you draw a card.",RU
"Flamewar, Brash Veteran // Flamewar, Streetwise Operative",876d9732-9201-4327-8748-7c87ec55453f,bot,10,Legendary Artifact Creature — Robot // Legendary Artifact — Vehicle,,BR
Flaming Fist,ec122c9f-5513-4ba7-ae04-3c2060121d73,clb,18,Legendary Enchantment — Background,"Commander creatures you own have ""Whenever this creature attacks, it gains double strike until end of turn.""",W
"Flash Thompson, Spider-Fan",44cf372b-f668-45e9-981e-4533295dcc74,spm,7,Legendary Creature — Human Citizen,"Flash When Flash Thompson enters, choose one or both— • Heckle — Tap target creature. • Hero Worship — Untap target creature.",W
"Flopsie, Bumi's Buddy",082f4abc-c09f-42cf-977f-060875dfd411,tla,179,Legendary Creature — Ape Goat,"When Flopsie enters, put a +1/+1 counter on each creature you control. Each creature you control with power 4 or greater can't be blocked by more than one creature.",G
"Florian, Voldaren Scion",3377d600-e43f-4cce-ae3f-541e519ee4ad,dsc,217,Legendary Creature — Vampire Noble,"First strike At the beginning of each of your postcombat main phases, look at the top X cards of your library, where X is the total amount of life your opponents lost this turn. Exile one of those cards and put the rest on the bottom of your library in a random order. You may play the exiled card this turn.",BR
"Flubs, the Fool",41e58eb8-e5b9-4ef6-be1f-00e28cebb998,blc,356,Legendary Creature — Frog Scout,"You may play an additional land on each of your turns. Whenever you play a land or cast a spell, draw a card if you have no cards in hand. Otherwise, discard a card.",GRU
Fluros of Myra's Marvels,4c974d9a-40a6-4072-90b2-01c3b3461a75,unf,46,Legendary Creature — Merfolk Performer,"As Fluros of Myra's Marvels enters, choose a number greater than 0. Whenever you cast a spell with power, toughness, or loyalty equal to the chosen number, target artifact or creature becomes an artifact creature with base power and toughness X/X until end of turn, where X is the chosen number. Partner",U
Folk Hero,a8b3aae8-fc36-45ed-84ed-efb8f543cada,clb,650,Legendary Enchantment — Background,"Commander creatures you own have ""Whenever you cast a spell that shares a creature type with this creature, draw a card. This ability triggers only once each turn.""",W
"Fortune, Loyal Steed",069294a8-e65a-47af-942f-7e99d18658f2,otj,12,Legendary Creature — Beast Mount,"When Fortune enters, scry 2. Whenever Fortune attacks while saddled, at end of combat, exile it and up to one creature that saddled it this turn, then return those cards to the battlefield under their owner's control. Saddle 1",W
"Francisco, Fowl Marauder",5182b527-739e-4523-8611-01244ced26ac,lcc,81,Legendary Creature — Bird Pirate,"Flying Francisco can't block. Whenever one or more Pirates you control deal damage to a player, Francisco explores. Partner (You can have two commanders if both have partner.)",B
Frankie Peanuts,440c3e8b-d9c6-46cd-9f39-86db077fb89d,und,5,Legendary Creature — Elephant Rogue,"At the beginning of your upkeep, you may ask target player a yes-or-no question. If you do, that player answers the question truthfully and abides by that answer if able until end of turn.",W
Freya Crescent,9921f646-e893-44db-ac89-0633c1009788,fin,138,Legendary Creature — Rat Knight,"Jump — During your turn, Freya Crescent has flying. {T}: Add {R}. Spend this mana only to cast an Equipment spell or activate an equip ability.",R
"Freyalise, Llanowar's Fury",52311be7-b484-4b14-a091-904c6b0c83d1,cmm,290,Legendary Planeswalker — Freyalise,"+2: Create a 1/1 green Elf Druid creature token with ""{T}: Add {G}."" −2: Destroy target artifact or enchantment. −6: Draw a card for each green creature you control. Freyalise, Llanowar's Fury can be your commander.",G
"Frodo, Adventurous Hobbit",328df403-7428-4b17-bdd1-9759fc0f32d8,ltc,2,Legendary Creature — Halfling Scout,"Partner with Sam, Loyal Attendant Vigilance Whenever Frodo attacks, if you gained 3 or more life this turn, the Ring tempts you. Then if Frodo is your Ring-bearer and the Ring has tempted you two or more times this game, draw a card.",BW
Frodo Baggins,de1c0399-9db8-4901-b72e-0010eb9b92b0,ltr,205,Legendary Creature — Halfling Scout,"Whenever Frodo Baggins or another legendary creature you control enters, the Ring tempts you. As long as Frodo Baggins is your Ring-bearer, it must be blocked if able.",GW
"Frodo, Determined Hero",83d1b37c-a8c6-4690-8701-3395397711e7,ltr,289,Legendary Creature — Halfling Warrior,"Whenever Frodo enters or attacks, you may attach target Equipment you control with mana value 2 or 3 to Frodo. During your turn, prevent all damage that would be dealt to Frodo.",W
"Frodo, Sauron's Bane",7d86dc2e-6f0c-4714-9d30-5d099d3b895c,ltr,18,Legendary Creature — Halfling Citizen,"{W/B}{W/B}: If Frodo is a Citizen, it becomes a Halfling Scout with base power and toughness 2/3 and lifelink. {B}{B}{B}: If Frodo is a Scout, it becomes a Halfling Rogue with ""Whenever this creature deals combat damage to a player, that player loses the game if the Ring has tempted you four or more times this game. Otherwise, the Ring tempts you.""",BW
Fumiko the Lowblood,d3ee3011-3d17-435d-a483-79b0419b589b,c20,152,Legendary Creature — Human Samurai,"Fumiko has bushido X, where X is the number of attacking creatures. (Whenever this creature blocks or becomes blocked, it gets +X/+X until end of turn.) Creatures your opponents control attack each combat if able.",R
"Fumulus, the Infestation",ee5e47c2-7648-4218-b42c-ed9650e12914,j25,42,Legendary Creature — Vampire Insect,"Flying, deathtouch Whenever a player sacrifices a nontoken creature, create a 1/1 black Insect creature token with flying. Whenever an Insect, Leech, Slug, or Worm you control attacks, defending player loses 1 life and you gain 1 life.",B
"Furgul, Quag Nurturer",32e5ddf3-d132-408e-a082-6a3fcf19bfc8,ymkm,23,Legendary Creature — Elf Shaman,"At the beginning of your end step, conjure a card named Slimy Dualleech onto the battlefield if you control no Leeches. Otherwise, put a +1/+1 counter on each Leech you control. {T}, Sacrifice a creature: Add an amount of {G} equal to the sacrificed creature's power.",BG
"Fynn, the Fangbearer",699efb9e-2649-432b-8b2d-10775114c314,fdn,637,Legendary Creature — Human Warrior,"Deathtouch (Any amount of damage this deals to a creature is enough to destroy it.) Whenever a creature you control with deathtouch deals combat damage to a player, that player gets two poison counters. (A player with ten or more poison counters loses the game.)",G
Gabriel Angelfire,2e349074-1402-44cf-be19-33a661cff3b6,me3,148,Legendary Creature — Angel,"At the beginning of your upkeep, choose flying, first strike, trample, or rampage 3. Gabriel Angelfire gains that ability until your next upkeep. (Whenever a creature with rampage 3 becomes blocked, it gets +3/+3 until end of turn for each creature blocking it beyond the first.)",GW
Gaddock Teeg,f40cfba1-08b5-4241-bd36-8ae18e584557,uma,199,Legendary Creature — Kithkin Advisor,Noncreature spells with mana value 4 or greater can't be cast. Noncreature spells with {X} in their mana costs can't be cast.,GW
"Gadrak, the Crown-Scourge",249bf4b2-9239-4303-9c5d-81d06f6b7fb1,tdc,214,Legendary Creature — Dragon,"Flying Gadrak can't attack unless you control four or more artifacts. At the beginning of your end step, create a Treasure token for each nontoken creature that died this turn. (It's an artifact with ""{T}, Sacrifice this token: Add one mana of any color."")",R
"Gadwick, the Wizened",62ddce0d-f22a-4fcd-9a4a-d71938750ba1,eld,48,Legendary Creature — Human Wizard,"When Gadwick enters, draw X cards. Whenever you cast a blue spell, tap target nonland permanent an opponent controls.",U
"Gahiji, Honored One",c658f583-c115-43c7-9986-2c6010549313,ncc,340,Legendary Creature — Beast,"Whenever a creature attacks one of your opponents or a planeswalker an opponent controls, that creature gets +2/+0 until end of turn.",GRW
Gaius van Baelsar,a4ee8ba5-6a79-4652-b2a4-a3dae804bc28,fin,102,Legendary Creature — Human Soldier,"When Gaius van Baelsar enters, choose one — • Each player sacrifices a creature token of their choice. • Each player sacrifices a nontoken creature of their choice. • Each player sacrifices an enchantment of their choice.",B
"Galadriel, Elven-Queen",8fa46d54-563d-4b5c-9c69-5ab37dd529b3,ltc,3,Legendary Creature — Elf Noble,"Will of the council — At the beginning of combat on your turn, if another Elf entered the battlefield under your control this turn, starting with you, each player votes for dominion or guidance. If dominion gets more votes, the Ring tempts you, then you put a +1/+1 counter on your Ring-bearer. If guidance gets more votes or the vote is tied, draw a card.",GU
"Galadriel, Gift-Giver",8229264e-af6c-4f1f-b86a-257889ace9ce,ltr,296,Legendary Creature — Elf Noble,"Whenever Galadriel enters or attacks, choose one — • Put a +1/+1 counter on another target creature. • Create a Food token. (It's an artifact with ""{2}, {T}, Sacrifice this token: You gain 3 life."") • Create a Treasure token. (It's an artifact with ""{T}, Sacrifice this token: Add one mana of any color."")",G
"Galadriel, Light of Valinor",f485596f-3a23-4714-ad7e-4c493ab1b530,ltc,498,Legendary Creature — Elf Noble,"Alliance — Whenever another creature you control enters, choose one that hasn't been chosen this turn — • Add {G}{G}{G}. • Put a +1/+1 counter on each creature you control. • Scry 2, then draw a card.",GUW
Galadriel of Lothlórien,a6e5c3b3-9a70-4a1c-bfb3-db27e51c4b8d,ltr,206,Legendary Creature — Elf Noble,"Whenever the Ring tempts you, if you chose a creature other than Galadriel as your Ring-bearer, scry 3. Whenever you scry, you may reveal the top card of your library. If a land card is revealed this way, put it onto the battlefield tapped.",GU
Galazeth Prismari,06c9158c-064b-4d12-b860-d2c1450d1897,stx,189,Legendary Creature — Elder Dragon,"Flying When Galazeth Prismari enters, create a Treasure token. Artifacts you control have ""{T}: Add one mana of any color. Spend this mana only to cast an instant or sorcery spell.""",RU
"Galea, Kindler of Hope",1efbea01-c6a1-4380-a14f-6206c7895e48,afc,1,Legendary Creature — Elf Knight,"Vigilance You may look at the top card of your library any time. You may cast Aura and Equipment spells from the top of your library. When you cast an Equipment spell this way, it gains ""When this Equipment enters, attach it to target creature you control.""",GUW
"Gale, Conduit of the Arcane",476144ef-fda4-4b93-b4ed-5acee54a1b65,hbg,6,Legendary Creature — Human Wizard,"Specialize {2} When Gale, Conduit of the Arcane enters, if you cast it, return target instant or sorcery card from your graveyard to your hand.",U
"Gale, Waterdeep Prodigy",67edf31f-ed67-4617-bf73-28a939a232a7,clb,72,Legendary Creature — Human Wizard,"Whenever you cast an instant or sorcery spell from your hand, you may cast up to one target card of the other type from your graveyard. If a spell cast from your graveyard this way would be put into your graveyard, exile it instead. Choose a Background (You can have a Background as a second commander.)",U
Gallia of the Endless Dance,0744f08e-a588-4efe-ad56-5e9ed91dda40,thb,217,Legendary Creature — Satyr,"Haste Other Satyrs you control get +1/+1 and have haste. Whenever you attack with three or more creatures, you may discard a card at random. If you do, draw two cards.",GR
Gallowbraid,8df86192-6374-42ac-94bc-95e2e8284bd6,wth,70,Legendary Creature — Phyrexian Horror,"Trample Cumulative upkeep—Pay 1 life. (At the beginning of your upkeep, put an age counter on this permanent, then sacrifice it unless you pay its upkeep cost for each age counter on it.)",B
"Ganax, Astral Hunter",9f5bb319-29b2-4a7c-82e9-f8b5e47909a1,clb,176,Legendary Creature — Dragon,"Flying Whenever Ganax or another Dragon you control enters, create a Treasure token. (It's an artifact with ""{T}, Sacrifice this token: Add one mana of any color."") Choose a Background (You can have a Background as a second commander.)",R
"Gandalf, Friend of the Shire",cc9cfcc7-be64-4871-8d52-851e43fe3305,ltr,50,Legendary Creature — Avatar Wizard,"Flash You may cast sorcery spells as though they had flash. Whenever the Ring tempts you, if you chose a creature other than Gandalf as your Ring-bearer, draw a card.",U
Gandalf of the Secret Fire,bc40e6dd-0aa8-4c37-a2eb-4dc9662e416e,ltc,507,Legendary Creature — Avatar Wizard,"Whenever you cast an instant or sorcery spell from your hand during an opponent's turn, exile that card with three time counters on it instead of putting it into your graveyard as it resolves. Then if the exiled card doesn't have suspend, it gains suspend. (At the beginning of your upkeep, remove a time counter. When the last is removed, you may play it without paying its mana cost.)",RUW
Gandalf the Grey,e2b975e6-e709-481f-bfbc-41a832508283,ltr,207,Legendary Creature — Avatar Wizard,"Whenever you cast an instant or sorcery spell, choose one that hasn't been chosen — • You may tap or untap target permanent. • Gandalf deals 3 damage to each opponent. • Copy target instant or sorcery spell you control. You may choose new targets for the copy. • Put Gandalf on top of its owner's library.",RU
Gandalf the White,e384c20b-d0c1-4781-9d11-e89e5a6bf3fc,ltr,19,Legendary Creature — Avatar Wizard,"Flash You may cast legendary spells and artifact spells as though they had flash. If a legendary permanent or an artifact entering or leaving the battlefield causes a triggered ability of a permanent you control to trigger, that ability triggers an additional time.",W
"Gandalf, Westward Voyager",56910251-6339-4f8b-b863-29caab4965d8,ltc,6,Legendary Creature — Avatar Wizard,"Whenever you cast a spell with mana value 5 or greater, each opponent reveals the top card of their library. If any of those cards shares a card type with that spell, copy that spell, you may choose new targets for the copy, and each opponent draws a card. Otherwise, you draw a card. (A copy of a permanent spell becomes a token.)",GU
"Gandalf, White Rider",b422ce26-06fb-4748-9c01-32c4be914a77,ltr,290,Legendary Creature — Avatar Wizard,"Vigilance Whenever you cast a spell, creatures you control get +1/+0 until end of turn. Scry 1. When Gandalf dies, you may put it into its owner's library fifth from the top.",W
"Gargos, Vicious Watcher",4e446e90-6e31-43ed-bcb1-a01422b503c0,m20,172,Legendary Creature — Hydra,"Vigilance Hydra spells you cast cost {4} less to cast. Whenever a creature you control becomes the target of a spell, Gargos fights up to one target creature you don't control.",G
"Garland, Knight of Cornelia // Chaos, the Endless",dd463dbe-5f2c-4d4f-86f8-ad8ff407af62,fin,221,Legendary Creature — Human Knight // Legendary Creature — Demon,,BR
"Garna, Bloodfist of Keld",5d7fcd03-fffe-467a-88a5-e583e32afd7a,fdn,658,Legendary Creature — Human Berserker,"Whenever another creature you control dies, draw a card if it was attacking. Otherwise, Garna deals 1 damage to each opponent.",BR
"Garna, the Bloodflame",732797d3-59e1-4fff-bcf0-22c2606a7a5f,dmc,151,Legendary Creature — Human Warrior,"Flash When Garna enters, return to your hand all creature cards in your graveyard that were put there from anywhere this turn. Other creatures you control have haste.",BR
"Garnet, Princess of Alexandria",b883df14-8d7b-4f6a-9a6a-2f71f5b6ddda,fin,222,Legendary Creature — Human Noble Cleric,"Lifelink Whenever Garnet attacks, you may remove a lore counter from each of any number of Sagas you control. Put a +1/+1 counter on Garnet for each lore counter removed this way.",GW
Garth One-Eye,23774462-9f17-4b50-a2ac-b2edd706bbfe,mh2,197,Legendary Creature — Human Wizard,"{T}: Choose a card name that hasn't been chosen from among Disenchant, Braingeyser, Terror, Shivan Dragon, Regrowth, and Black Lotus. Create a copy of the card with the chosen name. You may cast the copy. (You still pay its costs.)",BGRUW
"Garza Zol, Plague Queen",3570143b-183b-4ae2-8806-3d0c4cd7406e,csp,129,Legendary Creature — Vampire Noble,"Flying, haste Whenever a creature dealt damage by Garza Zol this turn dies, put a +1/+1 counter on Garza Zol. Whenever Garza Zol deals combat damage to a player, you may draw a card.",BRU
Gatta and Luzzu,4742c222-1f29-4e1a-a545-798d175255ca,fic,19,Legendary Creature — Human Soldier,"Flash When Gatta and Luzzu enters, choose target creature you control. If damage would be dealt to that creature this turn, prevent that damage and put that many +1/+1 counters on it.",W
"Gau, Feral Youth",89175ce1-0746-4ba1-970e-617d134b0527,fic,55,Legendary Creature — Human Berserker,"Rage — Whenever Gau attacks, put a +1/+1 counter on it. At the beginning of each end step, if a card left your graveyard this turn, Gau deals damage equal to its power to each opponent.",R
"Gavi, Nest Warden",80bc07d5-bdbb-4a6d-8958-0c172ea80245,c20,7,Legendary Creature — Human Shaman,"You may pay {0} rather than pay the cycling cost of the first card you cycle each turn. Whenever you draw your second card each turn, create a 2/2 red and white Dinosaur Cat creature token.",RUW
Geist of Saint Traft,541b9d55-f237-4ff2-9e47-c58a381f0633,voc,155,Legendary Creature — Spirit Cleric,"Hexproof (This creature can't be the target of spells or abilities your opponents control.) Whenever Geist of Saint Traft attacks, create a 4/4 white Angel creature token with flying that's tapped and attacking. Exile that token at end of combat.",UW
General Ferrous Rokiric,600dca0f-5964-45e7-86df-f16a5b4a0106,mh2,198,Legendary Creature — Human Soldier,"Hexproof from monocolored Whenever you cast a multicolored spell, create a 4/4 red and white Golem artifact creature token.",RW
General Jarkeld,6a4f5a28-0bd2-4cc4-b67f-324e89193caa,ice,27,Legendary Creature — Human Soldier,"{T}: Choose two target blocked attacking creatures. If each of those creatures could be blocked by all creatures that the other is blocked by, each creature that's blocking exactly one of those attacking creatures stops blocking it and is blocking the other attacking creature. Activate only during the declare blockers step.",W
"General Kreat, the Boltbringer",226fc101-abcc-4ed4-8c0b-3677dc8d8f0a,j25,48,Legendary Creature — Goblin Soldier,"Whenever one or more Goblins you control attack, create a 1/1 red Goblin creature token that's tapped and attacking. Whenever another creature you control enters, General Kreat deals 1 damage to each opponent.",R
General Kudro of Drannith,2c3227ae-0c72-478a-a6dd-661aaf718038,iko,187,Legendary Creature — Human Soldier,"Other Humans you control get +1/+1. Whenever General Kudro or another Human you control enters, exile target card from an opponent's graveyard. {2}, Sacrifice two Humans: Destroy target creature with power 4 or greater.",BW
General Leo Cristophe,39384ab7-54da-43e3-8fbc-5c171b7ca7f4,fic,20,Legendary Creature — Human Soldier,"When General Leo Cristophe enters, return up to one target creature card with mana value 3 or less from your graveyard to the battlefield. Then put a +1/+1 counter on General Leo Cristophe for each creature you control.",W
General Marhault Elsdragon,bf2931bd-bedc-45e8-b3f0-e2a220dbac1b,dmc,31,Legendary Creature — Elf Warrior,"Whenever a creature you control becomes blocked, it gets +3/+3 until end of turn for each creature blocking it.",GR
General Tazri,34e9aa86-1a31-4c0f-928d-923f066286b6,ogw,19,Legendary Creature — Human Ally,"When General Tazri enters, you may search your library for an Ally creature card, reveal it, put it into your hand, then shuffle. {W}{U}{B}{R}{G}: Ally creatures you control get +X/+X until end of turn, where X is the number of colors among those creatures.",BGRUW
"Genku, Future Shaper",0cbcc962-65c4-496d-8034-75c8d204dba3,mh3,186,Legendary Creature — Moonfolk Wizard,"Whenever another nontoken permanent you control leaves the battlefield, choose one that hasn't been chosen this turn. Create a creature token with those characteristics. • 2/2 white Fox with vigilance. • 1/2 blue Moonfolk with flying. • 1/1 black Rat with lifelink. {3}{W}{U}: Put a +1/+1 counter on each creature you control.",UW
"Geralf, the Fleshwright",afe3b678-b340-4c53-bbf6-19252a809d73,otj,50,Legendary Creature — Human Warlock,"Whenever you cast a spell during your turn other than your first spell that turn, create a 2/2 blue and black Zombie Rogue creature token. Whenever a Zombie you control enters, put a +1/+1 counter on it for each other Zombie that entered the battlefield under your control this turn.",U
"Geralf, Visionary Stitcher",69890076-9cc4-434f-8618-63b00fdf4515,vow,61,Legendary Creature — Human Wizard,"Zombies you control have flying. {U}, {T}, Sacrifice another nontoken creature: Create an X/X blue Zombie creature token, where X is the sacrificed creature's toughness.",U
Gerrard Capashen,447c8c98-ac0e-4a12-a99e-f75d82b7a51f,dde,46,Legendary Creature — Human Soldier,"At the beginning of your upkeep, you gain 1 life for each card in target opponent's hand. {3}{W}: Tap target creature. Activate only if Gerrard Capashen is attacking.",W
"Gerrard, Weatherlight Hero",c835a37a-776a-44ef-a252-4af1f31bf0b3,c19,41,Legendary Creature — Human Soldier,"First strike When Gerrard dies, exile it and return to the battlefield all artifact and creature cards in your graveyard that were put there from the battlefield this turn.",RW
"Geth, Lord of the Vault",920d56a4-fc94-43d8-9d65-361b66172a5f,2xm,94,Legendary Creature — Phyrexian Zombie,Intimidate (This creature can't be blocked except by artifact creatures and/or creatures that share a color with it.) {X}{B}: Put target artifact or creature card with mana value X from an opponent's graveyard onto the battlefield under your control tapped. Then that player mills X cards.,B
"Geth, Thane of Contracts",c26e18be-81a1-4645-866a-fae5c2fdf7c9,one,95,Legendary Creature — Phyrexian Zombie,"Other creatures you control get -1/-1. {1}{B}{B}, {T}: Return target creature card from your graveyard to the battlefield. It gains ""If this creature would leave the battlefield, exile it instead of putting it anywhere else."" Activate only as a sorcery.",B
"Gev, Scaled Scorch",131ea976-289e-4f32-896d-27bbfd423ba9,blb,214,Legendary Creature — Lizard Mercenary,"Ward—Pay 2 life. Other creatures you control enter with an additional +1/+1 counter on them for each opponent who lost life this turn. Whenever you cast a Lizard spell, Gev deals 1 damage to target opponent.",BR
Ghalma the Shaper,28104289-3043-4ba6-bcc6-e35fad429135,yone,1,Legendary Creature — Elephant Artificer,"Vigilance Whenever Ghalma the Shaper attacks, conjure a card named Tempered Steel into your hand, then create a 1/1 colorless Myr artifact creature token.",W
Ghalta and Mavren,a9ec900f-1e31-4440-a75a-20b256734d5b,mom,225,Legendary Creature — Dinosaur Vampire,"Trample Whenever you attack, choose one — • Create a tapped and attacking X/X green Dinosaur creature token with trample, where X is the greatest power among other attacking creatures. • Create X 1/1 white Vampire creature tokens with lifelink, where X is the number of other attacking creatures.",GW
"Ghalta, Primal Hunger",6a9c39e4-a8cf-42dd-8d0e-45634b335546,fdn,222,Legendary Creature — Elder Dinosaur,"This spell costs {X} less to cast, where X is the total power of creatures you control. Trample (This creature can deal excess combat damage to the player or planeswalker it's attacking.)",G
"Ghalta, Stampede Tyrant",72e805e9-69be-45c1-aa04-f460641a0c1e,lci,185,Legendary Creature — Elder Dinosaur,"Trample When Ghalta enters, put any number of creature cards from your hand onto the battlefield.",G
"Ghave, Guru of Spores",c2be0e99-cf43-423f-974f-02e3313b3aa9,2x2,216,Legendary Creature — Fungus Shaman,"Ghave enters with five +1/+1 counters on it. {1}, Remove a +1/+1 counter from a creature you control: Create a 1/1 green Saproling creature token. {1}, Sacrifice a creature: Put a +1/+1 counter on target creature.",BGW
"Ghen, Arcanum Weaver",4b335496-05d2-40f5-a52c-10029f7fa008,cmr,275,Legendary Creature — Human Wizard,"{R}{W}{B}, {T}, Sacrifice an enchantment: Return target enchantment card from your graveyard to the battlefield.",BRW
"Ghired, Conclave Exile",d0825bcd-8cf8-498a-a61e-406f136e1f3f,c19,42,Legendary Creature — Human Shaman,"When Ghired enters, create a 4/4 green Rhino creature token with trample. Whenever Ghired attacks, populate. The token enters tapped and attacking. (To populate, create a token that's a copy of a creature token you control.)",GRW
"Ghired, Mirror of the Wilds",e43e3d71-4fb8-4ab1-8c8f-b65ae3ad4cc4,otj,205,Legendary Creature — Human Shaman,"Haste Nontoken creatures you control have ""{T}: Create a token that's a copy of target token you control that entered this turn.""",GRW
Ghost Council of Orzhova,5b551074-a9b4-45f0-a007-f07d7b2e12a8,mm2,176,Legendary Creature — Spirit,"When Ghost Council of Orzhova enters, target opponent loses 1 life and you gain 1 life. {1}, Sacrifice a creature: Exile Ghost Council of Orzhova. Return it to the battlefield under its owner's control at the beginning of the next end step.",BW
Ghost of Ramirez DePietro,15e649e1-dcb3-41d9-8055-cf3c98e25b1e,lcc,157,Legendary Creature — Spirit Pirate,"Ghost of Ramirez DePietro can't be blocked by creatures with toughness 3 or greater. Whenever Ghost of Ramirez DePietro deals combat damage to a player, choose up to one target card in a graveyard that was discarded or put there from a library this turn. Put that card into its owner's hand. Partner (You can have two commanders if both have partner.)",U
"Ghost-Spider, Gwen Stacy",fa0ccd32-63c8-47a2-8de1-5845dad8e682,spe,14,Legendary Creature — Spider Human Hero,"Menace (This creature can't be blocked except by two or more creatures.) Whenever Ghost-Spider attacks, she deals X damage to defending player, where X is the number of attacking creatures.",R
Ghoulcaller Gisa,44d7906e-8a89-4644-acb5-46fbe97ab39f,cmm,161,Legendary Creature — Human Wizard,"{B}, {T}, Sacrifice another creature: Create X 2/2 black Zombie creature tokens, where X is the sacrificed creature's power.",B
"Ghyrson Starn, Kelermorph",fa7349d9-c82f-4cf8-a852-92168d1f4966,40k,124,Legendary Creature — Tyranid Human,"Ward {2} (Whenever this creature becomes the target of a spell or ability an opponent controls, counter it unless that player pays {2}.) Three Autostubs — Whenever another source you control deals exactly 1 damage to a permanent or player, Ghyrson Starn deals 2 damage to that permanent or player.",RU
"Giada, Font of Hope",8ae6fc26-cfad-4da8-98d9-49c27c24d293,fdn,141,Legendary Creature — Angel,"Flying, vigilance Each other Angel you control enters with an additional +1/+1 counter on it for each Angel you already control. {T}: Add {W}. Spend this mana only to cast an Angel spell.",W
"Gilanra, Caller of Wirewood",745d297d-4bb4-40cf-bb9c-99dac04e5069,cmr,230,Legendary Creature — Elf Druid,"{T}: Add {G}. When you spend this mana to cast a spell with mana value 6 or greater, draw a card. Partner (You can have two commanders if both have partner.)",G
"Gilgamesh, Master-at-Arms",1eb81329-fb7a-4347-b96c-9960a5c48e87,fin,139,Legendary Creature — Human Samurai,"Whenever Gilgamesh enters or attacks, look at the top six cards of your library. You may put any number of Equipment cards from among them onto the battlefield. Put the rest on the bottom of your library in a random order. When you put one or more Equipment onto the battlefield this way, you may attach one of them to a Samurai you control.",R
"Gilraen, Dúnedain Protector",07efe592-5851-4577-b73f-0bb232feb68b,ltc,13,Legendary Creature — Human Noble,"{2}, {T}: Exile another target creature you control. You may return that card to the battlefield under its owner's control. If you don't, at the beginning of the next end step, return that card to the battlefield under its owner's control with a vigilance counter and a lifelink counter on it.",W
"Gimbal, Gremlin Prodigy",4a9aa899-752b-4106-89ba-9475ee777d41,moc,3,Legendary Creature — Gremlin Artificer,"Artifact creatures you control have trample. At the beginning of your end step, create a 0/0 red Gremlin artifact creature token. Put X +1/+1 counters on it, where X is the number of differently named artifact tokens you control.",GRU
"Gimli, Counter of Kills",28b41c48-0715-49d9-98e5-e82b706da816,ltr,129,Legendary Creature — Dwarf Warrior,"Trample Whenever a creature an opponent controls dies, Gimli deals 1 damage to that creature's controller.",R
"Gimli, Mournful Avenger",df4be38c-3f93-4ff4-bff4-94753b96f2f3,ltr,209,Legendary Creature — Dwarf Warrior,"Gimli has indestructible as long as two or more creatures died under your control this turn. Whenever another creature you control dies, put a +1/+1 counter on Gimli. When this ability resolves for the third time this turn, Gimli fights up to one target creature you don't control.",GR
Gimli of the Glittering Caves,5afc0319-9e17-4e81-a0b6-e76645bacb04,ltc,32,Legendary Creature — Dwarf Warrior,"Double strike Whenever another legendary creature you control enters, put a +1/+1 counter on Gimli. Whenever Gimli deals combat damage to a player, create a Treasure token.",R
"Giott, King of the Dwarves",6a7784de-a10d-4ce6-98a5-aaf3e85773b6,fin,223,Legendary Creature — Dwarf Noble,"Double strike Whenever Giott or another Dwarf you control enters and whenever an Equipment you control enters, you may discard a card. If you do, draw a card.",RW
Gisa and Geralf,bce9bf8d-4d22-4967-bd9e-27fe444ef3f6,inr,237,Legendary Creature — Human Wizard,"When Gisa and Geralf enters, mill four cards. Once during each of your turns, you may cast a Zombie creature spell from your graveyard.",BU
"Gisa, Glorious Resurrector",63461076-a13d-488d-bd82-ceac441341c8,mid,103,Legendary Creature — Human Wizard,"If a creature an opponent controls would die, exile it instead. At the beginning of your upkeep, put all creature cards exiled with Gisa onto the battlefield under your control. They gain decayed. (A creature with decayed can't block. When it attacks, sacrifice it at end of combat.)",B
"Gisa, the Hellraiser",db7c07b2-02b2-4e62-bf1b-4848e06eec28,otj,89,Legendary Creature — Human Warlock,"Ward—{2}, Pay 2 life. Skeletons and Zombies you control get +1/+1 and have menace. Whenever you commit a crime, create two tapped 2/2 blue and black Zombie Rogue creature tokens. This ability triggers only once each turn. (Targeting opponents, anything they control, and/or cards in their graveyards is a crime.)",B
"Gisela, Blade of Goldnight",900b8908-ba51-472e-ab7a-43bd07f90577,mkc,211,Legendary Creature — Angel,"Flying, first strike If a source would deal damage to an opponent or a permanent an opponent controls, that source deals double that damage to that player or permanent instead. If a source would deal damage to you or a permanent you control, prevent half that damage, rounded up.",RW
"Gisela, the Broken Blade",04506bad-3856-4184-8dda-941ded60f41a,inr,24,Legendary Creature — Angel Horror,"Flying, first strike, lifelink At the beginning of your end step, if you both own and control Gisela and a creature named Bruna, the Fading Light, exile them, then meld them into Brisela, Voice of Nightmares.",W
"Gishath, Sun's Avatar",bc4a65de-23b5-48f0-b8b7-94608eaced3e,lci,229,Legendary Creature — Dinosaur Avatar,"Vigilance, trample, haste Whenever Gishath deals combat damage to a player, reveal that many cards from the top of your library. Put any number of Dinosaur creature cards from among them onto the battlefield and the rest on the bottom of your library in a random order.",GRW
"Gitrog, Horror of Zhava",6f570bed-e603-4696-8676-43cd6f0ee4ab,ymid,58,Legendary Creature — Frog Horror,"Menace At the beginning of each combat, if Gitrog, Horror of Zhava is untapped, any opponent may sacrifice a nontoken creature. If they do, tap Gitrog, Horror of Zhava, then seek a land card and put it onto the battlefield tapped. Whenever a land enters under your control, it perpetually gains ""{B}{G}, {T}, Sacrifice this land: Draw a card.""",BG
"Gix, Yawgmoth Praetor",135c5948-4c95-4f24-b648-eda55ab637c8,tdc,181,Legendary Creature — Phyrexian Praetor,"Whenever a creature deals combat damage to one of your opponents, its controller may pay 1 life. If they do, they draw a card. {4}{B}{B}{B}, Discard X cards: Exile the top X cards of target opponent's library. You may play lands and cast spells from among cards exiled this way without paying their mana costs.",B
"Glacian, Powerstone Engineer",a736df42-18e9-4259-b0b8-54d21143e72e,cmr,72,Legendary Creature — Human Artificer,"{T}, Tap X untapped artifacts you control: Look at the top X cards of your library. Put one of those cards into your hand and the rest into your graveyard. Partner (You can have two commanders if both have partner.)",U
Gladiolus Amicitia,442957fc-045d-4db6-b82a-445f172d23e4,fin,224,Legendary Creature — Human Warrior,"When Gladiolus Amicitia enters, search your library for a land card, put it onto the battlefield tapped, then shuffle. Landfall — Whenever a land you control enters, another target creature you control gets +2/+2 and gains trample until end of turn.",GR
"Glarb, Calamity's Augur",ffc70b2d-5a3a-49ea-97db-175a62248302,blb,215,Legendary Creature — Frog Wizard Noble,Deathtouch You may look at the top card of your library any time. You may play lands and cast spells with mana value 4 or greater from the top of your library. {T}: Surveil 2.,BGU
"Glissa, Herald of Predation",6c299066-dfdd-47a3-85e6-225508ba95fe,mom,226,Legendary Creature — Phyrexian Zombie Elf,"At the beginning of combat on your turn, choose one — • Incubate 2 twice. (To incubate 2, create an Incubator token with two +1/+1 counters on it and ""{2}: Transform this token."" It transforms into a 0/0 Phyrexian artifact creature.) • Transform all Incubator tokens you control. • Phyrexians you control gain first strike and deathtouch until end of turn.",BG
Glissa Sunseeker,670c3106-71fc-464e-8c94-81bf7fafc3e6,mrd,120,Legendary Creature — Elf Warrior,First strike {T}: Destroy target artifact if its mana value is equal to the amount of unspent mana you have.,G
Glissa Sunslayer,b2bf633e-0470-4b87-99ed-5ad1683b0954,one,202,Legendary Creature — Phyrexian Zombie Elf,"First strike, deathtouch Whenever Glissa Sunslayer deals combat damage to a player, choose one — • You draw a card and you lose 1 life. • Destroy target enchantment. • Remove up to three counters from target permanent.",BG
"Glissa, the Traitor",755e0fbf-4f00-4b05-a535-27e78e96d6b6,mbs,96,Legendary Creature — Phyrexian Zombie Elf,"First strike, deathtouch Whenever a creature an opponent controls dies, you may return target artifact card from your graveyard to your hand.",BG
"Glóin, Dwarf Emissary",868a2aa7-bcaf-409b-8802-d00ee1f2ae77,ltr,132,Legendary Creature — Dwarf Advisor,"Whenever you cast a historic spell, create a Treasure token. This ability triggers only once each turn. (Artifacts, legendaries, and Sagas are historic.) {T}, Sacrifice a Treasure: Goad target creature. (Until your next turn, that creature attacks each combat if able and attacks a player other than you if able.)",R
"Glorfindel, Dauntless Rescuer",baf7a546-8a8b-4396-ab64-9a5b9abffe79,ltr,171,Legendary Creature — Elf Noble,"Whenever you scry, choose one and Glorfindel gets +1/+1 until end of turn. • Glorfindel must be blocked this turn if able. • Glorfindel can't be blocked by more than one creature each combat this turn.",G
"Gluntch, the Bestower",3b3e889a-5865-4464-9923-bffa25c50cd2,clb,275,Legendary Creature — Jellyfish,"Flying At the beginning of your end step, choose a player. They put two +1/+1 counters on a creature they control. Choose a second player to draw a card. Then choose a third player to create two Treasure tokens.",GW
"Gnostro, Voice of the Crags",c171f179-9ccf-4819-915c-7f2cd3a91ad8,cmr,276,Legendary Creature — Chimera,{T}: Choose one. X is the number of spells you've cast this turn. • Scry X. • Gnostro deals X damage to target creature. • You gain X life.,RUW
"Goddric, Cloaked Reveler",fe93ef82-51de-40ad-9b52-8f3fd11c144f,woe,132,Legendary Creature — Human Noble,"Haste Celebration — As long as two or more nonland permanents entered the battlefield under your control this turn, Goddric is a Dragon with base power and toughness 4/4, flying, and ""{R}: Dragons you control get +1/+0 until end of turn."" (It loses all other creature types.)",R
God-Eternal Bontu,142b0860-8a82-4830-a4ff-2bbfc102437e,eoc,83,Legendary Creature — Zombie God,"Menace When God-Eternal Bontu enters, sacrifice any number of other permanents, then draw that many cards. When God-Eternal Bontu dies or is put into exile from the battlefield, you may put it into its owner's library third from the top.",B
God-Eternal Kefnet,5e14060f-9167-4e28-a053-77689e066e30,war,53,Legendary Creature — Zombie God,"Flying You may reveal the first card you draw each turn as you draw it. Whenever you reveal an instant or sorcery card this way, copy that card and you may cast the copy. That copy costs {2} less to cast. When God-Eternal Kefnet dies or is put into exile from the battlefield, you may put it into its owner's library third from the top.",U
God-Eternal Oketra,df70f155-2336-421c-8a9d-69772d2b51a8,war,16,Legendary Creature — Zombie God,"Double strike Whenever you cast a creature spell, create a 4/4 black Zombie Warrior creature token with vigilance. When God-Eternal Oketra dies or is put into exile from the battlefield, you may put it into its owner's library third from the top.",W
God-Eternal Rhonas,0eb444f0-69cc-47c8-8cd6-1f9edad5d903,war,163,Legendary Creature — Zombie God,"Deathtouch When God-Eternal Rhonas enters, double the power of each other creature you control until end of turn. Those creatures gain vigilance until end of turn. When God-Eternal Rhonas dies or is put into exile from the battlefield, you may put it into its owner's library third from the top.",G
"Godo, Bandit Warlord",01d566cf-cb32-461d-8afe-b0f3f4c24160,cmm,227,Legendary Creature — Human Barbarian,"When Godo enters, you may search your library for an Equipment card, put it onto the battlefield, then shuffle. Whenever Godo attacks for the first time each turn, untap it and all Samurai you control. After this phase, there is an additional combat phase.",R
"Gogo, Master of Mimicry",cce4eb99-d960-4ab7-911a-bb4ea74d1775,fin,54,Legendary Creature — Wizard,"{X}{X}, {T}: Copy target activated or triggered ability you control X times. You may choose new targets for the copies. This ability can't be copied and X can't be 0. (Mana abilities can't be targeted.)",U
"Gogo, Mysterious Mime",0db05dc8-03f8-4ab4-9ca3-2aaaa0099eb4,fic,56,Legendary Creature — Wizard,"At the beginning of combat on your turn, you may have Gogo become a copy of another target creature you control until end of turn, except its name is Gogo, Mysterious Mime. If you do, Gogo and that creature each get +2/+0 and gain haste until end of turn and attack this turn if able.",R
"Golbez, Crystal Collector",849f5716-7211-4e93-a220-f88d49f937f4,fin,225,Legendary Creature — Human Wizard,"Whenever an artifact you control enters, surveil 1. At the beginning of your end step, if you control four or more artifacts, return target creature card from your graveyard to your hand. Then if you control eight or more artifacts, each opponent loses life equal to that card's power.",BU
"Goldberry, River-Daughter",bf4f0a7c-620e-4ed8-8da3-fa6564e8a0cd,ltr,52,Legendary Creature — Nymph,"{T}: Move a counter of each kind not on Goldberry from another target permanent you control onto Goldberry. {U}, {T}: Move one or more counters from Goldberry onto another target permanent you control. If you do, draw a card.",U
"Goldbug, Humanity's Ally // Goldbug, Scrappy Scout",8e4a8db9-ef57-4ea0-952c-1e5d343fb5d9,bot,11,Legendary Artifact Creature — Robot // Legendary Artifact — Vehicle,,UW
Golden Argosy,f8611a53-e54e-4625-8e28-03511f1550e8,dmu,230,Legendary Artifact — Vehicle,"Whenever Golden Argosy attacks, exile each creature that crewed it this turn. Return them to the battlefield tapped under their owner's control at the beginning of the next end step. Crew 1 (Tap any number of creatures you control with total power 1 or more: This Vehicle becomes an artifact creature until end of turn.)",
"Gollum, Obsessed Stalker",e5a43cf0-60b3-4770-945c-41ee3ec54d5a,ltc,26,Legendary Creature — Halfling Horror,"Skulk (This creature can't be blocked by creatures with greater power.) At the beginning of your end step, each opponent dealt combat damage this game by a creature named Gollum, Obsessed Stalker loses life equal to the amount of life you gained this turn.",B
"Gollum, Patient Plotter",4ddda7d4-0226-404f-8418-f1f5720dcef8,ltr,84,Legendary Creature — Halfling Horror,"When Gollum leaves the battlefield, the Ring tempts you. {B}, Sacrifice a creature: Return this card from your graveyard to your hand. Activate only as a sorcery.",B
"Gollum, Scheming Guide",7f93ad17-b655-4a10-990e-b26ead90d221,ltr,292,Legendary Creature — Halfling Horror,"Whenever Gollum attacks, look at the top two cards of your library, put them back in any order, then choose land or nonland. An opponent guesses whether the top card of your library is the chosen kind. Reveal that card. If they guessed right, remove Gollum from combat. Otherwise, you draw a card and Gollum can't be blocked this turn.",B
"Gonti, Canny Acquisitor",03a7e79f-625a-49ac-9cb1-e1fe5f51f5a0,otc,1,Legendary Creature — Aetherborn Rogue,"Spells you cast but don't own cost {1} less to cast. Whenever one or more creatures you control deal combat damage to a player, look at the top card of that player's library, then exile it face down. You may play that card for as long as it remains exiled, and mana of any type can be spent to cast that spell.",BGU
"Gonti, Lord of Luxury",fbbb3aef-af1f-4b77-b7d6-64cfd706a9d9,otc,135,Legendary Creature — Aetherborn Rogue,"Deathtouch When Gonti enters, look at the top four cards of target opponent's library, exile one of them face down, then put the rest on the bottom of that library in a random order. You may cast that card for as long as it remains exiled, and mana of any type can be spent to cast that spell.",B
"Gonti, Night Minister",d79ca40a-e5c0-4956-8df0-ecbd2a25656f,dft,87,Legendary Creature — Aetherborn Rogue,"Whenever a player casts a spell they don't own, that player creates a Treasure token. Whenever a creature deals combat damage to one of your opponents, its controller looks at the top card of that opponent's library and exiles it face down. They may play that card for as long as it remains exiled. Mana of any type can be spent to cast a spell this way.",B
Gorbag of Minas Morgul,58aafdb6-1c8c-4fc4-a52e-3e601be7fb0c,ltr,86,Legendary Creature — Orc Soldier,"Whenever a Goblin or Orc you control deals combat damage to a player, you may sacrifice it. When you do, choose one — • Draw a card. • Create a Treasure token. (It's an artifact with ""{T}, Sacrifice this token: Add one mana of any color."")",B
"Goreclaw, Terror of Qal Sisma",ee47f23a-3ba9-4615-b170-c89d8ab99d78,cmm,293,Legendary Creature — Bear,"Creature spells you cast with power 4 or greater cost {2} less to cast. Whenever Goreclaw attacks, each creature you control with power 4 or greater gets +1/+1 and gains trample until end of turn.",G
"Gorex, the Tombshell",12615d0d-e38c-4e7b-918e-33e88299d1f9,cmm,164,Legendary Creature — Zombie Turtle,"As an additional cost to cast this spell, you may exile any number of creature cards from your graveyard. This spell costs {2} less to cast for each card exiled this way. Deathtouch Whenever Gorex attacks or dies, choose a card at random exiled with Gorex and put that card into its owner's hand.",B
"Gorion, Wise Mentor",001c648a-db66-47f3-8fee-3658b9e76ac2,clb,276,Legendary Creature — Human Wizard,"Vigilance Whenever you cast an Adventure spell, you may copy it. You may choose new targets for the copy.",GUW
Gorm the Great,41603938-9527-42fc-a870-b662c3871ae3,bbd,8,Legendary Creature — Giant Warrior,"Partner with Virtus the Veiled (When this creature enters, target player may put Virtus into their hand from their library, then shuffle.) Vigilance Gorm must be blocked if able, and Gorm must be blocked by two or more creatures if able.",G
"Gor Muldrak, Amphinologist",40b006f9-a287-4e64-915f-ca71712b8d27,cmr,277,Legendary Creature — Human Scout,"You and permanents you control have protection from Salamanders. At the beginning of your end step, each player who controls the fewest creatures creates a 4/3 blue Salamander Warrior creature token.",GU
"Gornog, the Red Reaper",c80a88ae-f2f2-426a-88f3-76b5d598c25f,j25,49,Legendary Creature — Minotaur Warrior,"Haste Cowards can't block Warriors. Whenever one or more Warriors you control attack a player, target creature that player controls becomes a Coward. Attacking Warriors you control get +X/+0, where X is the number of Cowards your opponents control.",R
Goro-Goro and Satoru,5b661b53-2e58-4dcc-9100-fc00e0fdb606,moc,445,Legendary Creature — Goblin Human,"Whenever one or more creatures you control that entered this turn deal combat damage to a player, create a 5/5 red Dragon Spirit creature token with flying. {1}{R}: Creatures you control gain haste until end of turn.",BRU
"Goro-Goro, Disciple of Ryusei",1ca736c7-35a9-48c7-b5a9-69b2a6e33ad0,neo,145,Legendary Creature — Goblin Samurai,"{R}: Creatures you control gain haste until end of turn. {3}{R}{R}: Create a 5/5 red Dragon Spirit creature token with flying. Activate only if you control an attacking modified creature. (Equipment, Auras you control, and counters are modifications.)",R
Go-Shintai of Ancient Wars,5b915e8d-b972-4ae1-a1c3-74d6623963c8,neo,144,Legendary Enchantment Creature — Shrine,"First strike At the beginning of your end step, you may pay {1}. When you do, Go-Shintai of Ancient Wars deals X damage to target player or planeswalker, where X is the number of Shrines you control.",R
Go-Shintai of Boundless Vigor,691016a1-8630-423c-9a57-061593d170fd,neo,187,Legendary Enchantment Creature — Shrine,"Trample At the beginning of your end step, you may pay {1}. When you do, put a +1/+1 counter on target Shrine for each Shrine you control.",G
Go-Shintai of Hidden Cruelty,45e1ff1e-916b-4455-84cb-4125a79d76de,neo,97,Legendary Enchantment Creature — Shrine,"Deathtouch At the beginning of your end step, you may pay {1}. When you do, destroy target creature with toughness X or less, where X is the number of Shrines you control.",B
Go-Shintai of Life's Origin,9476fe67-d2d3-4835-8ba6-2a17d18cc141,nec,37,Legendary Enchantment Creature — Shrine,"{W}{U}{B}{R}{G}, {T}: Return target enchantment card from your graveyard to the battlefield. Whenever Go-Shintai of Life's Origin or another nontoken Shrine you control enters, create a 1/1 colorless Shrine enchantment creature token.",BGRUW
Go-Shintai of Lost Wisdom,7ec1192c-25b8-4975-ae6c-86be28ac1840,neo,55,Legendary Enchantment Creature — Shrine,"Flying At the beginning of your end step, you may pay {1}. When you do, target player mills X cards, where X is the number of Shrines you control. (To mill a card, a player puts the top card of their library into their graveyard.)",U
Go-Shintai of Shared Purpose,0ab91962-ebad-46f6-9f90-7477c224d93d,neo,14,Legendary Enchantment Creature — Shrine,"Vigilance At the beginning of your end step, you may pay {1}. If you do, create a 1/1 colorless Spirit creature token for each Shrine you control.",W
Gosta Dirk,92ef316b-dd22-40d1-82e8-8890976684c0,leg,227,Legendary Creature — Human Warrior,First strike Creatures with islandwalk can be blocked as though they didn't have islandwalk.,UW
"Gothmog, Morgul Lieutenant",a1c10e93-88eb-46b9-8adc-583661807990,ltr,87,Legendary Creature — Human Soldier,"When Gothmog enters, amass Orcs 1. (Put a +1/+1 counter on an Army you control. It's also an Orc. If you don't control an Army, create a 0/0 black Orc Army creature token first.) Creature tokens you control have deathtouch.",B
"Graaz, Unstoppable Juggernaut",e0e73b63-17cc-4dca-abd6-728b74bc37a8,one,229,Legendary Artifact Creature — Juggernaut,Juggernauts you control attack each combat if able. Juggernauts you control can't be blocked by Walls. Other creatures you control have base power and toughness 5/3 and are Juggernauts in addition to their other creature types.,
Graham O'Brien,3467d66e-1a81-40d6-945a-f2c679d214d1,who,104,Legendary Creature — Human Pilot,"Paradox — Whenever you cast a spell from anywhere other than your hand, create a Food token. (It's an artifact with ""{2}, {T}, Sacrifice this token: You gain 3 life."") Doctor's companion (You can have two commanders if the other is the Doctor.)",G
G'raha Tia,076a8eca-ed73-4ee9-aab4-d9d43d394ee6,fin,21,Legendary Creature — Cat Archer,"Reach The Allagan Eye — Whenever one or more other creatures and/or artifacts you control die, draw a card. This ability triggers only once each turn.",W
"G'raha Tia, Scion Reborn",f90eb8ef-ad70-4d6c-9958-e6153f8599bc,fic,3,Legendary Creature — Cat Wizard,"Lifelink Throw Wide the Gates — Whenever you cast a noncreature spell, you may pay X life, where X is that spell's mana value. If you do, create a 1/1 colorless Hero creature token and put X +1/+1 counters on it. Do this only once each turn.",BUW
"Grakmaw, Skyclave Ravager",bd227384-e0e3-40ce-98bb-8b7cf1900ad7,znr,223,Legendary Creature — Hydra Horror,"Grakmaw enters with three +1/+1 counters on it. Whenever another creature you control dies, if it had a +1/+1 counter on it, put a +1/+1 counter on Grakmaw. When Grakmaw dies, create an X/X black and green Hydra creature token, where X is the number of +1/+1 counters on Grakmaw.",BG
Grand Arbiter Augustin IV,f43748ea-1d65-4ee8-9c66-221412a284c0,2x2,221,Legendary Creature — Human Advisor,White spells you cast cost {1} less to cast. Blue spells you cast cost {1} less to cast. Spells your opponents cast cost {1} more to cast.,UW
Grand Marshal Macie,d196ad09-a3b3-445b-8ae4-fa231758c350,unf,168,Legendary Creature — Human Performer,"You may choose not to untap Grand Marshal Macie during your untap step. If you do, put a pause counter on it, then you lose 1 life for each pause counter on it. Whenever Macie becomes untapped, remove all pause counters from it. {2}, {T}: Choose an ""until end of turn"" or ""this turn"" effect. As long as Macie remains tapped, that effect doesn't end.",BW
Grandmother Sengir,b43b2370-fe1b-491b-9dd0-b49a30bb2b93,me2,93,Legendary Creature — Human Wizard,"{1}{B}, {T}: Target creature gets -1/-1 until end of turn.",B
Grand Warlord Radha,986981fa-a744-45d8-81c7-68ef335c79e2,dom,195,Legendary Creature — Elf Warrior,"Haste Whenever one or more creatures you control attack, add that much mana in any combination of {R} and/or {G}. Until end of turn, you don't lose this mana as steps and phases end.",GR
"Grazilaxx, Illithid Scholar",3de11222-c2fa-4544-a501-a02b31797259,clb,723,Legendary Creature — Horror,"Whenever a creature you control becomes blocked, you may return it to its owner's hand. Whenever one or more creatures you control deal combat damage to a player, draw a card.",U
"Greasefang, Okiba Boss",56a0d43b-4d38-40a7-be6c-8324ab3bf773,neo,220,Legendary Creature — Rat Pilot,"At the beginning of combat on your turn, return target Vehicle card from your graveyard to the battlefield. It gains haste. Return it to its owner's hand at the beginning of your next end step.",BW
"Greel, Mind Raker",e9d1f317-efd1-4595-92e2-44815a2b8147,pcy,66,Legendary Creature — Horror Spellshaper,"{X}{B}, {T}, Discard two cards: Target player discards X cards at random.",B
"Green Goblin, Nemesis",b2860277-5b9e-444a-81f9-58e23355a722,spe,23,Legendary Creature — Goblin Human Villain,"Flying Whenever you discard a nonland card, put a +1/+1 counter on target Goblin you control. Whenever you discard a land card, create a tapped Treasure token.",BR
"Green Goblin, Revenant",218ef931-46f5-4a4d-9f26-898a1ff8f70f,spm,130,Legendary Creature — Goblin Human Villain,"Flying, deathtouch Whenever Green Goblin attacks, discard a card. Then draw a card for each card you've discarded this turn.",BR
"Greensleeves, Maro-Sorcerer",0969d7f3-cec5-4118-adb1-ff957eedf6ab,dmc,27,Legendary Creature — Elemental,"Protection from planeswalkers and from Wizards Greensleeves's power and toughness are each equal to the number of lands you control. Landfall — Whenever a land you control enters, create a 3/3 green Badger creature token.",G
"Gregor, Shrewd Magistrate",88818c8b-dfd8-4aa6-b7bb-1c8e67d01c48,slx,21,Legendary Creature — Human Advisor,"Skulk (This creature can't be blocked by creatures with greater power.) Whenever Gregor, Shrewd Magistrate deals combat damage to a player, draw cards equal to its power.",UW
"Grendel, Spawn of Knull",5fa7a8dc-67b3-4f96-af6e-98bb0a052d92,spe,9,Legendary Creature — Symbiote Dragon Villain,Flying (This creature can't be blocked except by creatures with flying or reach.) Deathtouch (Any amount of damage this deals to a creature is enough to destroy it.),B
"Grenzo, Crooked Jailer",8bc6b7e6-dd44-4411-88f7-fd7259a3abc1,yotj,22,Legendary Creature — Goblin Rogue,"When Grenzo enters and at the beginning of your upkeep, heist target opponent's library. Once each turn, you may pay {0} rather than pay the mana cost for a spell you cast that you don't own with mana value 3 or less.",BR
"Grenzo, Dungeon Warden",6e19c383-88bd-4bde-ac81-c0eb6d5b5bd4,a25,205,Legendary Creature — Goblin Rogue,"Grenzo enters with X +1/+1 counters on it. {2}: Put the bottom card of your library into your graveyard. If it's a creature card with power less than or equal to Grenzo's power, put it onto the battlefield.",BR
"Grenzo, Havoc Raiser",aba981f9-ebc6-48ac-b768-557f632b82df,tdc,216,Legendary Creature — Goblin Rogue,"Whenever a creature you control deals combat damage to a player, choose one — • Goad target creature that player controls. • Exile the top card of that player's library. Until end of turn, you may cast that card and you may spend mana as though it were mana of any color to cast that spell.",R
"Greta, Sweettooth Scourge",2cfd365e-34d1-4224-b925-119000311934,woe,205,Legendary Creature — Human Warrior,"When Greta enters, create a Food token. (It's an artifact with ""{2}, {T}, Sacrifice this token: You gain 3 life."") {G}, Sacrifice a Food: Put a +1/+1 counter on target creature. Activate only as a sorcery. {1}{B}, Sacrifice a Food: You draw a card and you lose 1 life.",BG
Gretchen Titchwillow,3c8b248e-1460-4650-9721-85c134c21b89,afr,223,Legendary Creature — Halfling Druid,{2}{G}{U}: Draw a card. You may put a land card from your hand onto the battlefield.,GU
"Greven, Predator Captain",bda22fc3-31a5-451a-9a8b-372884f7bc61,c19,43,Legendary Creature — Phyrexian Human Warrior,"Menace Greven gets +X/+0, where X is the amount of life you've lost this turn. Whenever Greven attacks, you may sacrifice another creature. If you do, you draw cards equal to that creature's power and you lose life equal to that creature's toughness.",BR
"Greymond, Avacyn's Stalwart",b7848325-c46e-4e63-90d0-c9524380eb63,slx,18,Legendary Creature — Human Soldier,"As Greymond, Avacyn's Stalwart enters, choose two abilities from among first strike, vigilance, and lifelink. Humans you control have each of the chosen abilities. As long as you control four or more Humans, Humans you control get +2/+2.",W
"Gríma, Saruman's Footman",00f40514-d37d-423f-aa0c-1875300f43a8,ltc,57,Legendary Creature — Human Advisor,"Gríma can't be blocked. Whenever Gríma deals combat damage to a player, that player exiles cards from the top of their library until they exile an instant or sorcery card. You may cast that card without paying its mana cost. Then that player puts the exiled cards that weren't cast this way on the bottom of their library in a random order.",BU
Gríma Wormtongue,8e3bd86b-e8ca-4885-a823-78fb967e6caf,ltr,88,Legendary Creature — Human Advisor,"Your opponents can't gain life. {T}, Sacrifice another creature: Target player loses 1 life. If the sacrificed creature was legendary, amass Orcs 2.",B
"Grimgrin, Corpse-Born",3c257fe6-1038-4167-ae78-90309974b925,inr,239,Legendary Creature — Zombie Warrior,"Grimgrin enters tapped and doesn't untap during your untap step. Sacrifice another creature: Untap Grimgrin and put a +1/+1 counter on it. Whenever Grimgrin attacks, destroy target creature defending player controls, then put a +1/+1 counter on Grimgrin.",BU
"Grishnákh, Brash Instigator",6385e769-f805-499d-9f47-494533362152,ltr,134,Legendary Creature — Goblin Soldier,"When Grishnákh enters, amass Orcs 2. When you do, until end of turn, gain control of target nonlegendary creature an opponent controls with power less than or equal to the amassed Army's power. Untap that creature. It gains haste until end of turn.",R
"Grismold, the Dreadsower",8df64c80-9e98-4429-b869-7ac824fe9580,c19,44,Legendary Creature — Troll Shaman,"Trample At the beginning of your end step, each player creates a 1/1 green Plant creature token. Whenever a creature token dies, put a +1/+1 counter on Grismold.",BG
"Grist, the Hunger Tide",1925dc45-4dee-4772-aa16-3b4ca54be6c7,dsc,220,Legendary Planeswalker — Grist,"As long as Grist isn't on the battlefield, it's a 1/1 Insect creature in addition to its other types. +1: Create a 1/1 black and green Insect creature token, then mill a card. If an Insect card was milled this way, put a loyalty counter on Grist and repeat this process. −2: You may sacrifice a creature. When you do, destroy target creature or planeswalker. −5: Each opponent loses life equal to the number of creature cards in your graveyard.",BG
"Grist, Voracious Larva // Grist, the Plague Swarm",68239b41-b7db-4044-b672-6808c2c342ec,mh3,251,Legendary Creature — Insect // Legendary Planeswalker — Grist,,BG
"Grolnok, the Omnivore",7aaba76b-9cec-4c2b-b0eb-8f44201f6422,vow,238,Legendary Creature — Frog,"Whenever a Frog you control attacks, mill three cards. Whenever a permanent card is put into your graveyard from your library, exile it with a croak counter on it. You may play lands and cast spells from among cards you own in exile with croak counters on them.",GU
"Grond, the Gatebreaker",4bc61b28-afdd-4de9-829b-ffe5ca7c7f19,ltr,89,Legendary Artifact — Vehicle,"Trample As long as it's your turn and you control an Army, Grond is an artifact creature. Crew 3 (Tap any number of creatures you control with total power 3 or more: This Vehicle becomes an artifact creature until end of turn.)",B
"Grothama, All-Devouring",ab8935b1-ec87-4330-9952-9ef8cd344531,bbd,71,Legendary Creature — Wurm,"Other creatures have ""Whenever this creature attacks, you may have it fight Grothama, All-Devouring."" When Grothama leaves the battlefield, each player draws cards equal to the amount of damage dealt to Grothama this turn by sources they controlled.",G
"Grumgully, the Generous",3aa40ce2-76df-43bd-a59e-7cf6e4f46a1d,clb,847,Legendary Creature — Goblin Shaman,Each other non-Human creature you control enters with an additional +1/+1 counter on it.,GR
"Grunn, the Lonely King",b6a9aa5c-1501-4958-872a-39c512514033,dom,165,Legendary Creature — Ape Warrior,"Kicker {3} (You may pay an additional {3} as you cast this spell.) If Grunn was kicked, it enters with five +1/+1 counters on it. Whenever Grunn attacks alone, double its power and toughness until end of turn.",G
"Grusilda, Monster Masher",82ca9cf7-d6ca-4403-84be-719480eb4b7d,ust,132,Legendary Creature — Zombie Villain,"Combined, enchanted, and equipped creatures you control have menace. {3}{B}{R}, {T}: Put two target creature cards from graveyards onto the battlefield combined into one creature under your control. (Its power is equal to their total power, its toughness is equal to their total toughness, and it has their names, mana costs, types, text boxes, etc.)",BR
"Guan Yu, Sainted Warrior",287bd99b-6539-4e54-9166-12d3e2c9b8de,me3,12,Legendary Creature — Human Soldier Warrior,"Horsemanship (This creature can't be blocked except by creatures with horsemanship.) When Guan Yu is put into your graveyard from the battlefield, you may shuffle Guan Yu into your library.",W
Guild Artisan,abe5cc84-db39-4f64-b877-599880a8729a,clb,179,Legendary Enchantment — Background,"Commander creatures you own have ""Whenever this creature attacks a player, if no opponent has more life than that player, you create two Treasure tokens."" (They're artifacts with ""{T}, Sacrifice this token: Add one mana of any color."")",R
"Gut, Fanatical Priestess",c0dcebc8-d992-4902-94bc-5623d4d78d36,hbg,13,Legendary Creature — Goblin Shaman,"Specialize {5} When Gut, Fanatical Priestess enters, up to one target creature you control fights target creature you don't control. If the creature you don't control would die this turn, exile it instead.",R
"Gutmorn, Pactbound Servant",0083a99d-92a1-4a31-b4d4-0dbb06057b48,ymid,28,Legendary Creature — Demon,"Flying, deathtouch When Gutmorn, Pactbound Servant enters the battlefield, each player discards a nonland card. Whenever a player discards a card during your turn, they choose another player. That player conjures a duplicate of that card into their hand. It perpetually gains ""You may spend mana as though it were mana of any color to cast this spell.""",B
"Gut, True Soul Zealot",3d8ca18d-9099-4f1e-95c1-f04da58a26bd,clb,180,Legendary Creature — Goblin Shaman,"Whenever you attack, you may sacrifice another creature or an artifact. If you do, create a 4/1 black Skeleton creature token with menace that's tapped and attacking. (It can't be blocked except by two or more creatures.) Choose a Background (You can have a Background as a second commander.)",R
"Gwafa Hazid, Profiteer",da097d1a-6e51-41d7-8dfe-f26acfb0038f,bbd,223,Legendary Creature — Human Rogue,"{W}{U}, {T}: Put a bribery counter on target creature you don't control. Its controller draws a card. Creatures with bribery counters on them can't attack or block.",UW
"Gwaihir, Greatest of the Eagles",9c17c3bb-aa20-43b0-8a28-b46a18b060ef,ltc,15,Legendary Creature — Bird Noble,"Flying Whenever Gwaihir attacks, target attacking creature gains flying until end of turn. At the beginning of each end step, if you gained 3 or more life this turn, create a 3/3 white Bird creature token with flying and ""Whenever this token attacks, target attacking creature gains flying until end of turn.""",W
Gwaihir the Windlord,1a42c951-1146-4f49-a690-7d385962b191,ltr,210,Legendary Creature — Bird Noble,"This spell costs {2} less to cast as long as you've drawn two or more cards this turn. Flying, vigilance Other Birds you control have vigilance.",UW
Gwendlyn Di Corci,a496823b-c864-4591-b395-5493383d11a7,me3,149,Legendary Creature — Human Rogue,{T}: Target player discards a card at random. Activate only during your turn.,BRU
"Gwenna, Eyes of Gaea",7ee387b7-18e4-41b7-aefe-f2b5954e3051,bro,185,Legendary Creature — Elf Druid Scout,"{T}: Add two mana in any combination of colors. Spend this mana only to cast creature spells or activate abilities of creature sources. Whenever you cast a creature spell with power 5 or greater, put a +1/+1 counter on Gwenna and untap it.",G
"Gwenom, Remorseless",46b6cc5d-7a37-4e8b-a1a5-9a573056610c,spm,56,Legendary Creature — Symbiote Spider Hero,"Deathtouch, lifelink Whenever Gwenom attacks, until end of turn you may look at the top card of your library any time and you may play cards from the top of your library. If you cast a spell this way, pay life equal to its mana value rather than pay its mana cost.",B
Gwen Stacy // Ghost-Spider,b0f1597f-1dc7-465e-8fcb-0afe61bcca46,spm,78,Legendary Creature — Human Performer Hero // Legendary Creature — Spider Human Hero,,RUW
"Gylwain, Casting Director",79e4242c-a53a-4287-976b-8e545888a1fa,woc,4,Legendary Creature — Human Bard,"Whenever Gylwain or another nontoken creature you control enters, choose one — • Create a Royal Role token attached to that creature. • Create a Sorcerer Role token attached to that creature. • Create a Monster Role token attached to that creature.",GW
"Gyome, Master Chef",5dd7dd1a-6dd1-43c3-8298-7db703d384a1,c21,5,Legendary Creature — Troll Warlock,"Trample At the beginning of your end step, create a number of Food tokens equal to the number of nontoken creatures you had enter under your control this turn. {1}, Sacrifice a Food: Target creature gains indestructible until end of turn. Tap it.",BG
"Gyox, Brutal Carnivora",0db18acd-36dd-4469-a370-430141858722,yone,22,Legendary Creature — Phyrexian Warlock,"At the beginning of your end step, put an oil counter on up to one target creature. Whenever a nontoken creature you control with one or more oil counters on it dies, conjure X duplicates of it into exile, where X is the number of oil counters on it. Those duplicates perpetually get +X/+X. Then shuffle those duplicates into your library.",BG
"Gyruda, Doom of Depths",97eb1804-6fd8-4917-af36-87fdfce39d3a,iko,221,Legendary Creature — Demon Kraken,"Companion — Your starting deck contains only cards with even mana values. (If this card is your chosen companion, you may put it into your hand from outside the game for {3} as a sorcery.) When Gyruda enters, each player mills four cards. Put a creature card with an even mana value from among the milled cards onto the battlefield under your control.",BU
"Gyrus, Waker of Corpses",91585912-038d-4d26-b552-0e7c48ba1e4f,c18,41,Legendary Creature — Hydra,"Gyrus enters with a number of +1/+1 counters on it equal to the amount of mana spent to cast it. Whenever Gyrus attacks, you may exile target creature card with lesser power from your graveyard. If you do, create a token that's a copy of that card and that's tapped and attacking. Exile the token at end of combat.",BGR
"Haakon, Stromgald Scourge",7e7d463b-e74e-4ebe-9f92-02ccdeadbf96,moc,252,Legendary Creature — Zombie Knight,"You may cast this card from your graveyard, but not from anywhere else. As long as Haakon is on the battlefield, you may cast Knight spells from your graveyard. When Haakon dies, you lose 2 life.",B
"Hajar, Loyal Bodyguard",5a0a2f82-57d3-45d8-b1c8-357883c62728,bro,211,Legendary Creature — Human Soldier,Sacrifice Hajar: Legendary creatures you control get +1/+0 and gain indestructible until end of turn.,GR
Hakbal of the Surging Soul,e738e675-4fd1-4bc3-97f5-71d0e2fc3f2e,lcc,3,Legendary Creature — Merfolk Scout,"At the beginning of combat on your turn, each Merfolk creature you control explores. (Reveal the top card of your library. Put that card into your hand if it's a land. Otherwise, put a +1/+1 counter on the exploring creature, then put the card back or put it into your graveyard.) Whenever Hakbal attacks, you may put a land card from your hand onto the battlefield. If you don't, draw a card.",GU
"Hakim, Loreweaver",8192bca7-03e5-4ea1-ae77-8bc811c19417,mir,68,Legendary Creature — Human Wizard,"Flying {U}{U}: Return target Aura card from your graveyard to the battlefield attached to Hakim. Activate only during your upkeep and only if Hakim isn't enchanted. {U}{U}, {T}: Destroy all Auras attached to Hakim.",U
"Hakoda, Selfless Commander",3fdb2f5f-c881-4c10-8787-d37a4ee57aa4,tla,366,Legendary Creature — Human Warrior Ally,Vigilance You may look at the top card of your library any time. You may cast Ally spells from the top of your library. Sacrifice Hakoda: Creatures you control get +0/+5 and gain indestructible until end of turn.,W
Haktos the Unscarred,6fe5cbef-0f4e-4d05-9a94-4739e09d7a9c,thb,218,Legendary Creature — Human Warrior,"Haktos attacks each combat if able. As Haktos enters, choose 2, 3, or 4 at random. Haktos has protection from each mana value other than the chosen number.",RW
"Halana and Alena, Partners",b649f459-c9dc-495d-8703-b685996bb80c,fdn,659,Legendary Creature — Human Ranger,"First strike (This creature deals combat damage before creatures without first strike.) Reach (This creature can block creatures with flying.) At the beginning of combat on your turn, put X +1/+1 counters on another target creature you control, where X is Halana and Alena's power. That creature gains haste until end of turn.",GR
"Halana, Kessig Ranger",6bee6eb2-2708-4596-86ad-40eea88dbb6b,cmr,231,Legendary Creature — Human Archer Ranger,"Reach Whenever another creature you control enters, you may pay {2}. When you do, that creature deals damage equal to its power to target creature. Partner (You can have two commanders if both have partner.)",G
"Haldan, Avid Arcanist",16a86a35-f7e5-434d-bf44-61ae7cb0f98b,c20,2,Legendary Creature — Human Wizard,"Partner with Pako, Arcane Retriever (When this creature enters, target player may put Pako into their hand from their library, then shuffle.) You may play lands and cast noncreature spells from among cards you exiled that have fetch counters on them, and you may spend mana as though it were mana of any color to cast those spells.",U
"Haldir, Lórien Lieutenant",440e5796-9264-4649-bf2f-58826dd0352c,ltc,39,Legendary Creature — Elf Soldier,"Haldir enters with X +1/+1 counters on it. Vigilance {5}{G}: Until end of turn, other Elves you control gain vigilance and get +1/+1 for each +1/+1 counter on Haldir.",G
Halfdane,cac1e57a-0ef5-442b-a492-059fc6ff3dfc,me3,150,Legendary Creature — Shapeshifter,"At the beginning of your upkeep, change Halfdane's base power and toughness to the power and toughness of target creature other than Halfdane until the end of your next upkeep.",BUW
"Haliya, Ascendant Cadet",683d6eba-7f98-4105-b318-7f2290012f32,eoe,218,Legendary Creature — Human Soldier,"Whenever Haliya enters or attacks, put a +1/+1 counter on target creature you control. Whenever one or more creatures you control with +1/+1 counters on them deal combat damage to a player, draw a card.",GW
"Haliya, Guided by Light",6f7c63ae-5df3-410f-8643-b8c69133ca9d,eoe,19,Legendary Creature — Human Soldier,"Whenever Haliya or another creature or artifact you control enters, you gain 1 life. At the beginning of your end step, draw a card if you've gained 3 or more life this turn. Warp {W} (You may cast this card from your hand for its warp cost. Exile this creature at the beginning of the next end step, then you may cast it from exile on a later turn.)",W
"Hallar, the Firefletcher",c896643e-eeef-49a6-a1ca-2577b55af2b0,dom,196,Legendary Creature — Elf Archer,"Trample Whenever you cast a spell, if that spell was kicked, put a +1/+1 counter on Hallar, then Hallar deals damage equal to the number of +1/+1 counters on it to each opponent.",GR
"Halsin, Emerald Archdruid",5e185e5c-b6f9-4d36-a6b1-d7315de38fca,clb,234,Legendary Creature — Elf Druid,"{1}: Until end of turn, target token you control becomes a green Bear creature with base power and toughness 4/4 in addition to its other colors and types. Choose a Background (You can have a Background as a second commander.)",G
"Halvar, God of Battle // Sword of the Realms",97502411-5c93-434c-b77b-ceb2c32feae7,khm,15,Legendary Creature — God // Legendary Artifact — Equipment,,W
"Hama Pashar, Ruin Seeker",47b8eb2e-73ac-4ad6-9ab6-4f8da7b41020,afr,224,Legendary Creature — Human Wizard,Room abilities of dungeons you own trigger an additional time.,UW
"Hamza, Guardian of Arashin",adc7f8f3-140d-4dd0-aacc-b81b2b93eb67,cmm,339,Legendary Creature — Elephant Warrior,This spell costs {1} less to cast for each creature you control with a +1/+1 counter on it. Creature spells you cast cost {1} less to cast for each creature you control with a +1/+1 counter on it.,GW
"Hamza, Might of the Yathan",89a187c6-ebc5-41bb-99f4-f52ac19c4a6b,ytdm,21,Legendary Creature — Elephant Warrior,"Whenever a creature you control is turned face up, it endures X, where X is that creature's toughness. Landfall — Whenever a land you control enters, seek a creature card and manifest it.",BGW
"Hancock, Ghoulish Mayor",39bda1b4-3f02-4cbc-9573-f5b6e6c991d5,pip,45,Legendary Creature — Zombie Mutant Advisor,"Each other creature you control that's a Zombie or Mutant gets +X/+X, where X is the number of counters on Hancock. Undying (When this creature dies, if it had no +1/+1 counters on it, return it to the battlefield under its owner's control with a +1/+1 counter on it.)",B
"Hanna, Ship's Navigator",65b41982-6e79-4e04-a0f3-d985da92e8c1,cmm,340,Legendary Creature — Human Artificer,"{1}{W}{U}, {T}: Return target artifact or enchantment card from your graveyard to your hand.",UW
Hans Eriksson,24a0babe-8da4-4c95-9cdf-626a5c5e2e5c,cmr,279,Legendary Creature — Human Scout,"Whenever Hans Eriksson attacks, reveal the top card of your library. If it's a creature card, put it onto the battlefield tapped and attacking defending player or a planeswalker they control. Otherwise, put that card into your hand. When you put a creature card onto the battlefield this way, it fights Hans Eriksson.",GR
"Hansk, Slayer Zealot",f6ea7c19-71ec-44ff-affc-fc76fe3146a7,slx,22,Legendary Creature — Human Archer,"At the beginning of your upkeep, target opponent creates three Walker tokens. (They're 2/2 black Zombie creatures.) {T}: Hansk, Slayer Zealot deals 2 damage to target creature. Whenever a Zombie an opponent controls dies, draw a card.",GR
"Hapatra, Vizier of Poisons",56fbbcc9-db23-4902-b0f7-cea78a2a36af,akh,199,Legendary Creature — Human Cleric,"Whenever Hapatra deals combat damage to a player, you may put a -1/-1 counter on target creature. Whenever you put one or more -1/-1 counters on a creature, create a 1/1 green Snake creature token with deathtouch.",BG
"Harald, King of Skemfar",9eac78a2-599f-4dba-aec7-982c5ae3f75a,khm,212,Legendary Creature — Elf Warrior,"Menace (This creature can't be blocked except by two or more creatures.) When Harald enters, look at the top five cards of your library. You may reveal an Elf, Warrior, or Tyvar card from among them and put it into your hand. Put the rest on the bottom of your library in a random order.",BG
"Harbin, Vanguard Aviator",4b88be69-3201-4345-a193-cc21bd066d15,bro,212,Legendary Creature — Human Soldier,"Flying Whenever you attack with five or more Soldiers, creatures you control get +1/+1 and gain flying until end of turn.",UW
Hardy of Myra's Marvels,80225482-6566-41fb-ade7-d9646426a4be,unf,141,Legendary Creature — Elf Performer,"As Hardy of Myra's Marvels enters, choose a number. Whenever you cast a spell with the chosen number of lines of flavor text, put that many +1/+1 counters on target creature. Partner (You can have two commanders if both have partner.)",G
Hardy Outlander,44498893-3ff8-4d1e-abdf-4579e0c67020,clb,235,Legendary Enchantment — Background,"Commander creatures you own have ""Whenever this creature attacks a player, if no opponent has more life than that player, another target creature you control gets +X/+X until end of turn, where X is this creature's power.""",G
"Hargilde, Kindly Runechanter",59e1fa94-056a-4570-97b3-17e964077965,slx,5,Legendary Creature — Human,{T}: Add {C}{C}. Spend this mana only to cast artifact spells or activate abilities of artifacts. Friends forever (You can have two commanders if both have friends forever.),UW
"Harold and Bob, First Numens",d730ac69-20ec-4ef3-85ee-a5fd24e5f277,pip,78,Legendary Creature — Treefolk Mutant,"Vigilance, reach When Harold and Bob dies, if it was a creature, return it to the battlefield. It's an Aura enchantment with enchant Forest you control and ""Enchanted Forest has '{T}: Add three mana of any one color. You get two rad counters.'"" Harold and Bob loses all other abilities.",G
"Haru, Hidden Talent",9657a0c0-2c26-4331-8e62-f032265a01af,tla,182,Legendary Creature — Human Peasant Ally,"Whenever another Ally you control enters, earthbend 1. (Target land you control becomes a 0/0 creature with haste that's still a land. Put a +1/+1 counter on it. When it dies or is exiled, return it to the battlefield tapped.)",G
"Hashaton, Scarab's Fist",02645651-cd55-4bd0-8a4d-fa257270a0e0,drc,1,Legendary Creature — Zombie Wizard,"Whenever you discard a creature card, you may pay {2}{U}. If you do, create a tapped token that's a copy of that card, except it's a 4/4 black Zombie.",BUW
Haunted One,dc53b1af-0f4a-4475-a131-27cb5d5b0cf1,clb,654,Legendary Enchantment — Background,"Commander creatures you own have ""Whenever this creature becomes tapped, it and other creatures you control that share a creature type with it each get +2/+0 and gain undying until end of turn."" (When a creature with undying dies, if it had no +1/+1 counters on it, return it to the battlefield under its owner's control with a +1/+1 counter on it.)",B
"Havi, the All-Father",7c44cc99-eb71-4be3-89f2-74473f2717d3,acr,56,Legendary Creature — God Warrior,"Havi has indestructible as long as there are four or more historic cards in your graveyard. (Artifacts, legendaries, and Sagas are historic.) Sage Project — Whenever Havi or another legendary creature you control dies, return target legendary creature card with lesser mana value from your graveyard to the battlefield tapped.",GRW
Haytham Kenway,73468f53-7de5-4a64-8f83-c0376f1d1f3f,acr,57,Legendary Creature — Human Knight,"Protection from Assassins Other Knights you control get +2/+2 and have protection from Assassins. When Haytham Kenway enters, for each opponent, exile up to one target creature that player controls until Haytham Kenway leaves the battlefield.",UW
Hazduhr the Abbot,adfd416a-dddf-40e4-acf0-84057edb7a58,hml,8,Legendary Creature — Human Cleric,"{X}, {T}: The next X damage that would be dealt this turn to target white creature you control is dealt to Hazduhr instead.",W
Hazel of the Rootbloom,1269ca79-907e-4932-9e77-a9a5d2929060,blc,2,Legendary Creature — Squirrel Druid,"{T}, Pay 2 life, Tap X untapped tokens you control: Add X mana in any combination of colors. At the beginning of your end step, create a token that's a copy of target token you control. If that token is a Squirrel, instead create two tokens that are copies of it.",BG
"Hazezon, Shaper of Sand",37dd84b4-0b8d-4303-8405-45e2c144f691,otc,229,Legendary Creature — Human Warrior,"Desertwalk (This creature can't be blocked as long as defending player controls a Desert.) You may play Desert lands from your graveyard. Whenever a Desert you control enters, create two 1/1 red, green, and white Sand Warrior creature tokens.",GRW
Hazezon Tamar,4cd43773-2a6f-4f03-bcee-de32049561e5,me3,151,Legendary Creature — Human Warrior,"When Hazezon enters, create X 1/1 Sand Warrior creature tokens that are red, green, and white at the beginning of your next upkeep, where X is the number of lands you control at that time. When Hazezon leaves the battlefield, exile all Sand Warriors.",GRW
"Hazoret, Godseeker",e2f66043-0872-4334-a91f-0e9bbbdddf66,dft,133,Legendary Creature — God,"Indestructible, haste Start your engines! (If you have no speed, it starts at 1. It increases once on each of your turns when an opponent loses life. Max speed is 4.) {1}, {T}: Target creature with power 2 or less can't be blocked this turn. Hazoret can't attack or block unless you have max speed.",R
Hazoret the Fervent,36ed9f9d-99a7-49f4-b0ad-d71355809d32,akh,136,Legendary Creature — God,"Indestructible, haste Hazoret can't attack or block unless you have one or fewer cards in hand. {2}{R}, Discard a card: Hazoret deals 2 damage to each opponent.",R
Headliner Scarlett,be77b98a-dd79-477c-8ab2-7ebf5637a89e,clu,4,Legendary Creature — Human Warlock,"Haste When Headliner Scarlett enters, creatures target player controls can't block this turn. At the beginning of your upkeep, exile the top card of your library face down. You may look at and play that card this turn.",R
"Hearthhull, the Worldseed",6b913e79-a9f6-44d4-bb37-c4f6f66b8151,eoc,1,Legendary Artifact — Spacecraft,"Station (Tap another creature you control: Put charge counters equal to its power on this Spacecraft. Station only as a sorcery. It's an artifact creature at 8+.) STATION 2+ {1}, {T}, Sacrifice a land: Draw two cards. You may play an additional land this turn. STATION 8+ Flying, vigilance, haste Whenever you sacrifice a land, each opponent loses 2 life.",BGR
Heartless Hidetsugu,7b3ff07c-9653-4197-ad3d-638e712e8465,cmm,231,Legendary Creature — Ogre Shaman,"{T}: Heartless Hidetsugu deals damage to each player equal to half that player's life total, rounded down.",R
Heart of Kiran,5e847c44-1849-4251-9075-88ed5c7792a6,aer,153,Legendary Artifact — Vehicle,"Flying, vigilance Crew 3 (Tap any number of creatures you control with total power 3 or more: This Vehicle becomes an artifact creature until end of turn.) You may remove a loyalty counter from a planeswalker you control rather than pay Heart of Kiran's crew cost.",
"Hei Bai, Spirit of Balance",060d24e0-1567-41f1-ae8c-2d3b1834df3c,tla,225,Legendary Creature — Bear Spirit,"Whenever Hei Bai enters or attacks, you may sacrifice another creature or artifact. If you do, put two +1/+1 counters on Hei Bai. When Hei Bai leaves the battlefield, put its counters on target creature you control.",BW
"Heidar, Rimewind Master",39916d65-60a6-4da6-8675-8a8ef9505772,csp,36,Legendary Creature — Human Wizard,"{2}, {T}: Return target permanent to its owner's hand. Activate only if you control four or more snow permanents.",U
"Heidegger, Shinra Executive",8e216baf-0e3c-4173-a852-5c5aeb3a9d79,fic,21,Legendary Creature — Human Soldier,"At the beginning of combat on your turn, target creature you control gets +X/+0 until end of turn, where X is the number of Soldiers you control. At the beginning of your end step, create a number of 1/1 white Soldier creature tokens equal to the number of opponents who control more creatures than you.",W
"Heiko Yamazaki, the General",9ea5e61c-d903-410b-9acf-96a917ce05cc,neo,146,Legendary Creature — Human Samurai,"Trample Whenever a Samurai or Warrior you control attacks alone, you may cast target artifact card from your graveyard this turn.",R
"Helga, Skittish Seer",40339715-22d0-4f99-822b-a00d9824f27a,blb,217,Legendary Creature — Frog Druid,"Whenever you cast a creature spell with mana value 4 or greater, you draw a card, gain 1 life, and put a +1/+1 counter on Helga. {T}: Add X mana of any one color, where X is Helga's power. Spend this mana only to cast creature spells with mana value 4 or greater or creature spells with {X} in their mana costs.",GUW
"Heliod, God of the Sun",b83e9693-4996-498c-95f7-884d40341298,cmm,826,Legendary Enchantment Creature — God,"Indestructible As long as your devotion to white is less than five, Heliod isn't a creature. (Each {W} in the mana costs of permanents you control counts toward your devotion to white.) Other creatures you control have vigilance. {2}{W}{W}: Create a 2/1 white Cleric enchantment creature token.",W
"Heliod, Sun-Crowned",3245ff74-1f9c-4518-a23f-1579f338f232,cmm,29,Legendary Enchantment Creature — God,"Indestructible As long as your devotion to white is less than five, Heliod isn't a creature. Whenever you gain life, put a +1/+1 counter on target creature or enchantment you control. {1}{W}: Another target creature gains lifelink until end of turn.",W
"Heliod, the Radiant Dawn // Heliod, the Warped Eclipse",a7113c93-6c6d-410f-aeec-abc5ee121cdf,mom,17,Legendary Enchantment Creature — God // Legendary Enchantment Creature — Phyrexian God,,UW
"Henrika Domnathi // Henrika, Infernal Seer",946ca338-5f43-4cff-bd93-1b28449c5fdc,vow,119,Legendary Creature — Vampire // Legendary Creature — Vampire,,B
"Henry Wu, InGen Geneticist",5b67d302-ddaa-4627-adc8-86bb665f69ad,rex,12,Legendary Creature — Human Scientist,"Henry Wu and other Human creatures you control have exploit. (When a creature with exploit enters, you may sacrifice a creature.) Whenever a creature you control exploits a non-Human creature, draw a card. If the exploited creature had power 3 or greater, create a Treasure token.",BGU
"Henzie ""Toolbox"" Torre",ee228dcc-3170-4c24-80bc-28bcee07cb43,ncc,2,Legendary Creature — Devil Rogue,"Each creature spell you cast with mana value 4 or greater has blitz. The blitz cost is equal to its mana cost. (You may choose to cast that spell for its blitz cost. If you do, it gains haste and ""When this creature dies, draw a card."" Sacrifice it at the beginning of the next end step.) Blitz costs you pay cost {1} less for each time you've cast your commander from the command zone this game.",BGR
"Herigast, Erupting Nullkite",7baf9549-1869-4bd3-a52a-2f0b30ba0b16,mh3,8,Legendary Creature — Eldrazi Dragon,"Emerge {6}{R}{R} (You may cast this spell by sacrificing a creature and paying the emerge cost reduced by that creature's mana value.) When you cast this spell, you may exile your hand. If you do, draw three cards. Flying Each creature spell you cast has emerge. The emerge cost is equal to its mana cost.",R
"Hermes, Overseer of Elpis",e04a05e5-7bff-46a4-aae1-6713977e6e30,fic,36,Legendary Creature — Elder Wizard,"Whenever you cast a noncreature spell, create a 1/1 blue Bird creature token with flying and vigilance. Whenever you attack with one or more Birds, scry 2.",U
He Who Hungers,1ccf0f8d-f988-45ec-b75b-d97206326cfb,chk,114,Legendary Creature — Spirit,"Flying {1}, Sacrifice a Spirit: Target opponent reveals their hand. You choose a card from it. That player discards that card. Activate only as a sorcery. Soulshift 4 (When this creature dies, you may return target Spirit card with mana value 4 or less from your graveyard to your hand.)",B
"Hex, Kellan's Companion",2efa20f2-2ff9-4066-9f3c-ff77afc30494,ywoe,14,Legendary Creature — Dog,"Haste Whenever you cast an Adventure spell, if Hex, Kellan's Companion is on the battlefield or in exile, it perpetually gets +1/+1. Then if it's on the battlefield, exile it with a fetch counter on it. Whenever you cast a spell from exile, if Hex is in exile with a fetch counter on it, put it onto the battlefield.",G
Hidetsugu and Kairi,81039daf-0d54-4474-a833-fa287ec10cf9,mom,228,Legendary Creature — Ogre Demon Dragon,"Flying When Hidetsugu and Kairi enters, draw three cards, then put two cards from your hand on top of your library in any order. When Hidetsugu and Kairi dies, exile the top card of your library. Target opponent loses life equal to its mana value. If it's an instant or sorcery card, you may cast it without paying its mana cost.",BU
"Hidetsugu, Devouring Chaos",6f4142d3-f7ca-4613-a6e5-528cf1f22383,neo,99,Legendary Creature — Ogre Demon,"{B}, Sacrifice a creature: Scry 2. {2}{R}, {T}: Exile the top card of your library. You may play that card this turn. When you exile a nonland card this way, Hidetsugu deals damage equal to the exiled card's mana value to any target.",BR
High Marshal Arguel,31d2e591-6df4-4445-a16c-c7a576ff3e20,ylci,24,Legendary Creature — Vampire Knight,"When High Marshal Arguel dies, conjure a card named Arguel's Blood Fast onto the battlefield and you may transform it. If you control an enchantment named Arguel's Blood Fast and a land named Temple of Aclazotz, instead create two 4/3 white and black Vampire Demon creature tokens with flying.",BW
"Higure, the Still Wind",f7b96d12-6309-48d1-bbdc-7bc88f4e2518,pca,18,Legendary Creature — Human Ninja,"Ninjutsu {2}{U}{U} ({2}{U}{U}, Return an unblocked attacker you control to hand: Put this card onto the battlefield from your hand tapped and attacking.) Whenever Higure deals combat damage to a player, you may search your library for a Ninja card, reveal it, put it into your hand, then shuffle. {2}: Target Ninja creature can't be blocked this turn.",U
"Hikari, Twilight Guardian",bb3e29ea-c907-4185-986c-f0dabd3b3855,mm2,18,Legendary Creature — Spirit,"Flying Whenever you cast a Spirit or Arcane spell, you may exile Hikari. If you do, return it to the battlefield under its owner's control at the beginning of the next end step.",W
Hildibrand Manderville // Gentleman's Rise,60aed76e-2265-471d-8e41-1d8605603b78,fic,83,Legendary Creature — Human Detective // Instant — Adventure,,BW
"Hinata, Dawn-Crowned",f25aff90-56fd-4f70-bb3b-cabf2900c391,neo,222,Legendary Creature — Kirin Spirit,"Flying, trample Spells you cast cost {1} less to cast for each target. Spells your opponents cast cost {1} more to cast for each target.",RUW
"Hisoka, Minamo Sensei",a87aea05-5970-455e-a728-668cf23940a6,chk,66,Legendary Creature — Human Wizard,"{2}{U}, Discard a card: Counter target spell if it has the same mana value as the discarded card.",U
Hivis of the Scale,ee84e61e-d99a-489b-a3b1-cb45fc81bce6,mir,182,Legendary Creature — Lizard Shaman,You may choose not to untap Hivis during your untap step. {T}: Gain control of target Dragon for as long as you control Hivis and Hivis remains tapped.,R
"Hixus, Prison Warden",d0c21a35-4b70-4de4-93ff-c0ccabdc39e0,ori,19,Legendary Creature — Human Soldier,"Flash (You may cast this spell any time you could cast an instant.) Whenever a creature deals combat damage to you, if Hixus entered this turn, exile that creature until Hixus leaves the battlefield. (That creature returns under its owner's control.)",W
"Hobgoblin, Mantled Marauder",50716fe3-7a19-431e-8758-984fc48d714e,spm,80,Legendary Creature — Goblin Human Villain,"Flying, haste Whenever you discard a card, Hobgoblin gets +2/+0 until end of turn.",R
Hofri Ghostforge,bd8deecf-eded-418b-ac4c-5c3e8f54e86d,stx,192,Legendary Creature — Dwarf Cleric,"Spirits you control get +1/+1 and have trample and haste. Whenever another nontoken creature you control dies, exile it. If you do, create a token that's a copy of that creature, except it's a Spirit in addition to its other types and it has ""When this token leaves the battlefield, return the exiled card to its owner's graveyard.""",RW
"Hogaak, Arisen Necropolis",0049e68d-0caf-474f-9523-dad343f1250a,mh1,202,Legendary Creature — Avatar,"You can't spend mana to cast this spell. Convoke, delve (Each creature you tap while casting this spell pays for {1} or one mana of that creature's color. Each card you exile from your graveyard pays for {1}.) You may cast this card from your graveyard. Trample",BG
"Hokori, Dust Drinker",5a03f5d5-d5c3-4a7d-8d44-e60b498b4ed5,bok,7,Legendary Creature — Spirit,"Lands don't untap during their controllers' untap steps. At the beginning of each player's upkeep, that player untaps a land they control.",W
"Homura, Human Ascendant // Homura's Essence",84920a21-ee2a-41ac-a369-347633d10371,sok,103,Legendary Creature — Human Monk // Legendary Enchantment,,R
Honest Rutstein,259ddf66-76af-4857-83c3-c812327a6e23,otj,207,Legendary Creature — Human Warlock,"When Honest Rutstein enters, return target creature card from your graveyard to your hand. Creature spells you cast cost {1} less to cast.",BG
Hope Estheim,fbdb68cc-5516-481a-94c5-59f6c69b8a17,fin,226,Legendary Creature — Human Wizard,"Lifelink At the beginning of your end step, each opponent mills X cards, where X is the amount of life you gained this turn.",UW
Hope of Ghirapur,6f4bcadd-7eff-4294-94d5-52482a734d5b,aer,154,Legendary Artifact Creature — Thopter,"Flying Sacrifice Hope of Ghirapur: Until your next turn, target player who was dealt combat damage by Hope of Ghirapur this turn can't cast noncreature spells.",
Horde of Notions,a5137c28-632f-40f4-bf9d-877f5f070987,mm2,178,Legendary Creature — Elemental,"Vigilance, trample, haste {W}{U}{B}{R}{G}: You may play target Elemental card from your graveyard without paying its mana cost.",BGRUW
"Horobi, Death's Wail",b41983cb-c4e4-4384-bd69-df3fc6e74cd0,chk,117,Legendary Creature — Spirit,"Flying Whenever a creature becomes the target of a spell or ability, destroy that creature.",B
Hraesvelgr of the First Brood,abcfefe3-c66d-4512-bcc3-c9a39cfbb983,fic,37,Legendary Creature — Elder Dragon,"Flying, vigilance, ward {2} Shiva's Aid — When Hraesvelgr enters and whenever you cast a noncreature spell, target creature gets +1/+0 until end of turn and can't be blocked this turn.",U
"Huang Zhong, Shu General",c079037c-f4cf-423f-ad15-ee57136d6148,ptk,8,Legendary Creature — Human Soldier,Huang Zhong can't be blocked by more than one creature.,W
"Huatli, Poet of Unity // Roar of the Fifth People",57df2563-18d4-4526-a8bc-0c114e6fd4d9,lci,189,Legendary Creature — Human Warrior Bard // Enchantment — Saga,,GRW
"Hua Tuo, Honored Physician",8bbdc7c5-71a1-4db8-98b2-8883bf648dca,c13,149,Legendary Creature — Human,"{T}: Put target creature card from your graveyard on top of your library. Activate only during your turn, before attackers are declared.",G
"Hugs, Grisly Guardian",f09d7f4a-c947-4389-befa-1d547d0d1237,blb,218,Legendary Creature — Badger Warrior,"Trample When Hugs enters, exile the top X cards of your library. Until the end of your next turn, you may play those cards. You may play an additional land on each of your turns.",GR
Hunding Gjornersen,4049abac-cb54-4af2-b2df-ffb8fdc22e84,me3,152,Legendary Creature — Human Warrior,"Rampage 1 (Whenever this creature becomes blocked, it gets +1/+1 until end of turn for each creature blocking it beyond the first.)",UW
"Hurkyl, Master Wizard",5fcee066-425f-4341-bde5-13a5bdf06f2a,bro,51,Legendary Creature — Human Wizard Advisor,"At the beginning of your end step, if you've cast a noncreature spell this turn, reveal the top five cards of your library. For each card type among noncreature spells you've cast this turn, you may put a card of that type from among the revealed cards into your hand. Put the rest on the bottom of your library in a random order.",U
Hurska Sweet-Tooth,00841818-d46a-4865-a41c-daf627d10d1b,j25,53,Legendary Creature — Bear,"Whenever Hurska attacks, create a Food token. (It's an artifact with ""{2}, {T}, Sacrifice this token: You gain 3 life."") Whenever you gain life, you may pay {G/W}. When you do, target creature gets +X/+X until end of turn, where X is the amount of life you gained.",GW
"Hydro-Man, Fluid Felon",e53115a4-8959-40fa-b763-931504a1c5a2,spm,33,Legendary Creature — Elemental Villain,"Whenever you cast a blue spell, if Hydro-Man is a creature, he gets +1/+1 until end of turn. At the beginning of your end step, untap Hydro-Man. Until your next turn, he becomes a land and gains ""{T}: Add {U}."" (He's not a creature during that time.)",U
Hylda of the Icy Crown,ae9231fd-053d-4b84-a7a8-86063465bc49,woe,206,Legendary Creature — Human Warlock,"Whenever you tap an untapped creature an opponent controls, you may pay {1}. When you do, choose one — • Create a 4/4 white and blue Elemental creature token. • Put a +1/+1 counter on each creature you control. • Scry 2, then draw a card.",UW
Hythonia the Cruel,a9fbc814-4281-4ac6-a844-68bcd848f229,ths,91,Legendary Creature — Gorgon,"Deathtouch {6}{B}{B}: Monstrosity 3. (If this creature isn't monstrous, put three +1/+1 counters on it and it becomes monstrous.) When Hythonia becomes monstrous, destroy all non-Gorgon creatures.",B
Ian Chesterton,8bce4bde-33af-4c91-903f-c46218664353,who,22,Legendary Creature — Human Scientist,"Science Teacher — Each Saga spell you cast has replicate. The replicate cost is equal to its mana cost. (When you cast that Saga, copy it for each time you paid its replicate cost. Copies of Saga spells become tokens.) Doctor's companion (You can have two commanders if the other is the Doctor.)",W
"Ian Malcolm, Chaotician",b4a0402e-e39b-4008-b654-189b4a5e03a3,rex,13,Legendary Creature — Human Scientist,"Whenever a player draws their second card each turn, that player exiles the top card of their library. During each player's turn, that player may cast a spell from among the cards they don't own exiled with Ian Malcolm, and mana of any type can be spent to cast it.",RU
Ian the Reckless,4cd46b6a-eb20-4ffa-94e0-47d1d2d46087,pip,59,Legendary Creature — Human Warrior,"Whenever Ian the Reckless attacks, if it's modified, you may have it deal damage equal to its power to you and any target. (Equipment, Auras you control, and counters are modifications.)",R
"Ib Halfheart, Goblin Tactician",e950415c-2abe-4afe-9ef4-6d63eba2c833,evg,43,Legendary Creature — Goblin Advisor,"Whenever another Goblin you control becomes blocked, sacrifice it. If you do, it deals 4 damage to each creature blocking it. Sacrifice two Mountains: Create two 1/1 red Goblin creature tokens.",R
"Ich-Tekik, Salvage Splicer",0409a15a-7cf6-43e5-958c-d23da4304f29,cmr,233,Legendary Creature — Phyrexian Human Artificer,"When Ich-Tekik enters, create a 3/3 colorless Phyrexian Golem artifact creature token. Whenever an artifact is put into a graveyard from the battlefield, put a +1/+1 counter on Ich-Tekik and a +1/+1 counter on each Golem you control. Partner (You can have two commanders if both have partner.)",G
"Icingdeath, Frost Tyrant",26b0e68a-9d4e-42ea-8dac-c47cbed0c6ad,afr,20,Legendary Creature — Dragon,"Flying, vigilance When Icingdeath, Frost Tyrant dies, create Icingdeath, Frost Tongue, a legendary white Equipment artifact token with ""Equipped creature gets +2/+0,"" ""Whenever equipped creature attacks, tap target creature defending player controls,"" and equip {2}.",W
"Idris, Soul of the TARDIS",d0018c07-73dc-4762-ad55-78b18f885877,who,135,Legendary Creature — Human Incarnation,"Vanishing 3 Imprint — When Idris enters, exile another artifact you control until Idris leaves the battlefield. Idris has all activated and triggered abilities of the exiled card and gets +X/+X, where X is the exiled card's mana value.",RU
Ignacio of Myra's Marvels,8bb6342b-0b9e-4379-b433-70bbaeb04c19,unf,112,Legendary Creature — Lizard Performer,"As Ignacio of Myra's Marvels enters, choose armor, blood, book, bottle, fang, fire, scroll, spear, sword, or water. Whenever you cast a spell with the chosen object in its art, create two Treasure tokens. Partner (You can have two commanders if both have partner.)",R
Ignis Scientia,ab4f9721-5b2c-4371-98a5-3f6714265e57,fin,227,Legendary Creature — Human Advisor,"When Ignis Scientia enters, look at the top six cards of your library. You may put a land card from among them onto the battlefield tapped. Put the rest on the bottom of your library in a random order. I've Come Up with a New Recipe! — {1}{G}{U}, {T}: Exile target card from a graveyard. If a creature card was exiled this way, create a Food token.",GU
Ihsan's Shade,ff128110-b87e-451c-a51d-9f116892e482,a25,94,Legendary Creature — Shade Knight,Protection from white,B
Iizuka the Ruthless,9ce461f7-385d-4379-83de-49571247c30d,sok,104,Legendary Creature — Human Samurai,"Bushido 2 (Whenever this creature blocks or becomes blocked, it gets +2/+2 until end of turn.) {2}{R}, Sacrifice a Samurai: Samurai creatures you control gain double strike until end of turn.",R
"Ikra Shidiqi, the Usurper",a6fd7a8c-e0cd-4fb5-b492-8f3ef7579682,tdc,100,Legendary Creature — Snake Wizard,"Menace Whenever a creature you control deals combat damage to a player, you gain life equal to that creature's toughness. Partner (You can have two commanders if both have partner.)",BG
"Ilharg, the Raze-Boar",3d397fc3-fd4e-45ad-ad40-0f8a585c15fd,rvr,113,Legendary Creature — Boar God,"Trample Whenever Ilharg attacks, you may put a creature card from your hand onto the battlefield tapped and attacking. Return that creature to your hand at the beginning of the next end step. When Ilharg dies or is put into exile from the battlefield, you may put it into its owner's library third from the top.",R
Illuminor Szeras,d161a190-3c85-4207-9d88-7ff9213efea8,40k,37,Legendary Artifact Creature — Necron,"Secrets of the Soul — {T}, Sacrifice another creature: Add an amount of {B} equal to the sacrificed creature's mana value.",B
"Illuna, Apex of Wishes",0dfec692-66c8-4c90-8afa-095654011c3d,dmc,154,Legendary Creature — Beast Elemental Dinosaur,"Mutate {3}{R/G}{U}{U} (If you cast this spell for its mutate cost, put it over or under target non-Human creature you own. They mutate into the creature on top plus all abilities from under it.) Flying, trample Whenever this creature mutates, exile cards from the top of your library until you exile a nonland permanent card. Put that card onto the battlefield or into your hand.",GRU
"Imaryll, Elfhame Elite",c2c3e33c-8893-436e-ab3a-f8c2ae8b2527,gn3,5,Legendary Creature — Elf Warrior,"Whenever Imaryll attacks, it gets +X/+X until end of turn, where X is the number of other Elves you control. You may have Imaryll assign its combat damage as though it weren't blocked.",G
"Immard, the Stormcleaver",d2f60c02-55f7-4584-b68c-f23e466b3b0b,slx,14,Legendary Creature — Human Soldier,"Whenever Immard, the Stormcleaver enters or attacks, put a charge counter on it or remove one from it. When you remove a counter this way, choose one — • Immard deals 4 damage to any target. • Immard gains lifelink and indestructible until end of turn.",RUW
"Imodane, the Pyrohammer",14b44833-0482-4b47-a594-4050bb87f1a5,woe,137,Legendary Creature — Human Knight,"Whenever an instant or sorcery spell you control that targets only a single creature deals damage to that creature, Imodane deals that much damage to each opponent.",R
"Imoen, Mystic Trickster",1097264b-e383-4864-a587-dc7d5468f359,clb,77,Legendary Creature — Human Rogue Wizard,"Ward {2} (Whenever this creature becomes the target of a spell or ability an opponent controls, counter it unless that player pays {2}.) At the beginning of your end step, if you have the initiative, draw a card. Draw another card if you've completed a dungeon. Choose a Background (You can have a Background as a second commander.)",U
"Imoen, Trickster Friend",6835928a-4483-4324-8cae-a5b477649453,hbg,7,Legendary Creature — Human Rogue Wizard,"Specialize {5}. This ability costs {3} less to activate if there are two or more instant and/or sorcery cards in your graveyard. Imoen, Trickster Friend can't be blocked as long as it's attacking alone.",U
Imotekh the Stormlord,286ff901-1faf-4a02-a37a-fa165989112f,40k,5,Legendary Artifact Creature — Necron,"Phaeron — Whenever one or more artifact cards leave your graveyard, create two 2/2 black Necron Warrior artifact creature tokens. Grand Strategist — At the beginning of combat on your turn, another target artifact creature you control gets +2/+2 and gains menace until end of turn.",B
"Imoti, Celebrant of Bounty",8afceb13-877a-4256-9ba6-851b6924ffd9,cmr,280,Legendary Creature — Snake Druid,"Cascade (When you cast this spell, exile cards from the top of your library until you exile a nonland card that costs less. You may cast it without paying its mana cost. Put the exiled cards on the bottom in a random order.) Spells you cast with mana value 6 or greater have cascade.",GU
Imskir Iron-Eater,541209fa-38b6-4d61-a72d-26bfb6ad5ead,mh3,189,Legendary Creature — Demon,"Affinity for artifacts (This spell costs {1} less to cast for each artifact you control.) When Imskir enters, you draw X cards and you lose X life, where X is half the number of artifacts you control, rounded down. {3}{R}, Sacrifice an artifact: Imskir deals damage equal to the sacrificed artifact's mana value to any target.",BR
"Inalla, Archmage Ritualist",7c6e803a-451c-4aa6-97a2-400077f32c47,c17,38,Legendary Creature — Human Wizard,"Eminence — Whenever another nontoken Wizard you control enters, if Inalla is in the command zone or on the battlefield, you may pay {1}. If you do, create a token that's a copy of that Wizard. The token gains haste. Exile it at the beginning of the next end step. Tap five untapped Wizards you control: Target player loses 7 life.",BRU
Iname as One,4e13f122-0dfe-42f3-9815-9ae1a29fca99,sok,151,Legendary Creature — Spirit,"When Iname as One enters, if you cast it from your hand, you may search your library for a Spirit permanent card, put it onto the battlefield, then shuffle. When Iname as One dies, you may exile it. If you do, return target Spirit permanent card from your graveyard to the battlefield.",BG
"Iname, Death Aspect",2dd67e11-3dad-4e59-b15d-02911e53fbbf,chk,118,Legendary Creature — Spirit,"When Iname enters, you may search your library for any number of Spirit cards, put them into your graveyard, then shuffle.",B
"Iname, Life Aspect",be027e3c-8891-46f0-bca7-d28a94ca281a,chk,215,Legendary Creature — Spirit,"When Iname dies, you may exile it. If you do, return any number of target Spirit cards from your graveyard to your hand.",G
"Indominus Rex, Alpha",25e6ebfb-8f0b-44f0-a911-103ade41c6bc,rex,14,Legendary Creature — Dinosaur Mutant,"As Indominus Rex enters, discard any number of creature cards. It enters with a flying counter on it if a card discarded this way has flying. The same is true for first strike, double strike, deathtouch, hexproof, haste, indestructible, lifelink, menace, reach, trample, and vigilance. When Indominus Rex enters, draw a card for each counter on it.",BGU
"Indoraptor, the Perfect Hybrid",3826e2af-c134-4dc1-98b5-574b1bda9a98,rex,15,Legendary Creature — Dinosaur Mutant,"Bloodthirst X (This creature enters with X +1/+1 counters on it, where X is the damage dealt to your opponents this turn.) Menace Enrage — Whenever Indoraptor is dealt damage, choose an opponent at random. Indoraptor deals damage equal to its power to that player unless they sacrifice a nontoken creature of their choice.",BGR
"Indris, the Hydrostatic Surge",618806ea-7ea8-4cfb-a8c1-c3defa34e7dd,yblb,25,Legendary Creature — Otter Incarnation,"When Indris, the Hydrostatic Surge enters, conjure a card named Lightning Bolt into your library. It perpetually gains storm. Then shuffle. Whenever you cast an instant or sorcery spell, draw a card.",RU
Infernal Kirin,c79e7a4c-e0e7-42ac-b125-1db2f3d9325c,sok,72,Legendary Creature — Kirin Spirit,"Flying Whenever you cast a Spirit or Arcane spell, target player reveals their hand and discards all cards with that spell's mana value.",B
Inferno of the Star Mounts,c788c6a6-20d9-4a93-a898-330b085226c4,afr,151,Legendary Creature — Dragon,"This spell can't be countered. Flying, haste {R}: Inferno of the Star Mounts gets +1/+0 until end of turn. When its power becomes 20 this way, it deals 20 damage to any target.",R
Infinite Guideline Station,5688894a-bbec-476b-ae2e-94000be258d0,eoe,219,Legendary Artifact — Spacecraft,"When Infinite Guideline Station enters, create a tapped 2/2 colorless Robot artifact creature token for each multicolored permanent you control. Station (Tap another creature you control: Put charge counters equal to its power on this Spacecraft. Station only as a sorcery. It's an artifact creature at 12+.) STATION 12+ Flying Whenever Infinite Guideline Station attacks, draw a card for each multicolored permanent you control.",BGRUW
Inga and Esika,0aa97506-b943-4443-96b1-1b49f57d80aa,mom,229,Legendary Creature — Human God,"Creatures you control have vigilance and ""{T}: Add one mana of any color. Spend this mana only to cast a creature spell."" Whenever you cast a creature spell, if three or more mana from creatures was spent to cast it, draw a card.",GU
Inga Rune-Eyes,c190eceb-f6d8-408f-bbc4-df0fefb778ad,cmm,100,Legendary Creature — Human Wizard,"When Inga Rune-Eyes enters, scry 3. When Inga Rune-Eyes dies, draw three cards if three or more creatures died this turn.",U
"Ink-Eyes, Servant of Oni",55ed38fc-dc1f-4a03-8869-147f7eb8646b,pca,33,Legendary Creature — Rat Ninja,"Ninjutsu {3}{B}{B} ({3}{B}{B}, Return an unblocked attacker you control to hand: Put this card onto the battlefield from your hand tapped and attacking.) Whenever Ink-Eyes deals combat damage to a player, you may put target creature card from that player's graveyard onto the battlefield under your control. {1}{B}: Regenerate Ink-Eyes.",B
"Inniaz, the Gale Force",b238485f-ef67-4295-892b-a10235368f74,jmp,12,Legendary Creature — Djinn,"Flying {2}{W/U}: Attacking creatures with flying get +1/+1 until end of turn. ({W/U} can be paid with either {W} or {U}.) Whenever three or more creatures you control with flying attack, each player gains control of a nonland permanent of your choice controlled by the player to their right.",UW
Inquisitor Eisenhorn,bdf1ccf7-e95f-4d08-be51-83fba78c4c2d,40k,127,Legendary Creature — Human Inquisitor,"You may reveal the first card you draw each turn as you draw it. Whenever you reveal an instant or sorcery card this way, create Cherubael, a legendary 4/4 black Demon creature token with flying. Whenever Inquisitor Eisenhorn deals combat damage to a player, investigate that many times. (Create a Clue token. It's an artifact with ""{2}, Sacrifice this token: Draw a card."")",BU
Inquisitor Greyfax,86a4afac-69fd-46e9-8009-58de59bf3f5c,40k,3,Legendary Creature — Human Inquisitor,"Vigilance Unquestionable Wisdom — Other creatures you control get +1/+0 and have vigilance. Hunt for Heresy — {1}, {T}: Tap target creature an opponent controls. Investigate. (Create a Clue token. It's an artifact with ""{2}, Sacrifice this artifact: Draw a card."")",BUW
Inspiring Leader,fc6eb9f3-0f7b-4623-806e-5e604a05d470,clb,28,Legendary Enchantment — Background,"Commander creatures you own have ""Creature tokens you control get +2/+2.""",W
"Inspirit, Flagship Vessel",46900ec7-eb18-45c4-8e90-a48b665cfdee,eoc,2,Legendary Artifact — Spacecraft,"Station (Tap another creature you control: Put charge counters equal to its power on this Spacecraft. Station only as a sorcery. It's an artifact creature at 8+.) STATION 1+ At the beginning of combat on your turn, put your choice of a +1/+1 counter or two charge counters on up to one other target artifact. STATION 8+ Flying Other artifacts you control have hexproof and indestructible.",RUW
"Interceptor, Shadow's Hound",30be9a07-5803-4bef-9313-391c926bfcec,fic,47,Legendary Creature — Dog,"Menace Assassins you control have menace. Whenever you attack with one or more legendary creatures, you may pay {2}{B}. If you do, return this card from your graveyard to the battlefield tapped and attacking.",B
"Intet, the Dreamer",35517572-b5d4-4dbf-b090-4e4c4b040a0d,2x2,229,Legendary Creature — Dragon,"Flying Whenever Intet deals combat damage to a player, you may pay {2}{U}. If you do, exile the top card of your library face down. You may look at that card for as long as it remains exiled. You may play that card without paying its mana cost for as long as Intet remains on the battlefield.",GRU
"Inti, Seneschal of the Sun",fa7a55aa-ae61-4933-b7a4-dcc55dac6fcd,lci,156,Legendary Creature — Human Knight,"Whenever you attack, you may discard a card. When you do, put a +1/+1 counter on target attacking creature. It gains trample until end of turn. Whenever you discard one or more cards, exile the top card of your library. You may play that card until your next end step.",R
Ioreth of the Healing House,03ab74cd-978a-49eb-9d38-bc8b472b3cef,ltr,56,Legendary Creature — Human Cleric,{T}: Untap another target permanent. {T}: Untap two other target legendary creatures.,U
"Iraxxa, Empress of Mars",0861a74a-a4d5-4b9f-8c62-74cdfcc67825,who,89,Legendary Creature — Alien Warrior,"Trample Battle cry (Whenever this creature attacks, each other attacking creature gets +1/+0 until end of turn.) Paradox — Whenever you cast a spell from anywhere other than your hand, create a 2/2 red Alien Warrior creature token.",R
Irini Sengir,518e3b77-d482-4b90-94c0-0b8cdd949b9f,hml,54,Legendary Creature — Vampire Dwarf,Green enchantment spells and white enchantment spells cost {2} more to cast.,B
"Iroas, God of Victory",b4036bb7-835d-4690-aca1-1ab566776e9a,c16,205,Legendary Enchantment Creature — God,"Indestructible As long as your devotion to red and white is less than seven, Iroas isn't a creature. Creatures you control have menace. Prevent all damage that would be dealt to attacking creatures you control.",RW
"Iroh, Firebending Instructor",1ee4bc92-1101-4652-be27-65450abebf00,tle,240,Legendary Creature — Human Noble Ally,"Whenever Iroh attacks, attacking creatures get +1/+1 until end of turn.",R
"Iron Man, Titan of Innovation",7542b1d1-e34d-46dc-af24-1b718034c0e4,sld,1731,Legendary Artifact Creature — Human Hero,"Flying, haste Genius Industrialist — Whenever Iron Man attacks, create a Treasure token, then you may sacrifice a noncreature artifact. If you do, search your library for an artifact card with mana value equal to 1 plus the sacrificed artifact's mana value, put it onto the battlefield tapped, then shuffle.",RU
"Iron Spider, Stark Upgrade",8da5f34e-7f40-406a-88d2-bb1e3ed25200,spm,166,Legendary Artifact Creature — Spider Hero,"Vigilance {T}: Put a +1/+1 counter on each artifact creature and/or Vehicle you control. {2}, Remove two +1/+1 counters from among artifacts you control: Draw a card.",
"Isamaru, Hound of Konda",6afead32-3542-44c4-82d6-b6a81beb9f90,jmp,113,Legendary Creature — Dog,,W
"Isao, Enlightened Bushi",90334b59-73d8-4459-af59-d7a0539e2cc5,bok,129,Legendary Creature — Human Samurai,"This spell can't be countered. Bushido 2 (Whenever this creature blocks or becomes blocked, it gets +2/+2 until end of turn.) {2}: Regenerate target Samurai.",G
Isareth the Awakener,d5de9b95-1c20-4d1a-be7d-4307ec2803ba,cmm,168,Legendary Creature — Human Wizard,"Deathtouch Whenever Isareth attacks, you may pay {X}. When you do, return target creature card with mana value X from your graveyard to the battlefield with a corpse counter on it. If that creature would leave the battlefield, exile it instead of putting it anywhere else.",B
"Ishai, Ojutai Dragonspeaker",2e89ce6a-6bc9-427f-a8b2-c07a9fc3218f,cm2,12,Legendary Creature — Bird Monk,"Flying Whenever an opponent casts a spell, put a +1/+1 counter on Ishai. Partner (You can have two commanders if both have partner.)",UW
"Ishi-Ishi, Akki Crackshot",8e94fec2-dc56-4961-ba80-b9c904a345ab,bok,110,Legendary Creature — Goblin Warrior,"Whenever an opponent casts a Spirit or Arcane spell, Ishi-Ishi deals 2 damage to that player.",R
"Ishkanah, Broodmother",f902584a-2cf3-4843-b0be-2ead4fe16c38,ymid,52,Legendary Creature — Spider,"Reach Other Spiders you control get +1/+2. {1}{B/G}, Exile two cards from your graveyard: Draft a card from Ishkanah, Broodmother's spellbook.",BG
"Ishkanah, Grafwidow",2a61bad1-f212-4d9b-8422-8ec548b8155c,dsc,187,Legendary Creature — Spider,"Reach Delirium — When Ishkanah enters, if there are four or more card types among cards in your graveyard, create three 1/2 green Spider creature tokens with reach. {6}{B}: Target opponent loses 1 life for each Spider you control.",BG
"Isperia, Supreme Judge",1e3b82a7-ebef-4190-9f50-40b992ba89c9,c20,217,Legendary Creature — Sphinx,"Flying Whenever a creature attacks you or a planeswalker you control, you may draw a card.",UW
Isperia the Inscrutable,b2b365b0-6949-41d2-be60-eb2162b1f882,dis,114,Legendary Creature — Sphinx,"Flying Whenever Isperia deals combat damage to a player, choose a card name. That player reveals their hand. If a card with the chosen name is revealed this way, search your library for a creature card with flying, reveal it, put it into your hand, then shuffle.",UW
"Isshin, Two Heavens as One",a062a004-984e-4b62-960c-af7288f7a3e9,neo,224,Legendary Creature — Human Samurai,"If a creature attacking causes a triggered ability of a permanent you control to trigger, that ability triggers an additional time.",BRW
Isu the Abominable,1e1d50c3-3219-49cb-8f63-c1faff93215c,j22,12,Legendary Snow Creature — Yeti,"You may look at the top card of your library any time. You may play snow lands and cast snow spells from the top of your library. Whenever another snow permanent you control enters, you may pay {G}, {W}, or {U}. If you do, put a +1/+1 counter on Isu.",GUW
It Came from Planet Glurg,c93330c2-b79b-4211-87ca-6ebc45b70dd9,unf,169,Legendary Creature — Alien Ooze,"You may have It Came from Planet Glurg enter as a copy of X different creatures on the battlefield. (It has their total power, total toughness, combined mana costs, all text boxes, names, art, and so on.)",GU
"Ith, High Arcanist",54c32735-e8e7-46a1-84ea-92806f459e84,tsr,255,Legendary Creature — Human Wizard,Vigilance {T}: Untap target attacking creature. Prevent all combat damage that would be dealt to and dealt by that creature this turn. Suspend 4—{W}{U},UW
"Itzquinth, Firstborn of Gishath",7112c366-b36a-4bc8-aa64-6bad16bebc39,lci,230,Legendary Creature — Dinosaur,"Haste When Itzquinth enters, you may pay {2}. When you do, target Dinosaur you control deals damage equal to its power to another target creature.",GR
"Ivora, Insatiable Heir",2ba70366-b6ae-423a-a8d8-29d2b8afd939,j25,50,Legendary Creature — Vampire Warrior,"Trample When Ivora enters and whenever it deals combat damage to a player, create a Blood token. (It's an artifact with ""{1}, {T}, Discard a card, Sacrifice this token: Draw a card."") Whenever you discard a card, put a +1/+1 counter on Ivora.",R
"Ivy, Gleeful Spellthief",d94c15b7-6c8f-45a6-8734-975e3e3b790c,dmu,201,Legendary Creature — Faerie Rogue,"Flying Whenever a player casts a spell that targets only a single creature other than Ivy, you may copy that spell. The copy targets Ivy. (A copy of an Aura spell becomes a token.)",GU
Iwamori of the Open Fist,9c05f3bf-5785-4a53-9c34-cffd7783d107,a25,174,Legendary Creature — Human Monk,"Trample When Iwamori enters, each opponent may put a legendary creature card from their hand onto the battlefield.",G
"Ixhel, Scion of Atraxa",ab866ec4-dcb4-47ef-8de1-a369986609c0,onc,1,Legendary Creature — Phyrexian Angel,"Flying, vigilance, toxic 2 Corrupted — At the beginning of your end step, each opponent who has three or more poison counters exiles the top card of their library face down. You may look at and play those cards for as long as they remain exiled, and you may spend mana as though it were mana of any color to cast those spells.",BGW
"Ixidor, Reality Sculptor",314d5e89-55f7-42b4-af19-d4d0f499a265,ons,89,Legendary Creature — Human Wizard,Face-down creatures get +1/+1. {2}{U}: Turn target face-down creature face up.,U
"Iymrith, Desert Doom",c3e6025d-d273-4ae4-9929-5e588612f1b3,afr,62,Legendary Creature — Dragon,"Flying Iymrith has ward {4} as long as it's untapped. Whenever Iymrith deals combat damage to a player, draw a card. Then if you have fewer than three cards in hand, draw cards equal to the difference.",U
"Izoni, Center of the Web",70ea66cd-587a-4ca9-9ca8-d7d2046bfbed,mkm,209,Legendary Creature — Elf Detective,"Menace Whenever Izoni enters or attacks, you may collect evidence 4. If you do, create two 2/1 black and green Spider creature tokens with menace and reach. Sacrifice four tokens: Surveil 2, then draw two cards. You gain 2 life.",BG
"Izoni, Thousand-Eyed",75955b0e-12d6-40ba-aab5-b7b7e2bde121,grn,180,Legendary Creature — Elf Shaman,"Undergrowth — When Izoni enters, create a 1/1 black and green Insect creature token for each creature card in your graveyard. {B}{G}, Sacrifice another creature: You gain 1 life and draw a card.",BG
"Jace, Vryn's Prodigy // Jace, Telepath Unbound",02d6d693-f1f3-4317-bcc0-c21fa8490d38,ori,60,Legendary Creature — Human Wizard // Legendary Planeswalker — Jace,,U
"Jackal, Genius Geneticist",c0ab07d6-b7c3-4129-9aef-cfdcfabec4b2,spm,131,Legendary Creature — Human Scientist Villain,"Trample Whenever you cast a creature spell with mana value equal to Jackal's power, copy that spell, except the copy isn't legendary. Then put a +1/+1 counter on Jackal. (The copy becomes a token.)",GU
Jackdaw,63056bb9-e825-418a-a8ff-692980aa65fe,acr,58,Legendary Artifact — Vehicle,"Whenever Jackdaw deals combat damage to a player, you may discard your hand. If you do, draw a card for each artifact you control. Crew 3",RU
Jacob Frye,23422e75-e1c7-484b-aa1f-155ef9a998ec,acr,27,Legendary Creature — Human Assassin,"Partner with Evie Frye (When this creature enters, target player may put Evie into their hand from their library, then shuffle.) Whenever one or more Assassins you control deal combat damage to a player, exile up to one target Assassin card or card with freerunning from your graveyard. If you do, copy it. You may cast the copy.",B
"Jacob Hauken, Inspector // Hauken's Insight",6b4529c3-8edb-4909-b910-806450a39d2e,vow,65,Legendary Creature — Human Advisor // Legendary Enchantment,,U
Jacques le Vert,6fde1e41-bb06-457e-8c61-4a41535e3a73,me1,147,Legendary Creature — Human Warrior,Green creatures you control get +0/+2.,GRW
"Jadar, Ghoulcaller of Nephalia",ff971ba7-68b8-482a-9cb1-741f6893550c,mid,108,Legendary Creature — Human Wizard,"At the beginning of your end step, if you control no creatures with decayed, create a 2/2 black Zombie creature token with decayed. (It can't block. When it attacks, sacrifice it at end of combat.)",B
"Jadzi, Oracle of Arcavios // Journey to the Oracle",d7148d24-373e-4485-860b-c3429c2337f2,stx,151,Legendary Creature — Human Wizard // Sorcery,,GU
"Jaheira, Friend of the Forest",feb7ad1b-4466-48f7-b46d-cc83d4e22b51,clb,237,Legendary Creature — Human Elf Druid,"Tokens you control have ""{T}: Add {G}."" Choose a Background (You can have a Background as a second commander.)",G
"Jaheira, Harper Emissary",c26f4277-8807-4c15-8680-172aa3f0d984,hbg,16,Legendary Creature — Human Elf Druid,Specialize {2} Hexproof from artifacts and enchantments,G
"Jalira, Master Polymorphist",1f9719c8-2dfe-4141-9ede-2ee3a282b5e9,a25,63,Legendary Creature — Human Wizard,"{2}{U}, {T}, Sacrifice another creature: Reveal cards from the top of your library until you reveal a nonlegendary creature card. Put that card onto the battlefield and the rest on the bottom of your library in a random order.",U
Jalum Grifter,9b5d0ead-7798-49a2-8106-418db1d4fd69,ugl,47,Legendary Creature — Devil,"{1}{R}, {T}: Shuffle Jalum Grifter and two lands you control face down. Target opponent chooses one of those cards. Turn the cards face up. If they chose Jalum Grifter, sacrifice it. Otherwise, destroy target permanent.",R
"James, Wandering Dad // Follow Him",31fed516-04e1-4453-b955-dfbd32bab2f3,pip,31,Legendary Creature — Human Scientist // Instant — Adventure,,U
Jamie McCrimmon,75cececf-8547-4355-972b-7ffbafcda1c2,who,105,Legendary Creature — Human Warrior,"Trample Whenever you cast a historic spell, Jamie McCrimmon gets +X/+X until end of turn, where X is that spell's mana value. (Artifacts, legendaries, and Sagas are historic.) Doctor's companion (You can have two commanders if the other is the Doctor.)",G
"Jan Jansen, Chaos Crafter",6b215a08-41db-4440-8e33-34a84a33db50,clb,277,Legendary Creature — Gnome Artificer,"Haste {T}, Sacrifice an artifact creature: Create two Treasure tokens. {T}, Sacrifice a noncreature artifact: Create two 1/1 colorless Construct artifact creature tokens.",BRW
"Jarad, Golgari Lich Lord",6870b355-e53d-4fa2-887b-0f0445bcd9c5,tdc,293,Legendary Creature — Zombie Elf,"Jarad gets +1/+1 for each creature card in your graveyard. {1}{B}{G}, Sacrifice another creature: Each opponent loses life equal to the sacrificed creature's power. Sacrifice a Swamp and a Forest: Return this card from your graveyard to your hand.",BG
Jared Carthalion,5acffa48-9e3f-4ba3-a55f-d459307f46df,dmc,2,Legendary Planeswalker — Jared,"+1: Create a 3/3 Kavu creature token with trample that's all colors. −3: Choose up to two target creatures. For each of them, put a number of +1/+1 counters on it equal to the number of colors it is. −6: Return target multicolored card from your graveyard to your hand. If that card was all colors, draw a card and create two Treasure tokens. Jared Carthalion can be your commander.",BGRUW
"Jared Carthalion, True Heir",81bd293b-07b9-4d7c-826a-948d5b01ab5e,cmr,281,Legendary Creature — Human Warrior,"When Jared Carthalion enters, target opponent becomes the monarch. You can't become the monarch this turn. If damage would be dealt to Jared Carthalion while you're the monarch, prevent that damage and put that many +1/+1 counters on it.",GRW
"Jareth, Leonine Titan",bf57d9ec-d161-4cb4-989b-72278bfdba4c,cm2,30,Legendary Creature — Cat Giant,"Whenever Jareth blocks, it gets +7/+7 until end of turn. {W}: Jareth gains protection from the color of your choice until end of turn.",W
"Jarsyl, Dark Age Scion",c4b3bdc0-2826-44d1-b39b-104aff3b9a8c,ybro,20,Legendary Creature — Human Wizard,"Starting intensity 1 At the beginning of combat on your turn, you may cast a spell with mana value equal to Jarsyl, Dark Age Scion's intensity from your graveyard without paying its mana cost. If you do, Jarsyl intensifies by 1.",GR
Jasmine Boreal,004af467-815a-47c0-a974-1ae49ca3a1a8,tsb,93,Legendary Creature — Human,,GW
Jasmine Boreal of the Seven,c1f5bcc4-3ec7-42ae-8e4b-80a9b9135ff0,dmc,33,Legendary Creature — Human Druid,{T}: Add {G}{W}. Spend this mana only to cast creature spells with no abilities. Creatures you control with no abilities can't be blocked by creatures with abilities.,GW
"Jason Bright, Glowing Prophet",48313997-fd94-486a-bf30-e9143a155814,pip,32,Legendary Creature — Zombie Mutant Advisor,"Whenever a Zombie or Mutant you control dies, if its power was different from its base power, draw a card. Come Fly With Me — {2}, Sacrifice a creature: Put a +1/+1 counter on target creature you control. It gains flying until end of turn.",U
"Jaxis, the Troublemaker",78127c0c-672f-4e4b-9c23-6a5f237228fd,snc,112,Legendary Creature — Human Warrior,"{R}, {T}, Discard a card: Create a token that's a copy of another target creature you control. It gains haste and ""When this token dies, draw a card."" Sacrifice it at the beginning of the next end step. Activate only as a sorcery. Blitz {1}{R} (If you cast this spell for its blitz cost, it gains haste and ""When this creature dies, draw a card."" Sacrifice it at the beginning of the next end step.)",R
"Jaya Ballard, Task Mage",2890840e-da0b-40ba-b3c2-7e4af39922b3,tsr,172,Legendary Creature — Human Spellshaper,"{R}, {T}, Discard a card: Destroy target blue permanent. {1}{R}, {T}, Discard a card: Jaya Ballard deals 3 damage to any target. A creature dealt damage this way can't be regenerated this turn. {5}{R}{R}, {T}, Discard a card: Jaya Ballard deals 6 damage to each creature and each player.",R
Jazal Goldmane,616d54a1-33f7-47c9-852f-4f3a07309f27,cmm,32,Legendary Creature — Cat Warrior,"First strike (This creature deals combat damage before creatures without first strike.) {3}{W}{W}: Attacking creatures you control get +X/+X until end of turn, where X is the number of attacking creatures.",W
"Jecht, Reluctant Guardian // Braska's Final Aeon",4ec91fe8-b3da-47fa-b45e-94b62a260aba,fin,104,Legendary Creature — Human Warrior // Legendary Enchantment Creature — Saga Nightmare,,B
Jedit Ojanen,701d1f89-1a4b-41a8-bdb0-972af01f78d4,me3,153,Legendary Creature — Cat Warrior,,UW
"Jedit Ojanen, Mercenary",914a4923-18a6-4aa5-8510-b02e9dc7bb41,dmc,34,Legendary Creature — Cat Mercenary,"Whenever Jedit Ojanen or another legendary creature you control enters, you may pay {G}. If you do, create a 2/2 green Cat Warrior creature token with forestwalk. (It can't be blocked as long as defending player controls a Forest.)",GUW
Jedit Ojanen of Efrava,aba23c7b-27c0-440b-b9b2-f1cd3892ba7b,c17,153,Legendary Creature — Cat Warrior,"Forestwalk (This creature can't be blocked as long as defending player controls a Forest.) Whenever Jedit Ojanen attacks or blocks, create a 2/2 green Cat Warrior creature token with forestwalk.",G
"Jegantha, the Wellspring",1d52e527-3835-4350-8c01-0f2d5d623b9c,iko,222,Legendary Creature — Elemental Elk,"Companion — No card in your starting deck has more than one of the same mana symbol in its mana cost. (If this card is your chosen companion, you may put it into your hand from outside the game for {3} as a sorcery.) {T}: Add {W}{U}{B}{R}{G}. This mana can't be spent to pay generic mana costs.",BGRUW
"Jeleva, Nephalia's Scourge",83f9aeb8-05ba-49d9-a834-62f42fcd295b,c13,194,Legendary Creature — Vampire Wizard,"Flying When Jeleva enters, each player exiles the top X cards of their library, where X is the amount of mana spent to cast Jeleva. Whenever Jeleva attacks, you may cast an instant or sorcery spell from among cards exiled with Jeleva without paying its mana cost.",BRU
"Jem Lightfoote, Sky Explorer",e24fe6dc-662a-4abc-ad60-a1959b2be006,otj,209,Legendary Creature — Human Scout,"Flying, vigilance At the beginning of your end step, if you haven't cast a spell from your hand this turn, draw a card.",UW
"Jenara, Asura of War",4bcf5b5f-b908-4975-91f7-c4c6f819e0a6,ncc,343,Legendary Creature — Angel,Flying {1}{W}: Put a +1/+1 counter on Jenara.,GUW
Jenny Flint,74ebd099-ce57-4053-8f25-d18b3d47fac4,who,136,Legendary Creature — Human Detective,"Partner with Madame Vastra First strike Training (Whenever this creature attacks with another creature with greater power, put a +1/+1 counter on this creature.) Whenever you sacrifice a Clue or Food, put a +1/+1 counter on another target creature you control.",RU
"Jenny, Generated Anomaly",abedc7b1-b6a4-48ab-a336-c0b8edb426a2,who,137,Legendary Creature — Time Lord Soldier,"Double strike Whenever Jenny deals combat damage to a player, it explores. (Reveal the top card of your library. Put that card into your hand if it's a land. Otherwise, put a +1/+1 counter on this creature, then put the card back or put it into your graveyard.)",RW
"Jenova, Ancient Calamity",534f98ee-7bc2-44d6-b49f-f57c051807d5,fin,228,Legendary Creature — Alien,"At the beginning of combat on your turn, put a number of +1/+1 counters equal to Jenova's power on up to one other target creature. That creature becomes a Mutant in addition to its other types. Whenever a Mutant you control dies during your turn, you draw cards equal to its power.",BG
"Jenson Carthalion, Druid Exile",6a67f32c-4c9a-4bda-92f4-037b99999777,dmc,3,Legendary Creature — Human Druid,"Whenever you cast a multicolored spell, scry 1. If that spell was all colors, create a 4/4 white Angel creature token with flying and vigilance. {5}, {T}: Add {W}{U}{B}{R}{G}.",BGRUW
"Jermane, Pride of the Circus",4b423097-a056-4673-bd7e-ca94a41a7aee,unf,144,Legendary Creature — Cat Performer,"{G}, {T}: Put two +1/+1 counters on target creature with four or more legs. {1}{G}{G}, {T}: Until end of turn, all creatures able to block target creature with four or more legs do so.",G
Jerrard of the Closed Fist,621d4d0b-bcff-4855-bbaf-7aeeabeafe99,me3,154,Legendary Creature — Human Knight,,GR
"Jerren, Corrupted Bishop // Ormendahl, the Corrupter",0f6e668d-2502-4e82-b4c2-ef34c9afa27e,mid,109,Legendary Creature — Human Cleric // Legendary Creature — Demon,,B
"Jeska, Thrice Reborn",48caf4c4-745c-4072-bf3d-1a3fa7c3bc9c,cmr,186,Legendary Planeswalker — Jeska,"Jeska enters with a loyalty counter on her for each time you've cast a commander from the command zone this game. 0: Choose target creature. Until your next turn, if that creature would deal combat damage to one of your opponents, it deals triple that damage to that player instead. −X: Jeska deals X damage to each of up to three targets. Jeska, Thrice Reborn can be your commander. Partner",R
"Jeska, Warrior Adept",1cf96a59-8b7d-4a5b-adfd-17eeedd95db5,jud,93,Legendary Creature — Human Barbarian Warrior,"First strike, haste {T}: Jeska deals 1 damage to any target.",R
"Jessie Zane, Fangbringer",59c1e4e5-da4b-418a-833a-f96c10abdf6c,yotj,17,Legendary Creature — Human Assassin,"Deathtouch When Jessie Zane enters and whenever you cast a Snake spell, conjure a card named Ambush Viper into the top six cards of your library at random. It perpetually gains ""When this creature enters, draw a card.""",G
"Jetfire, Ingenious Scientist // Jetfire, Air Guardian",6bf61883-2343-4a9f-9a34-99326a8827ad,bot,3,Legendary Artifact Creature — Robot // Legendary Artifact — Vehicle,,U
"Jetmir, Nexus of Revels",f9c69d75-651f-4b75-b65d-79999d2069f6,snc,193,Legendary Creature — Cat Demon,Creatures you control get +1/+0 and have vigilance as long as you control three or more creatures. Creatures you control also get +1/+0 and have trample as long as you control six or more creatures. Creatures you control also get +1/+0 and have double strike as long as you control nine or more creatures.,GRW
"Jhoira, Ageless Innovator",dd911900-1f5f-4420-96b8-1e4fe67e59f6,dmu,202,Legendary Creature — Human Artificer,"{T}: Put two ingenuity counters on Jhoira, then you may put an artifact card with mana value X or less from your hand onto the battlefield, where X is the number of ingenuity counters on Jhoira.",RU
Jhoira of the Ghitu,aa6c3c8a-aa35-46b3-8769-27b4244457b0,tsr,256,Legendary Creature — Human Wizard,"{2}, Exile a nonland card from your hand: Put four time counters on the exiled card. If it doesn't have suspend, it gains suspend. (At the beginning of your upkeep, remove a time counter. When the last is removed, you may cast it without paying its mana cost. If it's a creature, it has haste.)",RU
"Jhoira, Weatherlight Captain",776f490a-2f75-4c18-8164-56bd65bb09c6,eoc,118,Legendary Creature — Human Artificer,"Whenever you cast a historic spell, draw a card. (Artifacts, legendaries, and Sagas are historic.)",RU
"Jill, Shiva's Dominant // Shiva, Warden of Ice",1f163763-4802-4a96-a5bc-f3c381db7b5c,fin,58,Legendary Creature — Human Noble Warrior // Legendary Enchantment Creature — Saga Elemental,,U
"Jin-Gitaxias, Core Augur",14a360b6-c7b4-4b25-8288-b3bb8d527bda,ima,62,Legendary Creature — Phyrexian Praetor,"Flash At the beginning of your end step, draw seven cards. Each opponent's maximum hand size is reduced by seven.",U
"Jin-Gitaxias, Progress Tyrant",c57b4876-5387-4f73-b8e2-8e7bdca8b0bc,neo,59,Legendary Creature — Phyrexian Praetor,"Whenever you cast an artifact, instant, or sorcery spell, copy that spell. You may choose new targets for the copy. This ability triggers only once each turn. (A copy of a permanent spell becomes a token.) Whenever an opponent casts an artifact, instant, or sorcery spell, counter that spell. This ability triggers only once each turn.",U
Jin-Gitaxias // The Great Synthesis,41c83142-b948-4ee5-a486-41306d2bb411,mom,65,Legendary Creature — Phyrexian Praetor // Enchantment — Saga,,U
"Jinnie Fay, Jetmir's Second",c5f9326a-2a41-45b3-97c3-548f0bdc0882,snc,195,Legendary Creature — Elf Druid,"If you would create one or more tokens, you may instead create that many 2/2 green Cat creature tokens with haste or that many 3/1 green Dog creature tokens with vigilance.",GRW
"Jirina, Dauntless General",5c0c3860-1dab-4897-8f36-f9be263bba03,mat,32,Legendary Creature — Human Soldier,"When Jirina enters, exile target player's graveyard. Sacrifice Jirina: Humans you control gain hexproof and indestructible until end of turn.",BW
Jirina Kudro,6e660d42-f5d3-452a-9662-74e18a1ae9e4,c20,8,Legendary Creature — Human Soldier,"When Jirina Kudro enters, create a 1/1 white Human Soldier creature token for each time you've cast a commander from the command zone this game. Other Humans you control get +2/+0.",BRW
"Jiwari, the Earth Aflame",6b46105b-32c2-48fc-b71d-c3e8fcb8a8ea,sok,107,Legendary Creature — Spirit,"{X}{R}, {T}: Jiwari deals X damage to target creature without flying. Channel — {X}{R}{R}{R}, Discard this card: It deals X damage to each creature without flying.",R
J. Jonah Jameson,9ee905d6-b647-4eb1-a8d9-89add9bafc31,spm,81,Legendary Creature — Human Citizen,"When J. Jonah Jameson enters, suspect up to one target creature. Whenever a creature you control with menace attacks, create a Treasure token.",R
"Jodah, Archmage Eternal",73c18cb4-96b1-4af2-912e-974e22877ede,2x2,233,Legendary Creature — Human Wizard,Flying You may pay {W}{U}{B}{R}{G} rather than pay the mana cost for spells you cast.,BGRUW
"Jodah, the Unifier",e4b1aa1e-b4e3-4346-8937-76b312501c70,dmu,203,Legendary Creature — Human Wizard,"Legendary creatures you control get +X/+X, where X is the number of legendary creatures you control. Whenever you cast a legendary spell from your hand, exile cards from the top of your library until you exile a legendary nonland card with lesser mana value. You may cast that card without paying its mana cost. Put the rest on the bottom of your library in a random order.",BGRUW
Jo Grant,a4c73220-363e-44d7-b406-436246c02a75,who,23,Legendary Creature — Human Soldier,"Each historic card in your hand has cycling {2}{W}. ({2}{W}, Discard that card: Draw a card.) Whenever you cycle a card, put a +1/+1 counter on Jo Grant. Doctor's companion (You can have two commanders if the other is the Doctor.)",W
Johan,2f2f3b3e-63f3-4cab-aa95-030990157ed5,chr,77,Legendary Creature — Human Wizard,"At the beginning of combat on your turn, you may have Johan gain ""Johan can't attack"" until end of combat. If you do, attacking doesn't cause creatures you control to tap this combat if Johan is untapped.",GRW
"Johann, Apprentice Sorcerer",b88a762d-19ed-451d-a3a9-b3e7eea40f67,woe,207,Legendary Creature — Human Wizard,"You may look at the top card of your library any time. Once each turn, you may cast an instant or sorcery spell from the top of your library. (You still pay its costs. Timing rules still apply.)",RU
"Johnny, Combo Player",f8fc7a61-226c-426a-9b99-21d87aca2f6f,und,23,Legendary Creature — Human Gamer,"{4}: Search your library for a card, put that card into your hand, then shuffle.",U
"Jolene, Plundering Pugilist",fe30b5c8-4889-4350-bb1d-3e2a67d9dfb2,otj,210,Legendary Creature — Human Mercenary,"Whenever you attack with one or more creatures with power 4 or greater, create a Treasure token. {1}{R}, Sacrifice a Treasure: Jolene deals 1 damage to any target.",GR
"Jolene, the Plunder Queen",61c217d9-21d5-45ef-938a-138192a901f4,ncc,73,Legendary Creature — Human Warrior,"Whenever a player attacks one or more of your opponents, that attacking player creates a Treasure token. If you would create one or more Treasure tokens, instead create those tokens plus an additional Treasure token. Sacrifice five Treasures: Put five +1/+1 counters on Jolene.",GR
"Jolrael, Empress of Beasts",01084157-60e5-4693-bbec-be60b0b4e04f,tsb,81,Legendary Creature — Human Spellshaper,"{2}{G}, {T}, Discard two cards: All lands target player controls become 3/3 creatures until end of turn. They're still lands.",G
"Jolrael, Mwonvuli Recluse",188f9016-275f-4060-8b11-9cdeef3759bd,mkc,173,Legendary Creature — Human Druid,"Whenever you draw your second card each turn, create a 2/2 green Cat creature token. {4}{G}{G}: Until end of turn, creatures you control have base power and toughness X/X, where X is the number of cards in your hand.",G
"Jolrael, Voice of Zhalfir",fcb93216-885c-4ec5-8b88-6cd51f593c8b,mat,33,Legendary Creature — Human Druid,"At the beginning of combat on your turn, up to one target land you control becomes an X/X green and blue Bird creature with flying and haste until end of turn, where X is the number of cards in your hand. It's still a land. Whenever a land creature you control deals combat damage to a player, draw a card.",GU
"Jon Irenicus, Shattered One",bfddb61e-986f-4557-819d-d6c0ca85c74a,clb,278,Legendary Creature — Elf Wizard,"At the beginning of your end step, target opponent gains control of up to one target creature you control. Put two +1/+1 counters on it and tap it. It's goaded for the rest of the game and it gains ""This creature can't be sacrificed."" (It attacks each combat if able and attacks a player other than you if able.) Whenever a creature you own but don't control attacks, you draw a card.",BU
"Jon Irenicus, the Exile",8360840b-3edc-4d44-b604-61ae8c99e885,hbg,72,Legendary Creature — Elf Wizard,"At the beginning of your end step, draw a card if your library has more cards in it than target opponent's library. Otherwise, each opponent mills five cards.",BU
"Jori En, Ruin Diver",40c020f2-5809-4aa6-a6f5-6030568058aa,dds,23,Legendary Creature — Merfolk Wizard,"Whenever you cast your second spell each turn, draw a card.",RU
"Jor Kadeen, First Goldwarden",e7e4d8f7-874d-4b2a-ad23-afab479784ea,one,203,Legendary Creature — Human Rebel,"Trample Whenever Jor Kadeen attacks, it gets +X/+X until end of turn, where X is the number of equipped creatures you control. Then if Jor Kadeen's power is 4 or greater, draw a card.",RW
"Jor Kadeen, the Prevailer",576d86b5-2541-4ebc-8992-73248af7c805,c21,220,Legendary Creature — Human Warrior,First strike Metalcraft — Creatures you control get +3/+0 as long as you control three or more artifacts.,RW
"Jorn, God of Winter // Kaldring, the Rimestaff",c697548f-925b-405e-970a-4e78067d5c8e,khm,179,Legendary Snow Creature — God // Legendary Snow Artifact,,BGU
"Joshua, Phoenix's Dominant // Phoenix, Warden of Fire",457fdbb9-5439-460f-8e37-176f8919362c,fin,229,Legendary Creature — Human Noble Wizard // Legendary Enchantment Creature — Saga Phoenix,,RW
"Josu Vess, Lich Knight",30553f61-6edf-4e7b-b60f-b8f62ca2bcad,moc,253,Legendary Creature — Zombie Knight,"Kicker {5}{B} (You may pay an additional {5}{B} as you cast this spell.) Menace When Josu Vess enters, if it was kicked, create eight 2/2 black Zombie Knight creature tokens with menace.",B
Joven,0dabe3af-cd5b-461e-95a4-aad046646419,hml,77,Legendary Creature — Human Rogue,"{R}{R}{R}, {T}: Destroy target noncreature artifact.",R
Judge Magister Gabranth,f9e64cb6-48f7-41d3-99e7-4b0bc3b33fd7,fin,230,Legendary Creature — Human Advisor Knight,"Menace (This creature can't be blocked except by two or more creatures.) Whenever another creature or artifact you control dies, put a +1/+1 counter on Judge Magister Gabranth.",BW
"Judith, Carnage Connoisseur",3eaa19ce-cace-499e-8b23-ef9e56b23700,mkm,210,Legendary Creature — Human Shaman,"Whenever you cast an instant or sorcery spell, choose one — • That spell gains deathtouch and lifelink. • Create a 2/2 red Imp creature token with ""When this token dies, it deals 2 damage to each opponent.""",BR
"Judith, the Scourge Diva",d6fb929c-1b8d-4d1d-aa69-ac6189cd7ebf,cmm,341,Legendary Creature — Human Shaman,"Other creatures you control get +1/+0. Whenever a nontoken creature you control dies, Judith deals 1 damage to any target.",BR
"Jugan, the Rising Star",d897caab-3720-4f1a-bf38-4ba266352567,ima,172,Legendary Creature — Dragon Spirit,"Flying When Jugan dies, you may distribute five +1/+1 counters among any number of target creatures.",G
"Junji, the Midnight Sky",e9ff50c0-915e-4055-a595-3df6be8f1e1b,tdc,183,Legendary Creature — Dragon Spirit,"Flying, menace When Junji dies, choose one — • Each opponent discards two cards and loses 2 life. • Put target non-Dragon creature card from a graveyard onto the battlefield under your control. You lose 2 life.",B
"Juri, Master of the Revue",5006eae5-3b77-45ab-a907-f5094b2eaf1f,eoc,119,Legendary Creature — Human Shaman,"Whenever you sacrifice a permanent, put a +1/+1 counter on Juri. When Juri dies, it deals damage equal to its power to any target.",BR
"Jurin, Leading the Charge",867b4e3d-e175-4d6b-868a-87b3d6f61b07,slx,27,Legendary Creature — Human Barbarian,"Haste Jurin must be blocked if able. Whenever Jurin attacks, each creature you control attacking a player gets +1/+0 until end of turn for each creature that player controls.",R
"Jyoti, Moag Ancient",9d2cb8d1-6aaa-487f-bf5a-89d657c0f37e,m3c,8,Legendary Creature — Elemental,"When Jyoti enters, create a 1/1 green Forest Dryad land creature token for each time you've cast your commander from the command zone this game. (They're affected by summoning sickness.) At the beginning of each combat, land creatures you control get +X/+X until end of turn, where X is Jyoti's power.",GU
"K-9, Mark I",b2e46695-7bd3-448c-a5ea-6d544943ec5f,who,47,Legendary Artifact Creature — Robot Dog,"Negative — As long as K-9 is untapped, other legendary creatures you control have ward {1}. Affirmative — {1}{U}, {T}: Target legendary creature can't be blocked this turn. Doctor's companion (You can have two commanders if the other is the Doctor.)",U
Kaalia of the Vast,e71c8c39-3fbb-4a42-9cf6-b3224f5a56fc,mh3,290,Legendary Creature — Human Cleric,"Flying Whenever Kaalia attacks an opponent, you may put an Angel, Demon, or Dragon creature card from your hand onto the battlefield tapped and attacking that opponent.",BRW
"Kaalia, Zenith Seeker",1f400655-f495-4b21-ab9e-57fe4d845d45,m20,210,Legendary Creature — Human Cleric,"Flying, vigilance When Kaalia enters, look at the top six cards of your library. You may reveal an Angel card, a Demon card, and/or a Dragon card from among them and put them into your hand. Put the rest on the bottom of your library in a random order.",BRW
"Kadena, Slinking Sorcerer",68a144f1-df18-4dc5-81c3-dff2af27527f,c19,45,Legendary Creature — Snake Wizard,"The first face-down creature spell you cast each turn costs {3} less to cast. Whenever a face-down creature you control enters, draw a card.",BGU
Kaervek the Merciless,95c5bd95-b483-4dfb-9010-cfee47d22468,dsc,222,Legendary Creature — Human Shaman,"Whenever an opponent casts a spell, Kaervek deals damage equal to that spell's mana value to any target.",BR
"Kaervek, the Punisher",7f3affc1-be42-48c7-89ff-b59550ff278c,otj,92,Legendary Creature — Human Warlock,"Whenever you commit a crime, exile up to one target black card from your graveyard and copy it. You may cast the copy. If you do, you lose 2 life. (Targeting opponents, anything they control, and/or cards in their graveyards is a crime. Copies of permanent spells become tokens.)",B
"Kaervek, the Spiteful",b0fd1009-cd3d-4b53-b9f1-dbc47e8708ab,m21,106,Legendary Creature — Human Warlock,Other creatures get -1/-1.,B
"Kagemaro, First to Suffer",752f8672-1c37-4ab2-b290-fe3147784475,sok,73,Legendary Creature — Demon Spirit,"Kagemaro's power and toughness are each equal to the number of cards in your hand. {B}, Sacrifice Kagemaro: All creatures get -X/-X until end of turn, where X is the number of cards in your hand.",B
"Kagha, Shadow Archdruid",6351adc8-2e44-4e5c-ae58-975b7332155e,clb,279,Legendary Creature — Elf Druid,"Whenever Kagha attacks, it gains deathtouch until end of turn. Mill two cards. (Put the top two cards of your library into your graveyard.) Once during each of your turns, you may play a land or cast a permanent spell from among cards in your graveyard that were put there from your library this turn.",BG
"Kaheera, the Orphanguard",d4ebed0b-8060-4a7b-a060-5cfcd2172b16,iko,224,Legendary Creature — Cat Beast,"Companion — Each creature card in your starting deck is a Cat, Elemental, Nightmare, Dinosaur, or Beast card. (If this card is your chosen companion, you may put it into your hand from outside the game for {3} as a sorcery.) Vigilance Each other creature you control that's a Cat, Elemental, Nightmare, Dinosaur, or Beast gets +1/+1 and has vigilance.",GW
"Kaho, Minamo Historian",7a5ad263-6b0d-4eaa-bc5a-16f5077206e1,cmm,101,Legendary Creature — Human Wizard,"When Kaho enters, search your library for up to three instant cards, exile them, then shuffle. {X}, {T}: You may cast a spell with mana value X from among cards exiled with Kaho without paying its mana cost.",U
"Kaima, the Fractured Calm",467033f7-8d59-4b80-8c2e-c36f3ad93438,nec,3,Legendary Creature — Spirit,"At the beginning of your end step, goad each creature your opponents control that's enchanted by an Aura you control. Put a +1/+1 counter on Kaima for each creature goaded this way. (Until your next turn, the goaded creatures attack each combat if able and attack a player other than you if able.)",GR
"Kain, Traitorous Dragoon",f8c86be0-e1b3-4a78-9254-238dd936914b,fin,105,Legendary Creature — Human Knight,"Jump — During your turn, Kain has flying. Whenever Kain deals combat damage to a player, that player gains control of Kain. If they do, you draw that many cards, create that many tapped Treasure tokens, then lose that much life.",B
"Kairi, the Swirling Sky",af7979d8-21f3-40ba-8a2e-7ebad210e48b,neo,60,Legendary Creature — Dragon Spirit,"Flying, ward {3} When Kairi dies, choose one — • Return any number of target nonland permanents with total mana value 6 or less to their owners' hands. • Mill six cards, then return up to two instant and/or sorcery cards from your graveyard to your hand.",U
"Kalain, Reclusive Painter",e45e9552-7737-4c61-89b0-5a3bec3c8f34,afr,225,Legendary Creature — Human Elf Bard,"When Kalain enters, create a Treasure token. (It's an artifact with ""{T}, Sacrifice this token: Add one mana of any color."") Other creatures you control enter with an additional +1/+1 counter on them for each mana from a Treasure spent to cast them.",BR
"Kalakscion, Hunger Tyrant",1214fc6d-ae47-418d-88cc-58633ec2ac7a,dft,93,Legendary Creature — Crocodile,,B
"Kalamax, the Stormsire",f990cd78-2165-446f-a116-ae55d7a0f00d,c20,9,Legendary Creature — Elemental Dinosaur,"Whenever you cast your first instant spell each turn, if Kalamax is tapped, copy that spell. You may choose new targets for the copy. Whenever you copy an instant spell, put a +1/+1 counter on Kalamax.",GRU
"Kalemne, Disciple of Iroas",3c718940-dc07-4449-ba35-4029f366c3eb,cm2,7,Legendary Creature — Giant Soldier,"Double strike, vigilance Whenever you cast a creature spell with mana value 5 or greater, you get an experience counter. Kalemne gets +1/+1 for each experience counter you have.",RW
"Kalitas, Bloodchief of Ghet",859aab70-8192-414c-839b-dd0fbcbd8bf1,zen,99,Legendary Creature — Vampire Warrior,"{B}{B}{B}, {T}: Destroy target creature. If that creature dies this way, create a black Vampire creature token. Its power is equal to that creature's power and its toughness is equal to that creature's toughness.",B
"Kalitas, Traitor of Ghet",17a278d0-f601-4d57-bc3d-2972f8602a69,ogw,86,Legendary Creature — Vampire Warrior,"Lifelink If a nontoken creature an opponent controls would die, instead exile that card and create a 2/2 black Zombie creature token. {2}{B}, Sacrifice another Vampire or Zombie: Put two +1/+1 counters on Kalitas.",B
"Kamachal, Ship's Mascot",32adac7e-ef3b-4b15-ace8-80e8102bf126,ylci,15,Legendary Creature — Dinosaur Pirate,"Menace {R}: Kamachal, Ship's Mascot gets +1/+0 until end of turn. Whenever Kamachal deals combat damage to a player, create a Treasure token. Then exile from that player's library a random card with mana value equal to the damage dealt. You may cast that card this turn.",R
"Kamahl, Fist of Krosa",c960672d-06ad-4d41-8904-9c007f824756,dmr,166,Legendary Creature — Human Druid,{G}: Target land becomes a 1/1 creature until end of turn. It's still a land. {2}{G}{G}{G}: Creatures you control get +3/+3 and gain trample until end of turn.,G
"Kamahl, Heart of Krosa",4c3560ae-b1f6-4269-a9eb-1a45247b6232,cmr,237,Legendary Creature — Human Druid,"At the beginning of combat on your turn, creatures you control get +3/+3 and gain trample until end of turn. {1}{G}: Until end of turn, target land you control becomes a 1/1 Elemental creature with vigilance, indestructible, and haste. It's still a land. Partner (You can have two commanders if both have partner.)",G
"Kamahl, Pit Fighter",7a65dd4d-f838-4964-bd5a-a517960cc644,dds,39,Legendary Creature — Human Barbarian,Haste (This creature can attack and {T} as soon as it comes under your control.) {T}: Kamahl deals 3 damage to any target.,R
"Kambal, Consul of Allocation",b3e47d49-e5b5-487b-a1ec-373dbf89b2ec,2x2,237,Legendary Creature — Human Advisor,"Whenever an opponent casts a noncreature spell, that player loses 2 life and you gain 2 life.",BW
"Kambal, Profiteering Mayor",d53a775d-5898-41a8-b404-9b7d4721c6ba,otj,211,Legendary Creature — Human Advisor,"Whenever one or more tokens your opponents control enter, for each of them, create a tapped token that's a copy of it. This ability triggers only once each turn. Whenever one or more tokens you control enter, each opponent loses 1 life and you gain 1 life.",BW
"Kamber, the Plunderer",fc7714b3-bcbd-4a63-b517-53166e3facb1,otc,137,Legendary Creature — Vampire Rogue,"Partner with Laurine, the Diversion (When this creature enters, target player may put Laurine into their hand from their library, then shuffle.) Lifelink Whenever a creature an opponent controls dies, you gain 1 life and create a Blood token. (It's an artifact with ""{1}, {T}, Discard a card, Sacrifice this token: Draw a card."")",B
Kami of the Crescent Moon,dd420010-6eaf-4853-8b7b-11de1157416b,voc,107,Legendary Creature — Spirit,"At the beginning of each player's draw step, that player draws an additional card.",U
"Kamiz, Obscura Oculus",74b8ae28-e169-46be-8180-ebdaf80efd81,ncc,3,Legendary Creature — Octopus Rogue,"Whenever you attack, target attacking creature can't be blocked this turn. It connives. Then choose another attacking creature with lesser power. That creature gains double strike until end of turn. (To have a creature connive, draw a card, then discard a card. If you discarded a nonland card, put a +1/+1 counter on that creature.)",BUW
"Kangee, Aerie Keeper",3afd7e8e-4fcc-4003-9791-7baf10ef1880,inv,253,Legendary Creature — Bird Wizard,"Kicker {X}{2} (You may pay an additional {X}{2} as you cast this spell.) Flying When Kangee enters, if it was kicked, put X feather counters on it. Other Bird creatures get +1/+1 for each feather counter on Kangee.",UW
"Kangee, Sky Warden",99988f41-99b4-4423-be5f-9dc4ec7d813b,cmr,283,Legendary Creature — Bird Wizard,"Flying, vigilance Whenever Kangee attacks, attacking creatures with flying get +2/+0 until end of turn. Whenever Kangee blocks, blocking creatures with flying get +0/+2 until end of turn.",UW
"Karador, Ghost Chieftain",8d128887-13fb-4e54-90f2-d3c46b7b29d7,cmm,342,Legendary Creature — Centaur Spirit,"This spell costs {1} less to cast for each creature card in your graveyard. Once during each of your turns, you may cast a creature spell from your graveyard.",BGW
"Karametra, God of Harvests",2bd9d26e-984c-4cf8-8c46-447f9776668f,c20,218,Legendary Enchantment Creature — God,"Indestructible As long as your devotion to green and white is less than seven, Karametra isn't a creature. Whenever you cast a creature spell, you may search your library for a Forest or Plains card, put it onto the battlefield tapped, then shuffle.",GW
"Karazikar, the Eye Tyrant",da46b47b-0156-4a01-b4b1-28526a6826f4,afc,49,Legendary Creature — Beholder,"Whenever you attack a player, tap target creature that player controls and goad it. (Until your next turn, that creature attacks each combat if able and attacks a player other than you if able.) Whenever an opponent attacks another one of your opponents, you and the attacking player each draw a card and lose 1 life.",BR
"Kardum, Patron of Flames",89c0227a-df80-47d1-9400-5f1fb6b71a00,hbg,58,Legendary Creature — Demon,"Haste Whenever Kardum, Patron of Flames attacks, put a flame counter on it, then seek a card with mana value equal to the number of flame counters on it and exile that card face down. When Kardum dies, put all cards you own exiled with it into your hand. At the beginning of the end step of your next turn, discard those cards.",R
"Kardur, Doomscourge",7c0f7712-7bbf-471b-8107-3a49cf922ad9,dsc,223,Legendary Creature — Demon Berserker,"When Kardur enters, until your next turn, creatures your opponents control attack each combat if able and attack a player other than you if able. Whenever an attacking creature dies, each opponent loses 1 life and you gain 1 life.",BR
"Kari Zev, Crew of Two",042a1907-0f97-4891-b39f-4c884e7524da,ydft,14,Legendary Creature — Human Pirate,"Menace, Haste Whenever Kari Zev attacks while you don't control a legendary Monkey, conjure a card named Ragavan, Nimble Pilferer onto the battlefield tapped and attacking. At the beginning of the next end step, if that card is on the battlefield, return it to its owner's hand.",R
"Kari Zev, Skyship Raider",48765efe-bcb5-4a15-acd0-607ead64ae6d,lcc,227,Legendary Creature — Human Pirate,"First strike, menace Whenever Kari Zev attacks, create Ragavan, a legendary 2/1 red Monkey creature token. Ragavan enters tapped and attacking. Exile that token at end of combat.",R
"Karlach, Fury of Avernus",775480ed-f574-40cb-bd9b-21102eaaff63,clb,186,Legendary Creature — Tiefling Barbarian,"Whenever you attack, if it's the first combat phase of the turn, untap all attacking creatures. They gain first strike until end of turn. After this phase, there is an additional combat phase. Choose a Background (You can have a Background as a second commander.)",R
"Karlach, Raging Tiefling",8baf28ee-22d3-4bfe-84ee-ec3d2ad34179,hbg,14,Legendary Creature — Tiefling Barbarian,"First strike Rage Beyond Death — Specialize {6}. You may also activate this ability if Karlach, Raging Tiefling is in your graveyard.",R
Karlov of the Ghost Council,f7c41011-a9eb-451c-a76d-67d2dcf47c52,rvr,193,Legendary Creature — Spirit Advisor,"Whenever you gain life, put two +1/+1 counters on Karlov. {W}{B}, Remove six +1/+1 counters from Karlov: Exile target creature.",BW
"Karn, Legacy Reforged",4219b5ea-a252-4d76-a60a-9674340e8ed3,mat,49,Legendary Artifact Creature — Golem,"Karn's power and toughness are each equal to the greatest mana value among artifacts you control. At the beginning of your upkeep, add {C} for each artifact you control. This mana can't be spent to cast nonartifact spells. Until end of turn, you don't lose this mana as steps and phases end.",
"Karn, Silver Golem",055a00a2-0df2-4f49-ac51-e33dfaf7ee85,vma,270,Legendary Artifact Creature — Golem,"Whenever Karn blocks or becomes blocked, it gets -4/+4 until end of turn. {1}: Target noncreature artifact becomes an artifact creature with power and toughness each equal to its mana value until end of turn.",
"Karona, False God",de53d083-251e-42a4-9e2e-c2978c80615b,scg,138,Legendary Creature — Avatar,"Haste At the beginning of each player's upkeep, that player untaps Karona and gains control of it. Whenever Karona attacks, creatures of the creature type of your choice get +3/+3 until end of turn.",BGRUW
"Karrthus, Tyrant of Jund",2bfb85e8-278b-48a4-970e-e65bad1c4c47,2xm,205,Legendary Creature — Dragon,"Flying, haste When Karrthus enters, gain control of all Dragons, then untap all Dragons. Other Dragon creatures you control have haste.",BGR
"Karumonix, the Rat King",f16e282d-8941-46c7-a974-c05b6f73c964,one,98,Legendary Creature — Phyrexian Rat,"Toxic 1 (Players dealt combat damage by this creature also get a poison counter.) Other Rats you control have toxic 1. When Karumonix enters, look at the top five cards of your library. You may reveal any number of Rat cards from among them and put the revealed cards into your hand. Put the rest on the bottom of your library in a random order.",B
"Karvanista, Loyal Lupari // Lupari Shield",ca1cedd8-98d3-408f-8de8-fa682ab0227c,who,106,Legendary Creature — Alien Dog Soldier // Sorcery — Adventure,,G
"Kaseto, Orochi Archmage",3cae9bae-bcea-4b4b-965f-8b14339e724b,c21,221,Legendary Creature — Snake Wizard,"{G}{U}: Target creature can't be blocked this turn. If that creature is a Snake, it gets +2/+2 until end of turn.",GU
Kasimir the Lone Wolf,45b1e60d-54dd-41cd-b9a2-00890725a3df,leg,237,Legendary Creature — Human Warrior,,UW
"Kasla, the Broken Halo",a209bda2-f0bf-4417-94f9-b73eff0b4217,moc,4,Legendary Creature — Angel Ally,"Convoke (Your creatures can help cast this spell. Each creature you tap while casting this spell pays for {1} or one mana of that creature's color.) Flying, vigilance, haste Whenever you cast another spell that has convoke, scry 2, then draw a card.",RUW
"Kassandra, Eagle Bearer",e127a40c-90c8-4c2d-aff4-daab1c56a4c5,acr,59,Legendary Creature — Human Assassin Warrior,"Haste When Kassandra enters, search your graveyard, hand, and library for a card named The Spear of Leonidas, put it onto the battlefield, then shuffle. Whenever a creature you control with a legendary Equipment attached to it deals combat damage to a player, draw a card.",RW
"Kastral, the Windcrested",ebf68793-22a2-4a59-9d37-6791584edca1,blb,221,Legendary Creature — Bird Scout,"Flying Whenever one or more Birds you control deal combat damage to a player, choose one — • You may put a Bird creature card from your hand or graveyard onto the battlefield with a finality counter on it. • Put a +1/+1 counter on each Bird you control. • Draw a card.",UW
"Kataki, War's Wage",4d84ac44-01d8-415e-af69-7c608ac8ae20,mma,20,Legendary Creature — Spirit,"All artifacts have ""At the beginning of your upkeep, sacrifice this artifact unless you pay {1}.""",W
"Katara, Bending Prodigy",e8372167-383f-4302-a8ea-b6bf495c870c,tla,59,Legendary Creature — Human Warrior Ally,"At the beginning of your end step, if Katara is tapped, put a +1/+1 counter on her. Waterbend {6}: Draw a card. (While paying a waterbend cost, you can tap your artifacts and creatures to help. Each one pays for {1}.)",U
"Katara, Heroic Healer",bc2ec498-54eb-41a7-bdf2-8772430e177f,tle,215,Legendary Creature — Human Warrior Ally,"Lifelink (Damage dealt by this creature also causes you to gain that much life.) When Katara enters, put a +1/+1 counter on each other creature you control.",W
"Katara, the Fearless",b0a18f8b-7364-4375-b2e1-e2f15978517f,tla,230,Legendary Creature — Human Warrior Ally,"If a triggered ability of an Ally you control triggers, that ability triggers an additional time.",GUW
"Katara, Waterbending Master",2c348122-37e0-443b-861d-ccf2837ce7a3,tle,93,Legendary Creature — Human Warrior Ally,"Whenever you cast a spell during an opponent's turn, you get an experience counter. Whenever Katara attacks, you may draw a card for each experience counter you have. If you do, discard a card.",U
"Katara, Water Tribe's Hope",9ec03308-59a2-417a-938f-bdda75080e43,tla,231,Legendary Creature — Human Warrior Ally,"Vigilance When Katara enters, create a 1/1 white Ally creature token. Waterbend {X}: Creatures you control have base power and toughness X/X until end of turn. X can't be 0. Activate only during your turn. (While paying a waterbend cost, you can tap your artifacts and creatures to help. Each one pays for {1}.)",UW
Katerina of Myra's Marvels,191da6ec-22a5-4eab-a016-01cd588cce9f,unf,16,Legendary Creature — Human Performer,"As Katerina of Myra's Marvels enters, choose a letter. Whenever you cast a spell whose name begins with the chosen letter, create a white 2/2 Cat creature token with flying. Partner (You can have two commanders if they both have partner.)",W
Kate Stewart,0d1c2b4d-5627-4264-943f-9be029c0ee92,who,139,Legendary Creature — Human Scientist,"Whenever you put one or more time counters on a permanent you control, create a 1/1 white Soldier creature token. Whenever Kate Stewart attacks, you may pay {8}. If you do, attacking creatures get +X/+X until end of turn, where X is the number of time counters among permanents you control.",RUW
"Kathril, Aspect Warper",ebc57f73-a517-463e-8d55-56aa996d091e,c20,10,Legendary Creature — Nightmare Insect,"When Kathril enters, put a flying counter on any creature you control if a creature card in your graveyard has flying. Repeat this process for first strike, double strike, deathtouch, hexproof, indestructible, lifelink, menace, reach, trample, and vigilance. Then put a +1/+1 counter on Kathril for each counter put on a creature this way.",BGW
Katilda and Lier,3a30ee96-00a0-4da9-a2e3-f87dedf2698f,moc,446,Legendary Creature — Human,"Whenever you cast a Human spell, target instant or sorcery card in your graveyard gains flashback until end of turn. The flashback cost is equal to its mana cost. (You may cast that card from your graveyard for its flashback cost. Then exile it.)",GUW
"Katilda, Dawnhart Martyr // Katilda's Rising Dawn",0ef240aa-2a88-4ec4-888a-918466372adb,vow,21,Legendary Creature — Spirit Warlock // Legendary Enchantment — Aura,,W
"Katilda, Dawnhart Prime",673cd775-d417-4652-a91d-825ad5c89e8a,mid,230,Legendary Creature — Human Warlock,"Protection from Werewolves Human creatures you control have ""{T}: Add one mana of any of this creature's colors."" {4}{G}{W}, {T}: Put a +1/+1 counter on each creature you control.",GW
"Katsumasa, the Animator",ab4b5ff5-fd6a-4948-9c54-440bf6324bd1,nec,15,Legendary Creature — Moonfolk Artificer,"Flying {2}{U}: Until end of turn, target noncreature artifact you control becomes an artifact creature and gains flying. If it's not a Vehicle, it has base power and toughness 1/1 until end of turn. At the beginning of your upkeep, put a +1/+1 counter on each of up to three target noncreature artifacts.",U
"Kaust, Eyes of the Glade",648c15d1-a2a2-4f59-9b0a-5448be3e990f,mkc,1,Legendary Creature — Dryad Detective,"Whenever a creature you control that was turned face up this turn deals combat damage to a player, draw a card. {T}: Turn target face-down attacking creature you control face up.",GRW
Kaysa,8e04a31e-24b6-4d54-90c3-3f37d457131b,me2,170,Legendary Creature — Elf Druid,Green creatures you control get +1/+1.,G
"Kaza, Roil Chaser",080585c6-d946-4435-954a-0ada936dc3f1,otc,232,Legendary Creature — Human Wizard,"Flying, haste {T}: The next instant or sorcery spell you cast this turn costs {X} less to cast, where X is the number of Wizards you control as this ability resolves.",RU
"Kazarov, Sengir Pureblood",2aff7077-496b-46ca-b9d7-a8c1772f9a91,dom,96,Legendary Creature — Vampire,"Flying Whenever a creature an opponent controls is dealt damage, put a +1/+1 counter on Kazarov. {3}{R}: Kazarov deals 2 damage to target creature.",BR
"Kazuul, Tyrant of the Cliffs",721df547-d777-4247-b130-a4e247445b04,mkc,157,Legendary Creature — Ogre Warrior,"Whenever a creature an opponent controls attacks, if you're the defending player, create a 3/3 red Ogre creature token unless that creature's controller pays {3}.",R
"Kediss, Emberclaw Familiar",f606ebf1-483d-4331-b16a-9fb6f591a39f,cmr,188,Legendary Creature — Elemental Lizard,"Whenever a commander you control deals combat damage to an opponent, it deals that much damage to each other opponent. Partner (You can have two commanders if both have partner.)",R
"Kefka, Court Mage // Kefka, Ruler of Ruin",8fcf3fbb-1ddd-437e-81c1-f5a3133f5ee8,fin,231,Legendary Creature — Human Wizard // Legendary Creature — Avatar Wizard,,BRU
"Kefka, Dancing Mad",21cfc161-11b8-4253-a872-3b08a13b6991,fic,84,Legendary Creature — Human Wizard,"During your turn, Kefka has indestructible. At the beginning of your end step, exile a card at random from each opponent's graveyard. You may cast any number of spells from among cards exiled this way without paying their mana costs. Then each player who owns a spell you cast this way loses life equal to its mana value.",BR
Kefnet the Mindful,ca06ae1a-4080-450a-8ff0-ad6aafd8f04c,dsc,118,Legendary Creature — God,"Flying, indestructible Kefnet can't attack or block unless you have seven or more cards in hand. {3}{U}: Draw a card, then you may return a land you control to its owner's hand.",U
"Keiga, the Tide Star",84d9c584-322f-49c9-9826-4838c6d2f36a,tdc,156,Legendary Creature — Dragon Spirit,"Flying When Keiga dies, gain control of target creature.",U
Kei Takahashi,82703d7c-0759-46ac-b41e-12deeffa10e0,me3,155,Legendary Creature — Human Cleric,{T}: Prevent the next 2 damage that would be dealt to target creature this turn.,GW
"Keleth, Sunmane Familiar",fc95324a-9a7f-4ed9-a3da-36a3eca91936,cmm,33,Legendary Creature — Horse,"Whenever a commander you control attacks, put a +1/+1 counter on it. Partner (You can have two commanders if both have partner.)",W
"Kellan, Daring Traveler // Journey On",01739030-c280-492b-a5c9-b3e9f6debc6d,lci,231,Legendary Creature — Human Faerie Scout // Sorcery — Adventure,,GW
"Kellan, Inquisitive Prodigy // Tail the Suspect",c49690c7-c282-4eb4-8da3-5e0c46a80fc4,mkm,212,Legendary Creature — Human Faerie Detective // Sorcery — Adventure,,GU
"Kellan, Planar Trailblazer",f46a9329-7b91-441d-8653-50c1152c9120,fdn,91,Legendary Creature — Human Faerie Scout,"{1}{R}: If Kellan is a Scout, it becomes a Human Faerie Detective and gains ""Whenever Kellan deals combat damage to a player, exile the top card of your library. You may play that card this turn."" {2}{R}: If Kellan is a Detective, it becomes a 3/2 Human Faerie Rogue and gains double strike.",R
"Kellan, the Fae-Blooded // Birthright Boon",ec5e2680-8b42-4571-ab45-4936aec51901,woe,230,Legendary Creature — Human Faerie // Sorcery — Adventure,,RW
"Kellan, the Kid",04dfbc4c-ab21-45db-bbd9-b9d245d60015,otj,213,Legendary Creature — Human Faerie Rogue,"Flying, lifelink Whenever you cast a spell from anywhere other than your hand, you may cast a permanent spell with equal or lesser mana value from your hand without paying its mana cost. If you don't, you may put a land card from your hand onto the battlefield.",GUW
"Kellogg, Dangerous Mind",f2b22b32-be24-48e3-aa81-9256190df02c,pip,106,Legendary Creature — Human Mercenary,"First strike, haste Whenever Kellogg attacks, create a Treasure token. Sacrifice five Treasures: Gain control of target creature for as long as you control Kellogg. Activate only as a sorcery.",BR
"Kels, Fight Fixer",b70d445b-d3d6-4f7c-b9ea-bed6a26d4a2a,jmp,15,Legendary Creature — Azra Warlock,"Menace Whenever you sacrifice a creature, you may pay {U/B}. If you do, draw a card. ({U/B} can be paid with either {U} or {B}.) {1}, Sacrifice a creature: Kels gains indestructible until end of turn.",BU
"Kelsien, the Plague",039d25d4-ce26-4ecf-bbf5-42187cf0230a,c20,11,Legendary Creature — Human Assassin,"Vigilance, haste Kelsien gets +1/+1 for each experience counter you have. {T}: Kelsien deals 1 damage to target creature you don't control. When that creature dies this turn, you get an experience counter.",BRW
"Kemba, Kha Enduring",945d283d-4592-485f-808a-6e5a721f3cf7,one,19,Legendary Creature — Cat Cleric,"Whenever Kemba or another Cat you control enters, attach up to one target Equipment you control to that creature. Equipped creatures you control get +1/+1. {3}{W}{W}: Create a 2/2 white Cat creature token.",W
"Kemba, Kha Regent",dacc4290-6a72-4c00-8bdd-e40ae28885a8,cmm,34,Legendary Creature — Cat Cleric,"At the beginning of your upkeep, create a 2/2 white Cat creature token for each Equipment attached to Kemba.",W
"Kenessos, Priest of Thassa",0ba97da8-0106-4e8b-b58b-8f2d63e3d618,j22,13,Legendary Creature — Merfolk Cleric,"If you would scry a number of cards, scry that many cards plus one instead. {3}{G/U}: Look at the top card of your library. If it's a Kraken, Leviathan, Octopus, or Serpent creature card, you may put it onto the battlefield. If you don't put the card onto the battlefield, you may put it on the bottom of your library.",GU
"Kenrith, the Returned King",0e259db1-14db-4314-998c-6a076a28d8cb,plst,ELD-303,Legendary Creature — Human Noble,{R}: All creatures gain trample and haste until end of turn. {1}{G}: Put a +1/+1 counter on target creature. {2}{W}: Target player gains 5 life. {3}{U}: Target player draws a card. {4}{B}: Put target creature card from a graveyard onto the battlefield under its owner's control.,BGRUW
"Kentaro, the Smiling Cat",ddcea3b3-5852-4ae1-a952-7b392564cb9d,bok,13,Legendary Creature — Human Samurai,"Bushido 1 (Whenever this creature blocks or becomes blocked, it gets +1/+1 until end of turn.) You may pay {X} rather than pay the mana cost for Samurai spells you cast, where X is that spell's mana value.",W
"Keranos, God of Storms",ab70c262-37a9-4dcd-80bb-d4422368eade,jou,151,Legendary Enchantment Creature — God,"Indestructible As long as your devotion to blue and red is less than seven, Keranos isn't a creature. Reveal the first card you draw on each of your turns. Whenever you reveal a land card this way, draw a card. Whenever you reveal a nonland card this way, Keranos deals 3 damage to any target.",RU
"Keruga, the Macrosage",a90ee952-de7a-420f-993c-a38db89bc8ac,iko,225,Legendary Creature — Dinosaur Hippo,"Companion — Your starting deck contains only cards with mana value 3 or greater and land cards. (If this card is your chosen companion, you may put it into your hand from outside the game for {3} as a sorcery.) When Keruga enters, draw a card for each other permanent you control with mana value 3 or greater.",GU
"Keskit, the Flesh Sculptor",a9ecbf55-1f85-4877-a1ea-bf0d90dd9979,moc,254,Legendary Creature — Phyrexian Human Artificer,"{T}, Sacrifice three other artifacts and/or creatures: Look at the top three cards of your library. Put two of them into your hand and the other into your graveyard. Partner (You can have two commanders if both have partner.)",B
"Kess, Dissident Mage",e83e6d7a-3af0-4955-8004-2310f051e306,ncc,344,Legendary Creature — Human Wizard,"Flying Once during each of your turns, you may cast an instant or sorcery spell from your graveyard. If a spell cast this way would be put into your graveyard, exile it instead.",BRU
"Kestia, the Cultivator",6d49d5e5-fca7-47ec-89f0-282641413245,c18,42,Legendary Enchantment Creature — Nymph,"Bestow {3}{G}{W}{U} (If you cast this card for its bestow cost, it's an Aura spell with enchant creature. It becomes a creature again if it's not attached to a creature.) Enchanted creature gets +4/+4. Whenever an enchanted creature or enchantment creature you control attacks, draw a card.",GUW
"Kethek, Crucible Goliath",4152a5a8-e5a1-46b0-8f75-b9ac341da474,one,206,Legendary Creature — Phyrexian Beast,"At the beginning of your end step, you may sacrifice another creature. If you do, reveal cards from the top of your library until you reveal a nonlegendary creature card with lesser mana value, put it onto the battlefield, then put the rest on the bottom of your library in a random order.",BR
"Kethis, the Hidden Hand",fe28de73-76f3-4a9e-a020-dbe5921b9be5,m20,211,Legendary Creature — Elf Advisor,"Legendary spells you cast cost {1} less to cast. Exile two legendary cards from your graveyard: Until end of turn, each legendary card in your graveyard gains ""You may play this card from your graveyard.""",BGW
"Ketramose, the New Dawn",cffae8d0-7b4e-42ed-8124-24a86b38f490,dft,209,Legendary Creature — God,"Menace, lifelink, indestructible Ketramose can't attack or block unless there are seven or more cards in exile. Whenever one or more cards are put into exile from graveyards and/or the battlefield during your turn, you draw a card and lose 1 life.",BW
Khârn the Betrayer,c29e6c69-7830-4898-9d1e-97dfc2e868d9,40k,79,Legendary Creature — Astartes Berserker,"Berzerker — Khârn the Betrayer attacks or blocks each combat if able. Sigil of Corruption — When you lose control of Khârn the Betrayer, draw two cards. The Betrayer — If damage would be dealt to Khârn the Betrayer, prevent that damage and an opponent of your choice gains control of it.",R
Khorvath Brightflame,5fa0404b-757a-4aee-bcd8-6150938d0fba,bbd,9,Legendary Creature — Dragon,"Partner with Sylvia Brightspear (When this creature enters, target player may put Sylvia into their hand from their library, then shuffle.) Flying, haste Knights your team controls have flying and haste.",R
"Kianne, Corrupted Memory",d970c966-9a89-4c4c-ac73-8cf8fffe7721,dsc,2,Legendary Creature — Illusion,"As long as Kianne's power is even, you may cast noncreature spells as though they had flash. As long as Kianne's power is odd, you may cast creature spells as though they had flash. Whenever you draw a card, put a +1/+1 counter on Kianne.",GU
"Kianne, Dean of Substance // Imbraham, Dean of Theory",8b45dc40-6827-46a7-a9b7-802be698d053,stx,152,Legendary Creature — Elf Druid // Legendary Creature — Bird Wizard,,GU
"Kibo, Uktabi Prince",8b71345a-c3e8-4b35-beb7-6347e41d7626,j22,40,Legendary Creature — Monkey Noble,"{T}: Each player creates a colorless artifact token named Banana with ""{T}, Sacrifice this token: Add {R} or {G}. You gain 2 life."" Whenever an artifact an opponent controls is put into a graveyard from the battlefield, put a +1/+1 counter on each creature you control that's an Ape or a Monkey. Whenever Kibo attacks, defending player sacrifices an artifact of their choice.",GR
"Kiki-Jiki, Mirror Breaker",a2ff0ee3-9600-4c7d-acec-6ec90595384e,ima,136,Legendary Creature — Goblin Shaman,"Haste {T}: Create a token that's a copy of target nonlegendary creature you control, except it has haste. Sacrifice it at the beginning of the next end step.",R
"Kiku, Night's Flower",07e18994-d08b-4a8e-abfb-b5531fd6f816,chk,121,Legendary Creature — Human Assassin,"{2}{B}{B}, {T}: Target creature deals damage to itself equal to its power.",B
"Killian, Ink Duelist",23ef4f09-2aa1-4a03-b2e2-66d1522f1e46,stx,197,Legendary Creature — Human Warlock,Lifelink Menace (This creature can't be blocked except by two or more creatures.) Spells you cast that target a creature cost {2} less to cast.,BW
"Kilo, Apogee Mind",307a859e-eb80-4af6-b731-92e4767b5100,eoc,3,Legendary Artifact Creature — Robot Artificer,"Haste Whenever Kilo becomes tapped, proliferate. (Choose any number of permanents and/or players, then give each another counter of each kind already there.)",RUW
"Kimahri, Valiant Guardian",42006bd4-f6f0-4638-a50e-46d9d7a54b6e,fic,85,Legendary Creature — Cat Warrior,"Vigilance Ronso Rage — At the beginning of combat on your turn, put a +1/+1 counter on Kimahri and tap target creature an opponent controls. Then you may have Kimahri become a copy of that creature, except its name is Kimahri, Valiant Guardian and it has vigilance and this ability.",GU
King Darien XLVIII,10eca3b1-f35a-4984-bfc0-818e619b1ece,dmu,204,Legendary Creature — Human Soldier,Other creatures you control get +1/+1. {3}{G}{W}: Put a +1/+1 counter on King Darien and create a 1/1 white Soldier creature token. Sacrifice King Darien: Creature tokens you control gain hexproof and indestructible until end of turn.,GW
"King Macar, the Gold-Cursed",ff5987ab-570a-426c-ae4a-a270fac6b346,jou,74,Legendary Creature — Human Noble,"Inspired — Whenever King Macar becomes untapped, you may exile target creature. If you do, create a Gold token. (It's an artifact with ""Sacrifice this token: Add one mana of any color."")",B
King of the Oathbreakers,cc857755-62e6-4d29-95f5-82f5d4bde522,ltr,211,Legendary Creature — Spirit Noble,"Flying Whenever King of the Oathbreakers or another Spirit you control becomes the target of a spell, it phases out. (Treat it and anything attached to it as though they don't exist until your next turn.) Whenever King of the Oathbreakers or another Spirit you control phases in, create a tapped 1/1 white Spirit creature token with flying.",BW
"Kinnan, Bonder Prodigy",63cda4a0-0dff-4edb-ae67-a2b7e2971350,iko,192,Legendary Creature — Human Druid,"Whenever you tap a nonland permanent for mana, add one mana of any type that permanent produced. {5}{G}{U}: Look at the top five cards of your library. You may put a non-Human creature card from among them onto the battlefield. Put the rest on the bottom of your library in a random order.",GU
Kinzu of the Bleak Coven,28934cf3-c1e0-49c9-93ce-fd60b1881884,one,406,Legendary Creature — Phyrexian Vampire,"Flying Whenever another nontoken creature you control dies, you may pay 2 life and exile it. If you do, create a token that's a copy of that creature, except it's 1/1 and has toxic 1. (Players dealt combat damage by it also get a poison counter.)",B
"Kiora, Sovereign of the Deep",7b599f53-614c-4b1f-9899-15d5d1e35879,mat,35,Legendary Creature — Merfolk Noble,"Vigilance, ward {3} Whenever you cast a Kraken, Leviathan, Octopus, or Serpent spell from your hand, look at the top X cards of your library, where X is that spell's mana value. You may cast a spell with mana value less than X from among them without paying its mana cost. Put the rest on the bottom of your library in a random order.",GU
"Kiora, the Rising Tide",83f20a32-9f5d-4a68-8995-549e57554da2,fdn,45,Legendary Creature — Merfolk Noble,"When Kiora enters, draw two cards, then discard two cards. Threshold — Whenever Kiora attacks, if there are seven or more cards in your graveyard, you may create Scion of the Deep, a legendary 8/8 blue Octopus creature token.",U
"Kira, Great Glass-Spinner",437ded6e-4e53-49fa-a5ca-fd76b9165a47,jmp,154,Legendary Creature — Spirit,"Flying Creatures you control have ""Whenever this creature becomes the target of a spell or ability for the first time each turn, counter that spell or ability.""",U
"Kirri, Talented Sprout",22cc9c49-54d7-4989-8d7d-651b17b84b4e,otc,7,Legendary Creature — Plant Druid,"Other Plants and Treefolk you control get +2/+0. At the beginning of each of your postcombat main phases, return target Plant, Treefolk, or land card from your graveyard to your hand.",GRW
"Kitsa, Otterball Elite",c8ff751a-ec64-41d5-b22c-2a483ad9a9b2,blb,54,Legendary Creature — Otter Wizard,"Vigilance Prowess (Whenever you cast a noncreature spell, this creature gets +1/+1 until end of turn.) {T}: Draw a card, then discard a card. {2}, {T}: Copy target instant or sorcery spell you control. You may choose new targets for the copy. Activate only if Kitsa's power is 3 or greater.",U
"Kitt Kanto, Mayhem Diva",9b9850d6-49d3-45ec-9a45-75aa0fce9ee5,ncc,4,Legendary Creature — Cat Bard Druid,"When Kitt Kanto enters, create a 1/1 green and white Citizen creature token. At the beginning of combat on each player's turn, you may tap two untapped creatures you control. When you do, target creature that player controls gets +2/+2 and gains trample until end of turn. Goad that creature.",GRW
"Kiyomaro, First to Stand",3b3351bb-5c4e-498b-b6c9-94f571baffd5,sok,18,Legendary Creature — Spirit,"Kiyomaro's power and toughness are each equal to the number of cards in your hand. As long as you have four or more cards in hand, Kiyomaro has vigilance. Whenever Kiyomaro deals damage, if you have seven or more cards in hand, you gain 7 life.",W
"Klauth, Unrivaled Ancient",7f5cf828-17b2-4105-9a9a-ee0ab720c2ee,afc,50,Legendary Creature — Dragon,"Flying, haste Whenever Klauth attacks, add X mana in any combination of colors, where X is the total power of attacking creatures. Spend this mana only to cast spells. Until end of turn, you don't lose this mana as steps and phases end.",GR
"Klement, Novice Acolyte",51dbd7e4-51f9-4995-8cb1-78ae302cdbbb,hbg,1,Legendary Creature — Tiefling Cleric,"Specialize {2} When Klement, Novice Acolyte enters, creature cards in your hand perpetually get +1/+1.",W
"Klothys, God of Destiny",5b3c393c-3596-4bd9-a553-e0b03c2eb950,thb,220,Legendary Enchantment Creature — God,"Indestructible As long as your devotion to red and green is less than seven, Klothys isn't a creature. At the beginning of your first main phase, exile target card from a graveyard. If it was a land card, add {R} or {G}. Otherwise, you gain 2 life and Klothys deals 2 damage to each opponent.",GR
Knuckles the Echidna,54b65cca-7844-4d3e-9d7f-ed1f49f94425,sld,2082,Legendary Creature — Echidna Warrior,"Double strike, trample, haste Whenever one or more creatures you control deal combat damage to a player, create a Treasure token. Treasure Hunter — At the beginning of your upkeep, if you control thirty or more artifacts, you win the game.",R
Kodama of the Center Tree,6b9264c5-1ecd-48cc-a12d-d4bd8050cfae,bok,131,Legendary Creature — Spirit,"Kodama of the Center Tree's power and toughness are each equal to the number of Spirits you control. Kodama of the Center Tree has soulshift X, where X is the number of Spirits you control. (When this creature dies, you may return target Spirit card with mana value X or less from your graveyard to your hand.)",G
Kodama of the East Tree,af5105ee-09e2-4344-ab39-00f0e9034c47,cmr,239,Legendary Creature — Spirit,"Reach Whenever another permanent you control enters, if it wasn't put onto the battlefield with this ability, you may put a permanent card with equal or lesser mana value from your hand onto the battlefield. Partner (You can have two commanders if both have partner.)",G
Kodama of the North Tree,2d9b5c33-63c4-4ddd-9f04-37bb36970b43,chk,222,Legendary Creature — Spirit,Trample Shroud (This creature can't be the target of spells or abilities.),G
Kodama of the South Tree,120c05f1-5ec3-4a0f-8628-6919e393104a,chk,223,Legendary Creature — Spirit,"Whenever you cast a Spirit or Arcane spell, each other creature you control gets +1/+1 and gains trample until end of turn.",G
Kodama of the West Tree,ef1e1dff-b559-441d-8df3-b6a418066aca,neo,199,Legendary Creature — Spirit,"Reach Modified creatures you control have trample. (Equipment, Auras you control, and counters are modifications.) Whenever a modified creature you control deals combat damage to a player, search your library for a basic land card, put it onto the battlefield tapped, then shuffle.",G
Kogla and Yidaro,b760ebdf-bea6-4c43-a187-4a02ebf95ebf,mom,244,Legendary Creature — Ape Dinosaur Turtle,"When Kogla and Yidaro enters, choose one — • It gains trample and haste until end of turn. • It fights target creature you don't control. {2}{R}{G}, Discard this card: Destroy up to one target artifact or enchantment. Shuffle this card into your library from your graveyard, then draw a card.",GR
"Kogla, the Titan Ape",3c35ca79-eb72-427a-a8ed-404b2214389a,iko,162,Legendary Creature — Ape,"When Kogla enters, it fights up to one target creature you don't control. Whenever Kogla attacks, destroy target artifact or enchantment defending player controls. {1}{G}: Return target Human you control to its owner's hand. Kogla gains indestructible until end of turn.",G
"Kokusho, the Evening Star",ab56cedb-1bcd-48a5-8503-a8e324e236ad,ima,95,Legendary Creature — Dragon Spirit,"Flying When Kokusho dies, each opponent loses 5 life. You gain life equal to the life lost this way.",B
"Kolaghan, the Storm's Fury",85b6ec91-0ecc-431c-bf85-220c615e0a80,c17,176,Legendary Creature — Dragon,"Flying Whenever a Dragon you control attacks, creatures you control get +1/+0 until end of turn. Dash {3}{B}{R} (You may cast this spell for its dash cost. If you do, it gains haste, and it's returned from the battlefield to its owner's hand at the beginning of the next end step.)",BR
"Koll, the Forgemaster",22f68b53-0cf7-434d-9da5-1d18c0828a46,khm,220,Legendary Creature — Dwarf Warrior,"Whenever another nontoken creature you control dies, if it was enchanted or equipped, return it to its owner's hand. Creature tokens you control that are enchanted or equipped get +1/+1.",RW
"Kolodin, Triumph Caster",36bcd476-a236-4434-b191-5c8b6fa7be7b,dft,210,Legendary Creature — Human Pilot,"Mounts and Vehicles you control have haste. Whenever a Mount you control enters, it becomes saddled until end of turn. Whenever a Vehicle you control enters, it becomes an artifact creature until end of turn.",RW
"Kolvori, God of Kinship // The Ringhart Crest",b76bed98-30b1-4572-b36c-684ada06826c,khm,181,Legendary Creature — God // Legendary Artifact,,G
"Koma, Cosmos Serpent",b2f23d6f-f2c8-4022-9f46-ba7fda00ef99,mkc,213,Legendary Creature — Serpent,"This spell can't be countered. At the beginning of each upkeep, create a 3/3 blue Serpent creature token named Koma's Coil. Sacrifice another Serpent: Choose one — • Tap target permanent. Its activated abilities can't be activated this turn. • Koma gains indestructible until end of turn.",GU
"Koma, World-Eater",c3b92caa-3401-4b11-9515-152f3e057c05,fdn,121,Legendary Creature — Serpent,"This spell can't be countered. Trample, ward {4} Whenever Koma deals combat damage to a player, create four 3/3 blue Serpent creature tokens named Koma's Coil.",GU
"Kona, Rescue Beastie",6f035294-2787-4719-8520-227bf03e84e7,dsk,187,Legendary Creature — Beast Survivor,"Survival — At the beginning of your second main phase, if Kona is tapped, you may put a permanent card from your hand onto the battlefield.",G
"Konda, Lord of Eiganjo",5edab171-94b9-4e5e-ab61-bd8c6c8cfc38,chk,30,Legendary Creature — Human Samurai,"Vigilance, indestructible Bushido 5 (Whenever this creature blocks or becomes blocked, it gets +5/+5 until end of turn.)",W
"Kongming, ""Sleeping Dragon""",70c9e4fd-e987-4653-abb1-e32971745db2,a25,20,Legendary Creature — Human Advisor,Other creatures you control get +1/+1.,W
"Kopala, Warden of Waves",0b018020-73e0-437c-a130-298b2f738c6f,lcc,160,Legendary Creature — Merfolk Wizard,Spells your opponents cast that target a Merfolk you control cost {2} more to cast. Abilities your opponents activate that target a Merfolk you control cost {2} more to activate.,U
"Korlash, Heir to Blackblade",32f1f022-da7f-49a4-881d-b3a2c54c38eb,fut,87,Legendary Creature — Zombie Warrior,"Korlash's power and toughness are each equal to the number of Swamps you control. {1}{B}: Regenerate Korlash. Grandeur — Discard another card named Korlash, Heir to Blackblade: Search your library for up to two Swamp cards, put them onto the battlefield tapped, then shuffle.",B
"Korlessa, Scale Singer",fe2d08ac-6c24-4158-87a1-c59d1cd447a8,clb,280,Legendary Creature — Dragon Bard,You may look at the top card of your library any time. You may cast Dragon spells from the top of your library.,GU
"Korvold, Fae-Cursed King",607c1793-8e5a-4ebf-87c6-7f9c99bbd29a,eoc,120,Legendary Creature — Dragon Noble,"Flying Whenever Korvold enters or attacks, sacrifice another permanent. Whenever you sacrifice a permanent, put a +1/+1 counter on Korvold and draw a card.",BGR
"Korvold, Gleeful Glutton",f766370c-0b20-4999-8232-3f13534c2f7e,woc,26,Legendary Creature — Dragon Noble,"This spell costs {1} less to cast for each card type among permanents you've sacrificed this turn. Flying, trample, haste Whenever Korvold deals combat damage to a player, put X +1/+1 counters on Korvold and draw X cards, where X is the number of permanent types among cards in your graveyard.",BGR
"Kosei, Penitent Warlord",82291f66-f4f0-4542-992e-8342e90033da,nec,26,Legendary Creature — Ogre Samurai,"As long as Kosei is enchanted, equipped, and has a counter on it, Kosei has ""Whenever Kosei deals combat damage to an opponent, you draw that many cards and Kosei deals that much damage to each other opponent.""",G
"Kothophed, Soul Hoarder",a1070dd6-944f-44a0-8834-02eae93dabaa,dmc,114,Legendary Creature — Demon,"Flying Whenever a permanent owned by another player is put into a graveyard from the battlefield, you draw a card and you lose 1 life.",B
"Kotis, Sibsig Champion",b9ea2e9c-c1c7-4870-877a-023118909f56,tdc,5,Legendary Creature — Zombie Warrior,"Once during each of your turns, you may cast a creature spell from your graveyard by exiling three other cards from your graveyard in addition to paying its other costs. Whenever one or more creatures you control enter, if one or more of them entered from a graveyard or was cast from a graveyard, put two +1/+1 counters on Kotis.",BGU
"Kotis, the Fangkeeper",d3736f17-f80b-4b2c-b919-2c963bc14682,tdm,202,Legendary Creature — Zombie Warrior,"Indestructible Whenever Kotis deals combat damage to a player, exile the top X cards of their library, where X is the amount of damage dealt. You may cast any number of spells with mana value X or less from among them without paying their mana costs.",BGU
"Kotori, Pilot Prodigy",fea6c1c8-eff9-4b66-b96d-e23016f0bb62,nec,2,Legendary Creature — Moonfolk Pilot,"Vehicles you control have crew 2. At the beginning of combat on your turn, target artifact creature you control gains lifelink and vigilance until end of turn.",UW
"Kotose, the Silent Spider",314e97b5-cd43-4f5e-acdd-a107208e061c,neo,228,Legendary Creature — Human Ninja,"When Kotose enters, exile target card other than a basic land card from an opponent's graveyard. Search that player's graveyard, hand, and library for any number of cards with the same name as that card and exile them. Then that player shuffles. For as long as you control Kotose, you may play one of the exiled cards, and you may spend mana as though it were mana of any color to cast it.",BU
"Kozilek, Butcher of Truth",d27cf7b7-7982-46bd-a559-7789c0e74bae,2x2,2,Legendary Creature — Eldrazi,"When you cast this spell, draw four cards. Annihilator 4 (Whenever this creature attacks, defending player sacrifices four permanents of their choice.) When Kozilek is put into a graveyard from anywhere, its owner shuffles their graveyard into their library.",
"Kozilek, the Broken Reality",04066abb-44d2-4730-9cc3-2584bc4c7d8c,mh3,10,Legendary Creature — Eldrazi,"When you cast this spell, up to two target players each manifest two cards from their hands. For each card manifested this way, you draw a card. (To manifest a card, put it onto the battlefield face down as a 2/2 creature. Turn it face up any time for its mana cost if it's a creature card.) Other colorless creatures you control get +3/+2.",
"Kozilek, the Great Distortion",c41554e7-2a07-4cc7-b01b-44deed08e588,cmm,2,Legendary Creature — Eldrazi,"When you cast this spell, if you have fewer than seven cards in hand, draw cards equal to the difference. Menace Discard a card with mana value X: Counter target spell with mana value X.",
"Krark, the Thumbless",06a981cd-1951-438e-95c9-68294795638e,cmr,189,Legendary Creature — Goblin Wizard,"Whenever you cast an instant or sorcery spell, flip a coin. If you lose the flip, return that spell to its owner's hand. If you win the flip, copy that spell, and you may choose new targets for the copy. Partner (You can have two commanders if both have partner.)",R
"Kraum, Ludevic's Opus",557fcd17-6cb3-414a-b2b1-ea9ae32e5aec,c16,34,Legendary Creature — Zombie Horror,"Flying, haste Whenever an opponent casts their second spell each turn, draw a card. Partner (You can have two commanders if both have partner.)",RU
"Kraum, Violent Cacophony",958a3e6b-7e20-40ea-8b2c-7c728934b5e5,otj,214,Legendary Creature — Zombie Horror,"Flying Whenever you cast your second spell each turn, put a +1/+1 counter on Kraum and draw a card.",RU
"Kraven, Proud Predator",af7c63e1-eccc-40a2-ba14-ce0d2a6123fc,spm,132,Legendary Creature — Human Warrior Villain,Vigilance Top of the Food Chain — Kraven's power is equal to the greatest mana value among permanents you control.,GR
Kraven the Hunter,afdab464-3674-449b-be01-1cbd21fced23,spm,133,Legendary Creature — Human Warrior Villain,"Trample Whenever a creature an opponent controls with the greatest power among creatures that player controls dies, draw a card and put a +1/+1 counter on Kraven the Hunter.",BG
"Krav, the Unredeemed",67bd3c49-ff73-4630-a4ee-c782f03e511d,bbd,4,Legendary Creature — Demon,"Partner with Regna, the Redeemer (When this creature enters, target player may put Regna into their hand from their library, then shuffle.) {B}, Sacrifice X creatures: Target player draws X cards and gains X life. Put X +1/+1 counters on Krav.",B
"Krenko, Baron of Tin Street",5524b712-c67d-4d2e-9344-9e85a6ce3227,mkm,135,Legendary Creature — Goblin,"Haste {T}, Sacrifice an artifact: Put a +1/+1 counter on each Goblin you control. Whenever an artifact is put into a graveyard from the battlefield, you may pay {R}. If you do, create a 1/1 red Goblin creature token. It gains haste until end of turn.",R
"Krenko, Mob Boss",824b2d73-2151-4e5e-9f05-8f63e2bdcaa9,fdn,204,Legendary Creature — Goblin Warrior,"{T}: Create X 1/1 red Goblin creature tokens, where X is the number of Goblins you control.",R
"Krenko, Tin Street Kingpin",2f5689e2-d8a2-442b-8027-f89686adcb67,moc,287,Legendary Creature — Goblin,"Whenever Krenko attacks, put a +1/+1 counter on it, then create a number of 1/1 red Goblin creature tokens equal to Krenko's power.",R
Kresh the Bloodbraided,8b4b3c5f-32ea-4208-86d4-bb86e3b8d7d5,ncc,345,Legendary Creature — Human Warrior,"Whenever another creature dies, you may put X +1/+1 counters on Kresh, where X is that creature's power.",BGR
Krile Baldesion,125dd19b-98a0-49d9-a870-63214255e12a,fic,86,Legendary Creature — Dwarf Wizard,"Lifelink Trace Aether — Whenever you cast a noncreature spell, you may return target creature card with mana value equal to that spell's mana value from your graveyard to your hand. Do this only once each turn.",UW
Krond the Dawn-Clad,a73cf77b-3d11-47ea-9779-586ee00bf608,pca,99,Legendary Creature — Archon,"Flying, vigilance Whenever Krond attacks, if it's enchanted, exile target permanent.",GW
"Kros, Defense Contractor",12e71d52-5c75-4798-9fe7-8a34a2bf0c9a,ncc,7,Legendary Creature — Cat Advisor,"At the beginning of your upkeep, put a shield counter on target creature an opponent controls. Whenever you put one or more counters on a creature you don't control, tap that creature and goad it. It gains trample until your next turn. (Until your next turn, that creature attacks each combat if able and attacks a player other than you if able.)",GUW
Kroxa and Kunoros,13e4a233-e40b-4e6a-9863-4d0fc052484c,mom,245,Legendary Creature — Elder Giant Dog,"Vigilance, menace, lifelink Whenever Kroxa and Kunoros enters or attacks, you may exile five cards from your graveyard. When you do, return target creature card from your graveyard to the battlefield.",BRW
"Kroxa, Titan of Death's Hunger",cee0459b-9aac-4d2f-abe4-4d5fedde7eb8,thb,221,Legendary Creature — Elder Giant,"When Kroxa enters, sacrifice it unless it escaped. Whenever Kroxa enters or attacks, each opponent discards a card, then each opponent who didn't discard a nonland card this way loses 3 life. Escape—{B}{B}{R}{R}, Exile five other cards from your graveyard. (You may cast this card from your graveyard for its escape cost.)",BR
"K'rrik, Son of Yawgmoth",4f087b1c-97e0-4379-a94d-beac53685314,mh3,274,Legendary Creature — Phyrexian Horror Minion,"({B/P} can be paid with either {B} or 2 life.) Lifelink For each {B} in a cost, you may pay 2 life rather than pay that mana. Whenever you cast a black spell, put a +1/+1 counter on K'rrik.",B
"Kruphix, God of Horizons",27427233-da58-45af-ade8-e0727929efaa,jou,152,Legendary Enchantment Creature — God,"Indestructible As long as your devotion to green and blue is less than seven, Kruphix isn't a creature. You have no maximum hand size. If you would lose unspent mana, that mana becomes colorless instead.",GU
Krydle of Baldur's Gate,75f4d622-2d50-4e6e-87a5-5a1cc65d6919,afr,226,Legendary Creature — Human Elf Rogue,"Whenever Krydle deals combat damage to a player, that player loses 1 life and mills a card, then you gain 1 life and scry 1. Whenever you attack, you may pay {2}. If you do, target creature can't be blocked this turn.",BU
"Kudo, King Among Bears",585e4e02-4873-4a65-a9ad-30cf0d5b6f79,mh3,192,Legendary Creature — Bear,Other creatures have base power and toughness 2/2 and are Bears in addition to their other types.,GW
"Kuja, Genome Sorcerer // Trance Kuja, Fate Defied",008782d2-72b0-4554-b1ce-2db99969a4d8,fin,232,Legendary Creature — Human Mutant Wizard // Legendary Creature — Avatar Wizard,,BR
"Kumano, Master Yamabushi",f93870f9-343f-43e7-8ae8-e7aaa56aacca,chk,176,Legendary Creature — Human Shaman,"{1}{R}: Kumano deals 1 damage to any target. If a creature dealt damage by Kumano this turn would die, exile it instead.",R
"Kumena, Tyrant of Orazca",aebcbb35-2973-41bf-811a-e2413ef45c3e,lcc,274,Legendary Creature — Merfolk Shaman,Tap another untapped Merfolk you control: Kumena can't be blocked this turn. Tap three untapped Merfolk you control: Draw a card. Tap five untapped Merfolk you control: Put a +1/+1 counter on each Merfolk you control.,GU
"Kunoros, Hound of Athreos",dbc0d2c3-8060-4155-b10e-d641648a4e6b,thb,222,Legendary Creature — Dog,"Vigilance, menace, lifelink Creature cards in graveyards can't enter the battlefield. Players can't cast spells from graveyards.",BW
"Kuon, Ogre Ascendant // Kuon's Essence",41004bdf-8e09-4b2c-9e9c-26c25eac9854,sok,78,Legendary Creature — Ogre Monk // Legendary Enchantment,,B
"Kura, the Boundless Sky",06b25752-26be-4189-bc8b-828db6f0e612,neo,200,Legendary Creature — Dragon Spirit,"Flying, deathtouch When Kura dies, choose one — • Search your library for up to three land cards, reveal them, put them into your hand, then shuffle. • Create an X/X green Spirit creature token, where X is the number of lands you control.",G
"Kurbis, Harvest Celebrant",5ea94e69-36f0-47a6-b7f7-1379625a6955,mic,27,Legendary Creature — Treefolk,Kurbis enters with a number of +1/+1 counters on it equal to the amount of mana spent to cast it. Remove a +1/+1 counter from Kurbis: Prevent all damage that would be dealt this turn to another target creature with a +1/+1 counter on it.,G
"Kurkesh, Onakke Ancient",2e2a0e9e-0e45-4af1-9f03-6fd3652933f9,m15,153,Legendary Creature — Ogre Spirit,"Whenever you activate an ability of an artifact, if it isn't a mana ability, you may pay {R}. If you do, copy that ability. You may choose new targets for the copy.",R
"Kuro, Pitlord",e1f9531a-7201-4dfc-beb1-4128ec41728c,dvd,44,Legendary Creature — Demon Spirit,"At the beginning of your upkeep, sacrifice Kuro unless you pay {B}{B}{B}{B}. Pay 1 life: Target creature gets -1/-1 until end of turn.",B
"Kutzil, Malamet Exemplar",c9f88a40-a6ed-4c1f-a309-011aca1acddd,lci,232,Legendary Creature — Cat Warrior,"Your opponents can't cast spells during your turn. Whenever one or more creatures you control each with power greater than its base power deals combat damage to a player, draw a card.",GW
"Kwain, Itinerant Meddler",f571fef1-1fd2-4355-b803-5edccb6f4b94,cmr,284,Legendary Creature — Rabbit Wizard,"{T}: Each player may draw a card, then each player who drew a card this way gains 1 life.",UW
"Kwende, Pride of Femeref",b4d3b6a8-3e4a-4e2b-900a-9a21fa0ced4c,dom,25,Legendary Creature — Human Knight,Double strike Creatures you control with first strike have double strike.,W
"Kydele, Chosen of Kruphix",0f961cec-2f1f-4cd5-bcc3-72e1deb8779e,c16,35,Legendary Creature — Human Wizard,{T}: Add {C} for each card you've drawn this turn. Partner (You can have two commanders if both have partner.),GU
"Kykar, Wind's Fury",fdb034c8-bae0-4f66-98f1-1b3cdc072f17,cmm,343,Legendary Creature — Bird Wizard,"Flying Whenever you cast a noncreature spell, create a 1/1 white Spirit creature token with flying. Sacrifice a Spirit: Add {R}.",RUW
"Kykar, Zephyr Awakener",6c980998-7124-4ec6-a0b6-e8d9a2364925,fdn,122,Legendary Creature — Bird Wizard,"Flying Whenever you cast a noncreature spell, choose one — • Exile another target creature you control. Return that card to the battlefield under its owner's control at the beginning of the next end step. • Create a 1/1 white Spirit creature token with flying.",UW
"Kyler, Sigardian Emissary",62a78aae-598e-4f2b-a7bc-c3afc1d0d191,mic,4,Legendary Creature — Human Cleric,"Whenever another Human you control enters, put a +1/+1 counter on Kyler. Other Humans you control get +1/+1 for each counter on Kyler.",GW
"Kylox, Visionary Inventor",00faa272-91ad-407b-9175-8fa1d02585b8,mkm,214,Legendary Creature — Lizard Artificer,"Menace, ward {2}, haste Whenever Kylox attacks, sacrifice any number of other creatures, then exile the top X cards of your library, where X is their total power. You may cast any number of instant and/or sorcery spells from among the exiled cards without paying their mana costs.",RU
Kynaios and Tiro of Meletis,97fa8615-2b6c-445a-bcaf-44a7e847bf65,c16,36,Legendary Creature — Human Soldier,"At the beginning of your end step, draw a card. Each player may put a land card from their hand onto the battlefield, then each opponent who didn't draws a card.",GRUW
"Kyodai, Soul of Kamigawa",cbbfd21e-96f1-4e5b-8546-73bb5a887b98,neo,23,Legendary Creature — Dragon Spirit,"Flash Flying When Kyodai enters, another target permanent gains indestructible for as long as you control Kyodai. {W}{U}{B}{R}{G}: Kyodai gets +5/+5 until end of turn.",BGRUW
"Kyoki, Sanity's Eclipse",dc0969e6-f667-4e29-a038-8569022cce32,bok,72,Legendary Creature — Demon Spirit,"Whenever you cast a Spirit or Arcane spell, target opponent exiles a card from their hand.",B
"Kytheon, Hero of Akros // Gideon, Battle-Forged",58c39df6-b237-40d1-bdcb-2fe5d05392a9,ori,23,Legendary Creature — Human Soldier // Legendary Planeswalker — Gideon,,W
Lady Caleria,84b9a2b7-6ff7-4a81-86ae-64cc77c23030,me3,157,Legendary Creature — Elf Archer,{T}: Lady Caleria deals 3 damage to target attacking or blocking creature.,GW
Lady Evangela,a01adcbd-0ebd-4f18-9942-4638fa0de358,me3,158,Legendary Creature — Human Cleric,"{W}{B}, {T}: Prevent all combat damage that would be dealt by target creature this turn.",BUW
"Lady Octopus, Inspired Inventor",8c5f360b-f9a0-46e0-9e8b-58e5b4b0389e,spm,35,Legendary Creature — Human Scientist Villain,"Whenever you draw your first or second card each turn, put an ingenuity counter on Lady Octopus. {T}: You may cast an artifact spell from your hand with mana value less than or equal to the number of ingenuity counters on Lady Octopus without paying its mana cost.",U
Lady Orca,db766e38-5407-431c-bcf4-f33791a7e5f9,me3,159,Legendary Creature — Demon,,BR
Lady Sun,0f45e837-7b98-46ef-b21b-e3508ce999e5,ptk,45,Legendary Creature — Human Advisor,"{T}: Return Lady Sun and another target creature to their owners' hands. Activate only during your turn, before attackers are declared.",U
"Lady Zhurong, Warrior Queen",009661e7-c704-43a1-82e3-7da0b609844e,ptk,139,Legendary Creature — Human Soldier Warrior,Horsemanship (This creature can't be blocked except by creatures with horsemanship.),G
"Laelia, the Blade Reforged",afeb2fe4-f0ef-4366-a568-c36b538f0196,mh3,281,Legendary Creature — Spirit Warrior,"Haste Whenever Laelia attacks, exile the top card of your library. You may play that card this turn. Whenever one or more cards are put into exile from your library and/or your graveyard, put a +1/+1 counter on Laelia.",R
"Lae'zel, Githyanki Warrior",e6a54aff-1282-4881-b10f-c1a811a20a00,hbg,2,Legendary Creature — Gith Warrior,"Double strike Specialize {1} When you cast this spell, it gains ""When this creature becomes the target of a spell or ability an opponent controls, you may exile this creature, then return it to the battlefield under its owner's control.""",W
"Lae'zel, Vlaakith's Champion",1a93f587-ab72-42da-88c4-31af1c9cdf1b,clb,29,Legendary Creature — Gith Warrior,"If you would put one or more counters on a creature or planeswalker you control or on yourself, put that many plus one of each of those kinds of counters on that permanent or player instead. Choose a Background (You can have a Background as a second commander.)",W
"Lagomos, Hand of Hatred",1a6bb0c2-1e3c-48cd-8f10-49f047e0514c,dmu,205,Legendary Creature — Human Shaman,"At the beginning of combat on your turn, create a 2/1 red Elemental creature token with trample and haste. Sacrifice it at the beginning of the next end step. {T}: Search your library for a card, put it into your hand, then shuffle. Activate only if five or more creatures died this turn.",BR
"Lagorin, Soul of Alacria",7b04e3f4-103b-4845-b3f0-5417971c7666,dft,211,Legendary Creature — Beast Mount,"Flying Whenever Lagorin attacks while saddled, put a +1/+1 counter on each of up to two target Mounts and/or Vehicles. Saddle 1 (Tap any number of other creatures you control with total power 1 or more: This Mount becomes saddled until end of turn. Saddle only as a sorcery.)",GW
"Lagrella, the Magpie",dd20f271-26c8-429f-a422-e7d95f3bda74,snc,196,Legendary Creature — Human Soldier,"When Lagrella enters, exile any number of other target creatures controlled by different players until Lagrella leaves the battlefield. When an exiled card enters under your control this way, put two +1/+1 counters on it.",GUW
"Lam, Storm Crane Elder",03a02803-4579-4af4-b4f7-3e3fb61199ec,ytdm,1,Legendary Creature — Human Monk,"Prowess Whenever you cast a noncreature spell, conjure a card named Monastery Mentor onto the battlefield.",W
"Landroval, Horizon Witness",5684483b-9a6a-499b-a5e1-e2815ee03cdb,ltr,21,Legendary Creature — Bird Noble,"Flying Whenever two or more creatures you control attack a player, target attacking creature without flying gains flying until end of turn.",W
"Lara Croft, Tomb Raider",098c976b-6096-4ac7-8d52-2f219ae21d1f,sld,1501,Legendary Creature — Human Ranger,"First strike, reach Whenever Lara Croft attacks, exile up to one target legendary artifact card or legendary land card from a graveyard and put a discovery counter on it. You may play a card from exile with a discovery counter on it this turn. Raid — At end of combat on your turn, if you attacked this turn, create a Treasure token.",GRU
"Lathiel, the Bounteous Dawn",29d3484f-abd1-43fe-99f8-e0fa0a7b6692,cmr,285,Legendary Creature — Unicorn,"Lifelink At the beginning of each end step, if you gained life this turn, distribute up to that many +1/+1 counters among any number of other target creatures.",GW
"Lathliss, Dragon Queen",0cb48015-627b-49cd-8dc3-d446e82b8172,tdc,219,Legendary Creature — Dragon,"Flying Whenever another nontoken Dragon you control enters, create a 5/5 red Dragon creature token with flying. {1}{R}: Dragons you control get +1/+0 until end of turn.",R
"Lathril, Blade of the Elves",8d4e5480-a287-4a25-b855-a26dae555b1c,fdn,242,Legendary Creature — Elf Noble,"Menace (This creature can't be blocked except by two or more creatures.) Whenever Lathril deals combat damage to a player, create that many 1/1 green Elf Warrior creature tokens. {T}, Tap ten untapped Elves you control: Each opponent loses 10 life and you gain 10 life.",BG
"Latulla, Keldon Overseer",fd3c7b0c-98bd-4c63-bbb0-80484a5ab26f,pcy,95,Legendary Creature — Human Spellshaper,"{X}{R}, {T}, Discard two cards: Latulla deals X damage to any target.",R
Laughing Jasper Flint,af0b3a41-ba99-41e8-bcfb-5796500c17c7,otj,215,Legendary Creature — Lizard Rogue,"Creatures you control but don't own are Mercenaries in addition to their other types. At the beginning of your upkeep, exile the top X cards of target opponent's library, where X is the number of outlaws you control. Until end of turn, you may cast spells from among those cards, and mana of any type can be spent to cast those spells.",BR
"Laurine, the Diversion",ca2b008e-e144-45b1-9bc7-eb49e03a8a8f,otc,172,Legendary Creature — Human Rogue,"Partner with Kamber, the Plunderer (When this creature enters, target player may put Kamber into their hand from their library, then shuffle.) First strike {2}, Sacrifice an artifact or creature: Goad target creature. (Until your next turn, that creature attacks each combat if able and attacks a player other than you if able.)",R
"Lavinia, Azorius Renegade",197bf3f4-c0df-4082-97a1-902ceabbdd3f,rvr,195,Legendary Creature — Human Soldier,"Each opponent can't cast noncreature spells with mana value greater than the number of lands that player controls. Whenever an opponent casts a spell, if no mana was spent to cast it, counter that spell.",UW
"Lavinia, Foil to Conspiracy",d5435866-d48b-496a-ba07-438163b71ae8,clu,36,Legendary Creature — Human Detective,"Vigilance Whenever you cast your second spell each turn, investigate. (Create a Clue token. It's an artifact with ""{2}, Sacrifice this token: Draw a card."") {T}: Add {C}{C}. Activate only during an opponent's turn.",UW
Lavinia of the Tenth,58907d3b-9deb-4485-8ae2-c4e97c519212,clu,199,Legendary Creature — Human Soldier,"Protection from red When Lavinia enters, detain each nonland permanent your opponents control with mana value 4 or less. (Until your next turn, those permanents can't attack or block and their activated abilities can't be activated.)",UW
Layla Hassan,2278d97e-791a-4843-a385-65bac79bde7a,acr,7,Legendary Creature — Human Assassin,"First strike When Layla Hassan enters and whenever one or more Assassins you control deal combat damage to a player, return target historic card from your graveyard to your hand.",W
"Lazav, Dimir Mastermind",003dc436-a3af-4e65-b4f8-387155fbcb85,znc,92,Legendary Creature — Shapeshifter,"Hexproof Whenever a creature card is put into an opponent's graveyard from anywhere, you may have Lazav become a copy of that card, except its name is Lazav, Dimir Mastermind, it's legendary in addition to its other types, and it has hexproof and this ability.",BU
"Lazav, Familiar Stranger",00293326-3eb2-492c-b565-7abafa037d8c,otj,216,Legendary Creature — Shapeshifter,"Whenever you commit a crime, put a +1/+1 counter on Lazav. Then you may exile a card from a graveyard. If a creature card was exiled this way, you may have Lazav become a copy of that card until end of turn. This ability triggers only once each turn. (Targeting opponents, anything they control, and/or cards in their graveyards is a crime.)",BU
"Lazav, the Multifarious",662758ee-f7c8-4cba-b67b-48ac80c3b5ca,mkc,214,Legendary Creature — Shapeshifter,"When Lazav enters, surveil 1. (Look at the top card of your library. You may put it into your graveyard.) {X}: Lazav becomes a copy of target creature card in your graveyard with mana value X, except its name is Lazav, the Multifarious, it's legendary in addition to its other types, and it has this ability.",BU
"Lazav, Wearer of Faces",cc264d1d-689d-41ac-b624-3fc7bb890e58,mkm,216,Legendary Creature — Shapeshifter Detective,"Whenever Lazav attacks, exile target card from a graveyard, then investigate. (Create a Clue token. It's an artifact with ""{2}, Sacrifice this token: Draw a card."") Whenever you sacrifice a Clue, you may have Lazav become a copy of a creature card exiled with it until end of turn.",BU
"Leela, Sevateem Warrior",f5a4e5b5-70c8-4488-9e7d-7d68fe8219d7,who,107,Legendary Creature — Human Warrior,"Whenever an opponent draws a card except the first one they draw in each of their draw steps, put a +1/+1 counter on Leela. Doctor's companion (You can have two commanders if the other is the Doctor.)",G
"Legate Lanius, Caesar's Ace",f14eb369-b8e3-4abf-9e77-79d1fe5b426f,pip,107,Legendary Creature — Human Soldier,"Decimate — When Legate Lanius enters, each opponent sacrifices a tenth of the creatures they control of their choice, rounded up. Whenever an opponent sacrifices a creature, put a +1/+1 counter on Legate Lanius.",BR
"Legolas, Counter of Kills",c8bd408c-9e6d-436d-9c4f-9ef3203aeb64,ltr,212,Legendary Creature — Elf Archer,"Reach Whenever you scry, if Legolas is tapped, you may untap it. Do this only once each turn. Whenever a creature an opponent controls dies, put a +1/+1 counter on Legolas.",GU
Legolas Greenleaf,130237e7-6f45-4b92-b49d-12f10db29bb8,ltc,40,Legendary Creature — Elf Archer,"Reach Legolas can't be blocked by creatures with power 2 or less. Whenever another legendary creature you control enters, put a +1/+1 counter on Legolas. Whenever Legolas deals combat damage to a player, draw a card.",G
"Legolas, Master Archer",a9405577-c1dc-48e0-b2aa-6237c569d02e,ltr,173,Legendary Creature — Elf Archer,"Reach Whenever you cast a spell that targets Legolas, put a +1/+1 counter on Legolas. Whenever you cast a spell that targets a creature you don't control, Legolas deals damage equal to its power to up to one target creature.",G
"Leinore, Autumn Sovereign",bd7e1645-ea8f-41c4-b3ee-58f44fc5c574,mic,1,Legendary Creature — Human Noble,"Coven — At the beginning of combat on your turn, put a +1/+1 counter on up to one target creature you control. Then if you control three or more creatures with different powers, draw a card.",GW
"Lena, Selfless Champion",da1fb1a6-7f64-45a6-9fc0-a325b7600afa,jmp,117,Legendary Creature — Human Knight,"When Lena enters, create a 1/1 white Soldier creature token for each nontoken creature you control. Sacrifice Lena: Creatures you control with power less than Lena's power gain indestructible until end of turn.",W
Leonardo da Vinci,283d04a5-3639-42de-b940-ffa7e609e527,acr,20,Legendary Creature — Human Artificer,"{3}{U}{U}: Until end of turn, Thopters you control have base power and toughness X/X, where X is the number of cards in your hand. {2}{U}, {T}: Draw a card, then discard a card. If the discarded card was an artifact card, exile it from your graveyard. If you do, create a token that's a copy of it, except it's a 0/2 Thopter artifact creature with flying in addition to its other types.",U
"Leori, Sparktouched Hunter",342979de-041e-4026-94c5-fc457ecde95d,cmm,709,Legendary Creature — Elemental Cat,"Flying, vigilance Whenever Leori deals combat damage to a player, choose a planeswalker type. Until end of turn, whenever you activate an ability of a planeswalker of that type, copy that ability. You may choose new targets for the copies.",RUW
Liara of the Flaming Fist,98209130-a72f-4946-a1d4-3a437cd9a0b2,hbg,73,Legendary Creature — Human Soldier,"At the beginning of each combat, each creature you control gets +1/+1 until end of turn if it has the same name as another creature you control or a creature card in your graveyard. {1}{R}{W}: Another target nontoken creature you control gains first strike and double team until end of turn. Activate only as a sorcery and only once.",RW
"Liberator, Urza's Battlethopter",c31e6768-bcab-43c4-bfc1-76e961689ae9,bro,237,Legendary Artifact Creature — Thopter,"Flash Flying You may cast colorless spells and artifact spells as though they had flash. Whenever you cast a spell, if the amount of mana spent to cast that spell is greater than Liberator's power, put a +1/+1 counter on Liberator.",
"Liberty Prime, Recharged",2da11337-ceb2-4744-9696-c06fec2f2daa,pip,5,Legendary Artifact Creature — Robot,"Vigilance, trample, haste Whenever Liberty Prime attacks or blocks, sacrifice it unless you pay {E}{E} (two energy counters). {2}, {T}, Sacrifice an artifact: You get {E}{E} and draw a card.",RUW
"Licia, Sanguine Tribune",64eab2ba-ed5e-4757-b42d-c0fc71a96c4c,c17,40,Legendary Creature — Vampire Soldier,"This spell costs {1} less to cast for each 1 life you gained this turn. First strike, lifelink Pay 5 life: Put three +1/+1 counters on Licia. Activate only during your turn and only once each turn.",BRW
"Lier, Disciple of the Drowned",b8b70585-e0ea-4cb4-9360-a8ab47626696,tdc,157,Legendary Creature — Human Wizard,Spells can't be countered. Each instant and sorcery card in your graveyard has flashback. The flashback cost is equal to that card's mana cost.,U
"Liesa, Forgotten Archangel",106b6b43-1881-417b-97f5-f5b050eb98fd,inr,243,Legendary Creature — Angel,"Flying, lifelink Whenever another nontoken creature you control dies, return that card to its owner's hand at the beginning of the next end step. If a creature an opponent controls would die, exile it instead.",BW
"Liesa, Shroud of Dusk",e32453a1-1fd9-4bda-aaa8-7c287e4c2587,cmr,286,Legendary Creature — Angel,"Rather than pay {2} for each previous time you've cast this spell from the command zone this game, pay 2 life that many times. Flying, lifelink Whenever a player casts a spell, they lose 2 life.",BW
Lieutenant Kirtar,475ba0c3-237e-4349-85e9-c31b016f609b,dmr,12,Legendary Creature — Bird Soldier,"Flying {1}{W}, Sacrifice Lieutenant Kirtar: Exile target attacking creature.",W
"Lightning, Army of One",1103da9c-300c-406b-997d-9e5bb7cd02d6,fin,233,Legendary Creature — Human Soldier,"First strike, trample, lifelink Stagger — Whenever Lightning deals combat damage to a player, until your next turn, if a source would deal damage to that player or a permanent that player controls, it deals double that damage instead.",RW
"Lightning, Security Sergeant",4ad4dce3-6e43-4528-b570-85547d03164e,fin,560,Legendary Creature — Human Soldier,"Menace (This creature can't be blocked except by two or more creatures.) Whenever Lightning deals combat damage to a player, exile the top card of your library. You may play that card for as long as you control Lightning.",R
"Light-Paws, Emperor's Voice",39555a72-a57b-45ee-9222-ce3b9e8de126,neo,25,Legendary Creature — Fox Advisor,"Whenever an Aura you control enters, if you cast it, you may search your library for an Aura card with mana value less than or equal to that Aura and with a different name than each Aura you control, put that card onto the battlefield attached to Light-Paws, then shuffle.",W
"Lila, Hospitality Hostess",c6f5873d-2c62-4f46-b3be-056f6c25fe22,unf,170,Legendary Creature — Elf Employee,You may look at the top card of your library any time. You may cast common spells from the top of your library. Guests you control get +1/+1.,GW
"Lilah, Undefeated Slickshot",e21f90ea-5934-4757-8515-38ef116afac1,otj,217,Legendary Creature — Human Rogue,"Prowess (Whenever you cast a noncreature spell, this creature gets +1/+1 until end of turn.) Whenever you cast a multicolored instant or sorcery spell from your hand, exile that spell instead of putting it into your graveyard as it resolves. If you do, it becomes plotted. (You may cast it as a sorcery on a later turn without paying its mana cost.)",RU
"Liliana, Heretical Healer // Liliana, Defiant Necromancer",d8b718d8-fca3-4b3e-9448-6067c8656a9a,cc2,1,Legendary Creature — Human Cleric // Legendary Planeswalker — Liliana,,B
"Lily Bowen, Raging Grandma",052dc548-d356-43fe-9484-665db7e1f505,pip,79,Legendary Creature — Mutant Warrior,"Vigilance Lily Bowen enters with two +1/+1 counters on it. At the beginning of your upkeep, double the number of +1/+1 counters on Lily Bowen if its power is 16 or less. Otherwise, remove all but one +1/+1 counter from it, then you gain 1 life for each +1/+1 counter removed this way.",G
Lim-Dûl the Necromancer,b8a3cdfe-0289-474b-b9c4-07e8c6588ec5,tsp,114,Legendary Creature — Human Wizard,"Whenever a creature an opponent controls dies, you may pay {1}{B}. If you do, return that card to the battlefield under your control. If it's a creature, it's a Zombie in addition to its other creature types. {1}{B}: Regenerate target Zombie.",B
"Linden, the Steadfast Queen",0dcd0898-db3d-44ec-9d56-a1b558da90f4,fdn,577,Legendary Creature — Human Noble,"Vigilance (Attacking doesn't cause this creature to tap.) Whenever a white creature you control attacks, you gain 1 life.",W
"Linessa, Zephyr Mage",799538af-e497-457b-b096-ee6f342f51b5,fut,51,Legendary Creature — Human Wizard,"{X}{U}{U}, {T}: Return target creature with mana value X to its owner's hand. Grandeur — Discard another card named Linessa, Zephyr Mage: Target player returns a creature they control to its owner's hand, then repeats this process for an artifact, an enchantment, and a land.",U
"Lin Sivvi, Defiant Hero",e574e522-2632-4cd4-8545-c582ac3b641f,nem,12,Legendary Creature — Human Rebel,"{X}, {T}: Search your library for a Rebel permanent card with mana value X or less, put it onto the battlefield, then shuffle. {3}: Put target Rebel card from your graveyard on the bottom of your library.",W
"Linvala, Keeper of Silence",dded98c3-17cb-4a43-a209-289ceb11df39,jmp,119,Legendary Creature — Angel,Flying Activated abilities of creatures your opponents control can't be activated.,W
"Linvala, Shield of Sea Gate",49b66956-82e1-402f-9088-2201bdc0d4b8,znr,226,Legendary Creature — Angel Wizard,"Flying At the beginning of combat on your turn, if you have a full party, choose target nonland permanent an opponent controls. Until your next turn, it can't attack or block, and its activated abilities can't be activated. Sacrifice Linvala: Choose hexproof or indestructible. Creatures you control gain that ability until end of turn.",UW
"Linvala, the Preserver",ef0dbb08-d124-46da-bfb1-af7ef4a18179,ogw,25,Legendary Creature — Angel,"Flying When Linvala enters, if an opponent has more life than you, you gain 5 life. When Linvala enters, if an opponent controls more creatures than you, create a 3/3 white Angel creature token with flying.",W
"Lita, Mechanical Engineer",f3a5a044-d474-43f4-95a9-e67808908e6c,j22,6,Legendary Artifact Creature — Artificer,"Vigilance At the beginning of your end step, untap each other artifact creature you control. {3}{W}, {T}: Create a 5/5 colorless Vehicle artifact token named Zeppelin with flying and crew 3. (It has ""Tap any number of creatures you control with total power 3 or more: This token becomes an artifact creature until end of turn."")",W
"Liu Bei, Lord of Shu",dea7f8a1-e848-4f4f-9b03-b4c6c977c7de,me3,19,Legendary Creature — Human Soldier,"Horsemanship (This creature can't be blocked except by creatures with horsemanship.) Liu Bei gets +2/+2 as long as you control a permanent named Guan Yu, Sainted Warrior or a permanent named Zhang Fei, Fierce Warrior.",W
"Livaan, Cultist of Tiamat",616c5b52-94bc-48e3-8e4f-e2db1eca7536,clb,188,Legendary Creature — Dragon Shaman,"Whenever you cast a noncreature spell, target creature gets +X/+0 until end of turn, where X is that spell's mana value. Choose a Background (You can have a Background as a second commander.)",R
"Living Brain, Mechanical Marvel",26833b64-2e6d-4977-9a6e-6fe73c54d671,spm,167,Legendary Artifact Creature — Robot Villain,"At the beginning of combat on your turn, target non-Equipment artifact you control becomes an artifact creature with base power and toughness 3/3 until end of turn. Untap it.",
"Livio, Oathsworn Sentinel",02bce846-8049-4d5c-b0ad-8abd484e5a27,cmr,31,Legendary Creature — Human Knight,"{1}{W}: Choose another target creature. Its controller may exile it with an aegis counter on it. {2}{W}, {T}: Return all exiled cards with aegis counters on them to the battlefield under their owners' control. Partner (You can have two commanders if both have partner.)",W
Livonya Silone,d4ef4c06-9dab-499c-a270-0ba7f0b5fd77,me3,160,Legendary Creature — Human Warrior,First strike; legendary landwalk (This creature can't be blocked as long as defending player controls a legendary land.),GR
"Lizard, Connors's Curse",6add5d2a-950e-4bee-9850-e68f5f6d6142,spm,106,Legendary Creature — Lizard Villain,"Trample Lizard Formula — When Lizard, Connors's Curse enters, up to one other target creature loses all abilities and becomes a green Lizard creature with base power and toughness 4/4.",G
"Llawan, Cephalid Empress",a9821970-a5da-4045-93d8-f58c9e5797c1,tor,42,Legendary Creature — Octopus Noble,"When Llawan enters, return all blue creatures your opponents control to their owners' hands. Your opponents can't cast blue creature spells.",U
"Lobelia, Defender of Bag End",6d67a523-bda9-4f8b-bd50-dc015f9b4b7a,ltc,27,Legendary Creature — Halfling Citizen,"When Lobelia enters, look at the top card of each opponent's library and exile those cards face down. {T}, Sacrifice an artifact: Choose one — • Until end of turn, you may play a card exiled with Lobelia without paying its mana cost. • Each opponent loses 2 life and you gain 2 life.",B
Lobelia Sackville-Baggins,87500b92-3d68-42f3-afa9-f8206b2ebcbb,ltr,93,Legendary Creature — Halfling Citizen,"Flash Menace When Lobelia enters, exile target creature card from an opponent's graveyard that was put there from the battlefield this turn, then create X Treasure tokens, where X is the exiled card's power.",B
Locke Cole,572feb8c-6976-40a8-8a34-b4db836cca56,fin,234,Legendary Creature — Human Rogue,"Deathtouch, lifelink Whenever Locke Cole deals combat damage to a player, draw a card, then discard a card.",BU
"Locke, Treasure Hunter",42cd66f2-0704-4c8e-b5de-6df93f4a8bed,fic,87,Legendary Creature — Human Rogue,"Locke can't be blocked by creatures with greater power. Mug — Whenever Locke attacks, each player mills a card. If a land card was milled this way, create a Treasure token. Until end of turn, you may cast a spell from among those cards.",BR
"Long Feng, Grand Secretariat",a3eb92fe-bc59-4472-9028-f368bd015609,tla,233,Legendary Creature — Human Advisor,"Whenever another creature you control or a land you control is put into a graveyard from the battlefield, put a +1/+1 counter on target creature you control.",BG
"Lonis, Cryptozoologist",e786423d-3a49-4318-ac77-791918bcafcb,mkc,215,Legendary Creature — Snake Elf Scout,"Whenever another nontoken creature you control enters, investigate. {T}, Sacrifice X Clues: Target opponent reveals the top X cards of their library. You may put a nonland permanent card with mana value X or less from among them onto the battlefield under your control. That player puts the rest on the bottom of their library in a random order.",GU
"Lonis, Genetics Expert",59813845-48c9-4af2-8beb-91d58aac09ee,clu,37,Legendary Creature — Snake Elf Detective,"Evolve (Whenever a creature you control enters, if that creature has greater power or toughness than this creature, put a +1/+1 counter on this creature.) Whenever one or more +1/+1 counters are put on Lonis, investigate that many times. Whenever you sacrifice a Clue, put a +1/+1 counter on another target creature you control.",GU
"Loot, Exuberant Explorer",09980ce6-425b-4e03-94d0-0f02043cb361,fdn,106,Legendary Creature — Beast Noble,"You may play an additional land on each of your turns. {4}{G}{G}, {T}: Look at the top six cards of your library. You may reveal a creature card with mana value less than or equal to the number of lands you control from among them and put it onto the battlefield. Put the rest on the bottom in a random order.",G
"Loot, the Key to Everything",fb169fa2-c92e-45f7-89a2-0ca0e3910a1c,big,21,Legendary Creature — Beast Noble,"Ward {1} At the beginning of your upkeep, exile the top X cards of your library, where X is the number of card types among other nonland permanents you control. You may play those cards this turn.",GRU
"Loot, the Pathfinder",33c59c04-4c0b-4a60-826e-3a7757d0b2a2,dft,212,Legendary Creature — Beast Noble,"Double strike, vigilance, haste Exhaust — {G}, {T}: Add three mana of any one color. (Activate each exhaust ability only once.) Exhaust — {U}, {T}: Draw three cards. Exhaust — {R}, {T}: Loot deals 3 damage to any target.",GRU
"Loran, Disciple of History",9998f898-1f08-481b-8505-b890f0fec5e0,bro,13,Legendary Creature — Human Artificer,"Whenever Loran or another legendary creature you control enters, return target artifact card from your graveyard to your hand.",W
Loran of the Third Path,9e83a0ef-4fea-45ba-86c0-130d6687f7fe,mkc,71,Legendary Creature — Human Artificer,"Vigilance When Loran enters, destroy up to one target artifact or enchantment. {T}: You and target opponent each draw a card.",W
"Lorcan, Warlock Collector",5f6f90ae-340c-4eb7-b091-58db550be742,afc,27,Legendary Creature — Devil,"Flying Whenever a creature card is put into an opponent's graveyard from anywhere, you may pay life equal to its mana value. If you do, put it onto the battlefield under your control. It's a Warlock in addition to its other types. If a Warlock you control would die, exile it instead.",B
Lord Jyscal Guado,134ef3cd-01ac-4d60-a277-df7ab7b8f88c,fic,23,Legendary Creature — Spirit Cleric,"Flying At the beginning of each end step, if you put a counter on a creature this turn, investigate. (Create a Clue token. It's an artifact with ""{2}, Sacrifice this token: Draw a card."")",W
Lord Magnus,2a02aabb-c464-4672-b37b-d5d713ef8939,leg,243,Legendary Creature — Human Druid,First strike Creatures with plainswalk can be blocked as though they didn't have plainswalk. Creatures with forestwalk can be blocked as though they didn't have forestwalk.,GW
Lord of the Nazgûl,41e3d118-8f97-4c68-acff-2f90a055af5b,ltc,60,Legendary Creature — Wraith Noble,"Flying Wraiths you control have protection from Ring-bearers. Whenever you cast an instant or sorcery spell, create a 3/3 black Wraith creature token with menace. Then if you control nine or more Wraiths, Wraiths you control have base power and toughness 9/9 until end of turn.",BU
Lord of Tresserhorn,1d9d8732-9ff2-42e4-bdfc-723cb6a76969,me1,149,Legendary Creature — Zombie,"When Lord of Tresserhorn enters, you lose 2 life, you sacrifice two creatures, and target opponent draws two cards. {B}: Regenerate Lord of Tresserhorn.",BRU
"Lord Skitter, Sewer King",729877be-4894-4ef5-9e60-de8a8fb2bdc0,woe,97,Legendary Creature — Rat Noble,"Whenever another Rat you control enters, exile up to one target card from an opponent's graveyard. At the beginning of combat on your turn, create a 1/1 black Rat creature token with ""This token can't block.""",B
Lord Windgrace,213d6fb8-5624-4804-b263-51f339482754,c18,43,Legendary Planeswalker — Windgrace,"+2: Discard a card, then draw a card. If a land card is discarded this way, draw an additional card. −3: Return up to two target land cards from your graveyard to the battlefield. −11: Destroy up to six target nonland permanents, then create six 2/2 green Cat Warrior creature tokens with forestwalk. Lord Windgrace can be your commander.",BGR
"Lord Xander, the Collector",ee0a078d-045f-401b-a561-dcb1ad02bf62,snc,197,Legendary Creature — Vampire Demon Noble,"When Lord Xander enters, target opponent discards half the cards in their hand, rounded down. Whenever Lord Xander attacks, defending player mills half their library, rounded down. When Lord Xander dies, target opponent sacrifices half the nonland permanents they control of their choice, rounded down.",BRU
"Lorthos, the Tidemaker",d06e4086-2e38-4da3-8354-c7fa0446f5f4,omb,10,Legendary Creature — Octopus,"Whenever Lorthos attacks, you may pay {8}. If you do, tap up to eight target permanents. Those permanents don't untap during their controllers' next untap steps.",U
"Losheel, Clockwork Scholar",ee6b54de-8e79-4f60-b642-3d259bf74ea0,cmm,38,Legendary Creature — Elephant Artificer,"Prevent all combat damage that would be dealt to attacking artifact creatures you control. Whenever one or more artifact creatures you control enter, draw a card. This ability triggers only once each turn.",W
"Lotho, Corrupt Shirriff",ce01ff8f-a037-484f-9148-c847ffaabc5a,ltr,213,Legendary Creature — Halfling Rogue,"Whenever a player casts their second spell each turn, you lose 1 life and create a Treasure token. (It's an artifact with ""{T}, Sacrifice this token: Add one mana of any color."")",BW
Lovisa Coldeyes,ad4d4662-2c9b-42fc-9c08-162c822f436c,dds,34,Legendary Creature — Human,"Each creature that's a Barbarian, a Warrior, or a Berserker gets +2/+2 and has haste.",R
"Lozhan, Dragons' Legacy",fe604232-19da-4331-a6f2-ddb004f1dd90,clb,281,Legendary Creature — Dragon Shaman,"Flying Whenever you cast an Adventure or Dragon spell, Lozhan deals damage equal to that spell's mana value to any target that isn't a commander.",RU
"Lu Bu, Master-at-Arms",91bf3a4f-f004-459e-a6fd-122d4cce7d17,me3,108,Legendary Creature — Human Soldier Warrior,Haste; horsemanship (This creature can't be blocked except by creatures with horsemanship.),R
Lucius the Eternal,6b86f229-0cbd-4d32-a1dc-ea4b24f835f2,40k,130,Legendary Creature — Astartes Warrior,"Haste Armour of Shrieking Souls — When Lucius the Eternal dies, exile it and choose target creature an opponent controls. When that creature leaves the battlefield, return this card from exile to the battlefield under its owner's control.",BR
"Ludevic, Necro-Alchemist",f3e7a886-2593-4e6e-b9da-d7cb417cba08,c16,37,Legendary Creature — Human Wizard,"At the beginning of each player's end step, that player may draw a card if a player other than you lost life this turn. Partner (You can have two commanders if both have partner.)",RU
"Ludevic, Necrogenius // Olag, Ludevic's Hubris",788288f6-7944-48f4-91b0-f452e209c9ce,mid,233,Legendary Creature — Human Wizard // Legendary Creature — Zombie,,BU
"Lukamina, Moon Druid",acaeef14-b606-42a4-8966-636b45e01b72,hbg,17,Legendary Creature — Human Druid,"Wild Shape — Specialize {3}. Activate only if you control six or more lands. When Lukamina, Moon Druid enters, if you cast it, seek a land card with a basic land type.",G
"Lulu, Forgetful Hollyphant",0b833fa8-515b-47fa-868e-ee854a51d384,hbg,3,Legendary Creature — Elephant Angel,"Flying Specialize {2} When Lulu, Forgetful Hollyphant enters, you get a one-time boon with ""When you cast a creature spell without flying, it perpetually gains flying.""",W
"Lulu, Loyal Hollyphant",6d67e95e-c4a7-45bc-ae83-0b532ad530db,clb,32,Legendary Creature — Elephant Angel,"Flying At the beginning of your end step, if a permanent you controlled left the battlefield this turn, put a +1/+1 counter on each tapped creature you control, then untap them. Choose a Background (You can have a Background as a second commander.)",W
"Lulu, Stern Guardian",9c0b1d5d-2b10-4dde-bb95-8cbf780cca97,fic,38,Legendary Creature — Human Wizard,"Whenever an opponent attacks you, choose target creature attacking you. Put a stun counter on that creature. {3}{U}: Proliferate. (Choose any number of permanents and/or players, then give each another counter of each kind already there.)",U
"Lu Meng, Wu General",25621ccf-fa2d-4990-a908-01373fbe587f,me3,41,Legendary Creature — Human Soldier,Horsemanship (This creature can't be blocked except by creatures with horsemanship.),U
"Lumra, Bellow of the Woods",ae4f3aaf-3960-48cd-b34b-32e4ae5ae088,blb,183,Legendary Creature — Elemental Bear,"Vigilance, reach Lumra's power and toughness are each equal to the number of lands you control. When Lumra enters, mill four cards. Then return all land cards from your graveyard to the battlefield tapped.",G
Lurrus of the Dream-Den,5ad36fb2-c44e-4085-ba0d-54277841ad3a,iko,226,Legendary Creature — Cat Nightmare,"Companion — Each permanent card in your starting deck has mana value 2 or less. (If this card is your chosen companion, you may put it into your hand from outside the game for {3} as a sorcery.) Lifelink Once during each of your turns, you may cast a permanent spell with mana value 2 or less from your graveyard.",BW
"Lu Su, Wu Advisor",9d361823-31ce-42c4-997d-3d3b52c0599a,ptk,47,Legendary Creature — Human Advisor,"{T}: Draw a card. Activate only during your turn, before attackers are declared.",U
"Lu Xun, Scholar General",3e16e5b7-d130-4e52-b002-5f3d986e3e82,cma,41,Legendary Creature — Human Soldier,"Horsemanship (This creature can't be blocked except by creatures with horsemanship.) Whenever Lu Xun deals damage to an opponent, you may draw a card.",U
Lydia Frye,9dd6c700-f961-484a-8fe2-57107f5b7717,acr,60,Legendary Creature — Human Assassin,"Lydia Frye can't be blocked by creatures with power 3 or greater. At the beginning of your end step, surveil X, where X is the number of tapped Assassins you control. (Look at the top X cards of your library, then put any number of them into your graveyard and the rest on top of your library in any order.)",BU
"Lyla, Holographic Assistant",26ea86d7-34f8-4358-8fdf-a18e53397755,spe,7,Legendary Artifact Creature — Illusion Advisor,"Whenever you draw a card, put a +1/+1 counter on target creature.",U
"Lynde, Cheerful Tormentor",4df484de-4d9b-4a4b-9d10-df993e36f1a8,mic,38,Legendary Creature — Human Warlock,"Deathtouch Whenever a Curse is put into your graveyard from the battlefield, return it to the battlefield attached to you at the beginning of the next end step. At the beginning of your upkeep, you may attach a Curse attached to you to one of your opponents. If you do, draw two cards.",BRU
Lyra Dawnbringer,b2abce4d-ef21-4028-8a86-b7d1387bc937,fdn,707,Legendary Creature — Angel,Flying First strike (This creature deals combat damage before creatures without first strike.) Lifelink (Damage dealt by this creature also causes you to gain that much life.) Other Angels you control get +1/+1 and have lifelink.,W
Lyse Hext,97845ece-ceef-468c-a4e3-6fde1413c9f0,fic,88,Legendary Creature — Human Rebel Monk,"Prowess (Whenever you cast a noncreature spell, this creature gets +1/+1 until end of turn.) Noncreature spells you cast cost {1} less to cast. As long as you've cast two or more noncreature spells this turn, Lyse Hext has double strike.",UW
"Lyzolda, the Blood Witch",18df285f-4cb9-4998-bd26-eefbe28f80c7,dis,117,Legendary Creature — Human Cleric,"{2}, Sacrifice a creature: Lyzolda deals 2 damage to any target if the sacrificed creature was red. Draw a card if the sacrificed creature was black.",BR
"Maarika, Brutal Gladiator",86123ab7-ee60-4ef2-8467-1ad420213eb1,slx,15,Legendary Creature — Human Warrior,"Maarika, Brutal Gladiator must be blocked if able. As long as it's your turn, Maarika has indestructible. Whenever Maarika deals damage to a creature, if that creature was dealt excess damage this turn, that creature's controller sacrifices a noncreature, nonland permanent.",BGR
"Mabel, Heir to Cragflame",be6627fd-729d-44f2-b6bf-5299f49d1e3d,blb,224,Legendary Creature — Mouse Soldier,"Other Mice you control get +1/+1. When Mabel enters, create Cragflame, a legendary colorless Equipment artifact token with ""Equipped creature gets +1/+1 and has vigilance, trample, and haste"" and equip {2}.",RW
"MacCready, Lamplight Mayor",0d2251ce-2d5b-4d0d-8dc9-44f6b40aa7cf,pip,108,Legendary Creature — Human Advisor,"Whenever a creature you control with power 2 or less attacks, it gains skulk until end of turn. (It can't be blocked by creatures with greater power.) Whenever a creature with power 4 or greater attacks you, its controller loses 2 life and you gain 2 life.",BW
"Ma Chao, Western Warrior",39b8cf7f-8c40-40e9-8118-e8626c3c6433,ptk,116,Legendary Creature — Human Soldier Warrior,"Horsemanship (This creature can't be blocked except by creatures with horsemanship.) Whenever Ma Chao attacks alone, it can't be blocked this combat.",R
Madame Vastra,94849571-928a-4c6d-9868-58f606941679,who,142,Legendary Creature — Lizard Detective,"Partner with Jenny Flint (When this creature enters, target player may put Jenny Flint into their hand from their library, then shuffle.) Madame Vastra must be blocked if able. Whenever a creature dealt damage by Madame Vastra this turn dies, create a Clue token and a Food token.",GU
"Madame Web, Clairvoyant",a16ca3fc-3cdf-4333-93e0-524afafe367b,spm,36,Legendary Creature — Mutant Advisor,"You may look at the top card of your library any time. You may cast Spider spells and noncreature spells from the top of your library. Whenever you attack, you may mill a card. (You may put the top card of your library into your graveyard.)",U
Maelstrom Wanderer,a49c58b3-180f-420b-b091-114fda000360,cmm,344,Legendary Creature — Elemental,"Creatures you control have haste. Cascade, cascade (When you cast this spell, exile cards from the top of your library until you exile a nonland card that costs less. You may cast it without paying its mana cost. Put the exiled cards on the bottom in a random order. Then do it again.)",GRU
Maester Seymour,f6a4267b-aa76-4dec-bc72-252236c44968,fic,68,Legendary Creature — Human Elf Cleric,"At the beginning of combat on your turn, put a number of +1/+1 counters equal to Maester Seymour's power on another target creature you control. {3}{G}{G}: Monstrosity X, where X is the number of counters among creatures you control. (If this creature isn't monstrous, put X +1/+1 counters on it and it becomes monstrous.)",G
"Maeve, Insidious Singer",2743136b-3610-4c43-8ed7-a00b1f58a874,gn3,2,Legendary Creature — Siren,"{2}{U}: Goad target creature. Whenever that creature attacks one of your opponents this turn, you draw a card. (A goaded creature attacks each combat if able and attacks a player other than you if able, until your next turn.)",U
Magar of the Magic Strings,a6f2ba13-cd72-4f7a-8443-8e3962f2ac46,unf,171,Legendary Creature — Minotaur Performer,"{1}{B}{R}: Note the name of target instant or sorcery card in your graveyard and put it onto the battlefield face down. It's a 3/3 creature with ""Whenever this creature deals combat damage to a player, you may create a copy of the card with the noted name. You may cast the copy without paying its mana cost"" and ""If this creature would leave the battlefield, exile it instead of putting it anywhere else.""",BR
"Maga, Traitor to Mortals",2563fd68-afdd-466f-8137-0769565674bf,sok,81,Legendary Creature — Human Wizard,"Maga enters with X +1/+1 counters on it. When Maga enters, target player loses life equal to the number of +1/+1 counters on it.",B
"Magda, Brazen Outlaw",079e6263-e54c-4899-a336-5315909b9322,khm,142,Legendary Creature — Dwarf Berserker,"Other Dwarves you control get +1/+0. Whenever a Dwarf you control becomes tapped, create a Treasure token. Sacrifice five Treasures: Search your library for an artifact or Dragon card, put that card onto the battlefield, then shuffle.",R
"Magda, the Hoardmaster",4443d112-209b-49ec-bc40-3a11dcdb092e,otj,133,Legendary Creature — Dwarf Berserker,"Whenever you commit a crime, create a tapped Treasure token. This ability triggers only once each turn. (Targeting opponents, anything they control, and/or cards in their graveyards is a crime.) Sacrifice three Treasures: Create a 4/4 red Scorpion Dragon creature token with flying and haste. Activate only as a sorcery.",R
Mageta the Lion,5861dffc-5afa-44a3-a3fa-9fd440093377,pcy,13,Legendary Creature — Human Spellshaper,"{2}{W}{W}, {T}, Discard two cards: Destroy all creatures except for Mageta. Those creatures can't be regenerated.",W
Magnus the Red,63050aa0-a7ea-4fe7-8746-7a11407ea0e4,40k,131,Legendary Creature — Demon Primarch,"Flying Unearthly Power — Instant and sorcery spells you cast cost {1} less to cast for each creature token you control. Blade of Magnus — Whenever Magnus the Red deals combat damage to a player, create a 3/3 red Spawn creature token.",RU
Magus Lucea Kane,4f86e7cc-2b6e-49d0-964e-bba0c51cc11d,40k,7,Legendary Creature — Human Tyranid Wizard,"Spiritual Leader — At the beginning of combat on your turn, put a +1/+1 counter on target creature. Psychic Stimulus — {T}: Add {C}{C}. When you next cast a spell with {X} in its mana cost or activate an ability with {X} in its activation cost this turn, copy that spell or ability. You may choose new targets for the copy. (A copy of a permanent spell becomes a token.)",GRU
"Mahadi, Emporium Master",c3da2b1a-76c5-4d36-bdf8-025b86f61eb5,clb,282,Legendary Creature — Devil,"At the beginning of your end step, create a Treasure token for each creature that died this turn. (It's an artifact with ""{T}, Sacrifice this token: Add one mana of any color."")",BR
"Maha, Its Feathers Night",cf3320ec-c4e8-405a-982d-e009c58c9e21,blb,100,Legendary Creature — Elemental Bird,"Flying, trample Ward—Discard a card. Creatures your opponents control have base toughness 1.",B
"Mairsil, the Pretender",87b71b08-668c-4b32-8243-8def1a9acf26,c17,41,Legendary Creature — Human Wizard,"When Mairsil enters, you may exile an artifact or creature card from your hand or graveyard and put a cage counter on it. Mairsil has all activated abilities of all cards you own in exile with cage counters on them. You may activate each of those abilities only once each turn.",BRU
"Maja, Bretagard Protector",cc3707f1-ed9d-412e-a7be-b6d8b554bd6c,khm,222,Legendary Creature — Human Warrior,"Other creatures you control get +1/+1. Landfall — Whenever a land you control enters, create a 1/1 white Human Warrior creature token.",GW
Major Teroh,3229ca5a-5340-48b8-bd46-b0b924c8faf7,tor,8,Legendary Creature — Bird Soldier,"Flying {3}{W}{W}, Sacrifice Major Teroh: Exile all black creatures.",W
"Malcator, Purity Overseer",36bda977-e5d1-4813-a5f5-265023965142,one,208,Legendary Creature — Phyrexian Elephant Wizard,"When Malcator enters, create a 3/3 colorless Phyrexian Golem artifact creature token. At the beginning of your end step, if three or more artifacts entered the battlefield under your control this turn, create a 3/3 colorless Phyrexian Golem artifact creature token.",UW
"Malcolm, Alluring Scoundrel",19d6834d-afa3-4747-a62d-0654f4d9729f,lci,63,Legendary Creature — Siren Pirate,"Flash Flying Whenever Malcolm deals combat damage to a player, put a chorus counter on it. Draw a card, then discard a card. If there are four or more chorus counters on Malcolm, you may cast the discarded card without paying its mana cost.",U
"Malcolm, Keen-Eyed Navigator",51187cdb-85ee-4f68-9e29-d84d296f0825,lcc,161,Legendary Creature — Siren Pirate,"Flying Whenever one or more Pirates you control deal damage to your opponents, you create a Treasure token for each opponent dealt damage. (It's an artifact with ""{T}, Sacrifice this token: Add one mana of any color."") Partner (You can have two commanders if both have partner.)",U
"Malcolm, the Eyes",521dffaa-813b-41e4-b7c2-a8c407167875,otj,219,Legendary Creature — Siren Pirate,"Flying, haste Whenever you cast your second spell each turn, investigate. (Create a Clue token. It's an artifact with ""{2}, Sacrifice this token: Draw a card."")",RU
Malfegor,010a4b07-c2d5-433e-9898-6e148104e9e0,ima,205,Legendary Creature — Demon Dragon,"Flying When Malfegor enters, discard your hand. Each opponent sacrifices a creature of their choice for each card discarded this way.",BR
"Malik, Grim Manipulator",5cf4fee3-3059-4ca4-a47d-0848410b294d,slx,23,Legendary Creature — Human Rogue,"When Malik, Grim Manipulator enters the battlefield, you and target opponent each secretly choose a creature that player controls. Then those choices are revealed, and that player sacrifices those creatures. Whenever an opponent sacrifices a creature, you create a Treasure token.",BRW
Mangara of Corondor,db5686b7-4b7b-4127-9330-9282f36bd70b,tsr,27,Legendary Creature — Human Wizard,{T}: Exile Mangara and target permanent.,W
"Mangara, the Diplomat",452b735c-791f-4843-9390-8803154cde62,tdc,124,Legendary Creature — Human Cleric,"Lifelink Whenever an opponent attacks with creatures, if two or more of those creatures are attacking you and/or planeswalkers you control, draw a card. Whenever an opponent casts their second spell each turn, draw a card.",W
"Mannichi, the Fevered Dream",b403bdbb-13ab-43dd-a994-d45b994f6e0e,bok,112,Legendary Creature — Spirit,{1}{R}: Switch each creature's power and toughness until end of turn.,R
Maralen of the Mornsong,ba98d363-194b-4bc0-b9fe-987c498ab6fa,mor,65,Legendary Creature — Elf Wizard,"Players can't draw cards. At the beginning of each player's draw step, that player loses 3 life, searches their library for a card, puts it into their hand, then shuffles.",B
"Marath, Will of the Wild",57afa796-db46-45ff-91bd-f02922e5f33d,c13,198,Legendary Creature — Elemental Beast,"Marath enters with a number of +1/+1 counters on it equal to the amount of mana spent to cast it. {X}, Remove X +1/+1 counters from Marath: Choose one — • Put X +1/+1 counters on target creature. X can't be 0. • Marath deals X damage to any target. X can't be 0. • Create an X/X green Elemental creature token. X can't be 0.",GRW
Maraxus of Keld,59329155-a423-4e8d-a7d4-c99555ff5ed1,wth,111,Legendary Creature — Human Warrior,"Maraxus's power and toughness are each equal to the number of untapped artifacts, creatures, and lands you control.",R
"Marchesa, Dealer of Death",ee29b59c-d57c-4a03-bae7-e9dfa57d6bb1,otj,220,Legendary Creature — Human Rogue,"Whenever you commit a crime, you may pay {1}. If you do, look at the top two cards of your library. Put one of them into your hand and the other into your graveyard. (Targeting opponents, anything they control, and/or cards in their graveyards is a crime.)",BRU
"Marchesa, the Black Rose",3242a9f0-2ba3-4852-ac8f-366772ac1c62,2x2,248,Legendary Creature — Human Wizard,"Dethrone (Whenever this creature attacks the player with the most life or tied for most life, put a +1/+1 counter on it.) Other creatures you control have dethrone. Whenever a creature you control with a +1/+1 counter on it dies, return that card to the battlefield under your control at the beginning of the next end step.",BRU
"Marcus, Mutant Mayor",15db5769-af10-4369-ab4c-db25adb22223,pip,109,Legendary Creature — Mutant Advisor,"Vigilance, trample Whenever a creature you control deals combat damage to a player, draw a card if that creature has a +1/+1 counter on it. If it doesn't, put a +1/+1 counter on it.",GU
Marhault Elsdragon,2e805883-081b-478a-aa58-172b659571c2,me3,161,Legendary Creature — Elf Warrior,"Rampage 1 (Whenever this creature becomes blocked, it gets +1/+1 until end of turn for each creature blocking it beyond the first.)",GR
Marina Vendrell,6428cddc-2fb6-41af-a643-e83c81dc04f5,dsk,221,Legendary Creature — Human Warlock,"When Marina Vendrell enters, reveal the top seven cards of your library. Put all enchantment cards from among them into your hand and the rest on the bottom of your library in a random order. {T}: Lock or unlock a door of target Room you control. Activate only as a sorcery.",BGRUW
"Marisi, Breaker of the Coil",c366e1c0-f62d-41ce-baec-de11dbc1c5f4,c19,46,Legendary Creature — Cat Warrior,"Your opponents can't cast spells during combat. Whenever a creature you control deals combat damage to a player, goad each creature that player controls. (Until your next turn, those creatures attack each combat if able and attack a player other than you if able.)",GRW
"Mari, the Killing Quill",6b4b3c1a-671c-422d-a98c-7d750760ca46,otc,138,Legendary Creature — Vampire Assassin,"Whenever a creature an opponent controls dies, exile it with a hit counter on it. Assassins, Mercenaries, and Rogues you control have deathtouch and ""Whenever this creature deals combat damage to a player, you may remove a hit counter from a card that player owns in exile. If you do, draw a card and create two Treasure tokens.""",B
Marneus Calgar,e7517e8e-b424-4731-ba9d-6132bdefa6bf,40k,8,Legendary Creature — Astartes Warrior,"Double strike Master Tactician — Whenever one or more tokens you control enter, draw a card. Chapter Master — {6}: Create two 2/2 white Astartes Warrior creature tokens with vigilance.",BUW
Marrow-Gnawer,72e4548b-c171-4f10-b896-af37543dcf0f,chk,124,Legendary Creature — Rat Rogue,"All Rats have fear. {T}, Sacrifice a Rat: Create X 1/1 black Rat creature tokens, where X is the number of Rats you control.",B
Martha Jones,2a9f97c9-825b-43dc-96a5-807d1a15fdce,who,48,Legendary Creature — Human Cleric,"Woman Who Walked the Earth — When Martha Jones enters, investigate. (Create a Clue token. It's an artifact with ""{2}, Sacrifice this token: Draw a card."") Whenever you sacrifice a Clue, Martha Jones and up to one other target creature can't be blocked this turn. Doctor's companion (You can have two commanders if the other is the Doctor.)",U
Márton Stromgald,1e76a75a-7125-4957-ab7a-8e7ead21d002,me1,104,Legendary Creature — Human Knight,"Whenever Márton Stromgald attacks, other attacking creatures get +1/+1 until end of turn for each attacking creature other than Márton Stromgald. Whenever Márton Stromgald blocks, other blocking creatures get +1/+1 until end of turn for each blocking creature other than Márton Stromgald.",R
"Marvin, Murderous Mimic",66898970-b99b-48f2-9240-68c301c95500,dsk,253,Legendary Artifact Creature — Toy,Marvin has all activated abilities of creatures you control that don't have the same name as this creature.,
"Marvo, Deep Operative",8fdb30c1-0551-48b7-8bcb-d7e0dbb6690a,mkc,7,Legendary Creature — Octopus Rogue,"Whenever Marvo attacks, clash with defending player. (Each clashing player reveals the top card of their library, then puts that card on their choice of the top or bottom. A player wins if their card had a greater mana value.) Whenever you win a clash, draw a card. Then you may cast a spell from your hand with mana value 8 or less without paying its mana cost.",BU
"Marwyn, the Nurturer",aad61d99-5c8e-47b7-ab1a-e70905f59205,khc,68,Legendary Creature — Elf Druid,"Whenever another Elf you control enters, put a +1/+1 counter on Marwyn. {T}: Add an amount of {G} equal to Marwyn's power.",G
Mary Jane Watson,178345f7-8ccd-4e47-80f4-5bd31bab6655,spm,134,Legendary Creature — Human Performer,"Whenever a Spider you control enters, draw a card. This ability triggers only once each turn.",GW
Mary O'Kill,2b1ccdda-07a0-445b-b146-51c1e3a05421,ust,138,Legendary Creature — Human Villain,"{1}{B/R}: Switch a Killbot or Mary O'Kill in your hand with one on the battlefield. (If a creature is tapped, the switched creature is tapped. The same is true for untapped, attacking, blocking, enchanted, equipped, and targeted. Any counters on a creature are on the switched creature instead.)",BR
Mary Read and Anne Bonny,116bf8c6-8488-4eff-b350-b3ea821353b1,acr,61,Legendary Creature — Human Assassin Pirate,"Haste {T}: Draw a card, then discard a card. Whenever you discard an Island, Pirate, or Vehicle card, create a tapped Treasure token.",RU
Masako the Humorless,d6b2507f-4035-47d5-8295-0a3773f187fb,chk,33,Legendary Creature — Human Advisor,Flash Tapped creatures you control can block as though they were untapped.,W
Massacre Girl,59957c45-4672-4650-80b1-70e4a60b429e,dsc,146,Legendary Creature — Human Assassin,"Menace When Massacre Girl enters, each other creature gets -1/-1 until end of turn. Whenever a creature dies this turn, each creature other than Massacre Girl gets -1/-1 until end of turn.",B
"Massacre Girl, Known Killer",cb1c8800-9d33-485c-b776-042003b9ea92,mkm,94,Legendary Creature — Human Assassin,"Menace Creatures you control have wither. (They deal damage to creatures in the form of -1/-1 counters.) Whenever a creature an opponent controls dies, if its toughness was less than 1, draw a card.",B
Master Chef,b534b1cb-0cd7-4b8c-bb25-42207fcba209,clb,241,Legendary Enchantment — Background,"Commander creatures you own have ""This creature enters with an additional +1/+1 counter on it"" and ""Other creatures you control enter with an additional +1/+1 counter on them.""",G
Mastermind Plum,df81568b-c66a-49c6-bd48-7df98ea00117,clu,3,Legendary Creature — Human Wizard,"Whenever Mastermind Plum attacks, exile up to one target card from a graveyard. If an artifact card was exiled this way, create a Treasure token. (It's an artifact with ""{T}, Sacrifice this token: Add one mana of any color."") Whenever you cast a spell, if mana from a Treasure was spent to cast it, you draw a card and you lose 1 life.",B
Master Pakku,91e30df5-63f7-4281-8d64-8d522d663652,tla,63,Legendary Creature — Human Advisor Ally,"Prowess (Whenever you cast a noncreature spell, this creature gets +1/+1 until end of turn.) Whenever Master Pakku becomes tapped, target player mills X cards, where X is the number of Lesson cards in your graveyard. (They put the top X cards of their library into their graveyard.)",U
Master Piandao,3e4a042c-f2a6-45e7-9444-acd1ca838b87,tla,28,Legendary Creature — Human Warrior Ally,"First strike Whenever Master Piandao attacks, look at the top four cards of your library. You may reveal an Ally, Equipment, or Lesson card from among them and put it into your hand. Put the rest on the bottom of your library in a random order.",W
"Masumaro, First to Live",2c4625b7-c8b1-4fdf-af9f-935313436b35,sok,136,Legendary Creature — Spirit,Masumaro's power and toughness are each equal to twice the number of cards in your hand.,G
"Mathas, Fiend Seeker",921b65b1-18bf-4b02-a35d-7eaee1846611,2x2,252,Legendary Creature — Vampire,"Menace At the beginning of your end step, put a bounty counter on target creature an opponent controls. For as long as that creature has a bounty counter on it, it has ""When this creature dies, each opponent draws a card and gains 2 life.""",BRW
"Mathise, Surge Channeler",3c560e53-73d9-4b0e-9b93-c729e00e7bbe,slx,25,Legendary Creature — Human Elf Shaman,"Whenever you cast an instant or sorcery spell with mana value 3 or greater, roll a d20. 1-9 | Each player draws a card. 10-19 | You draw a card. 20 | Copy that spell. You may choose new targets for the copy.",U
"Matoya, Archon Elder",1dd61cf6-2fb5-4cff-ab00-7677ac85774c,fin,62,Legendary Creature — Human Warlock,"Whenever you scry or surveil, draw a card. (Draw after you scry or surveil.)",U
"Mauhúr, Uruk-hai Captain",65e9a757-7ed4-4cc0-bb6f-a59fa69b32a5,ltr,214,Legendary Creature — Orc Soldier,"Menace If one or more +1/+1 counters would be put on an Army, Goblin, or Orc you control, that many plus one +1/+1 counters are put on it instead.",BR
"Mavinda, Students' Advocate",8b3d521f-31cd-4bd2-b6b6-771c79252789,stx,21,Legendary Creature — Bird Advisor,"Flying {0}: You may cast target instant or sorcery card from your graveyard this turn. If that spell doesn't target a creature you control, it costs {8} more to cast this way. If that spell would be put into your graveyard, exile it instead. Activate only once each turn. (You still pay the spell's costs. Timing rules for the spell still apply.)",W
"Mavren Fein, Dusk Apostle",fdc3e998-760b-41ca-9f92-270aaa82f3fb,lcc,133,Legendary Creature — Vampire Cleric,"Whenever one or more nontoken Vampires you control attack, create a 1/1 white Vampire creature token with lifelink.",W
Mayael the Anima,309d95ad-e46c-4407-894d-d4cfdc7017f8,c13,199,Legendary Creature — Elf Shaman,"{3}{R}{G}{W}, {T}: Look at the top five cards of your library. You may put a creature card with power 5 or greater from among them onto the battlefield. Put the rest on the bottom of your library in any order.",GRW
"Mazirek, Kraul Death Priest",1522122b-e4bf-4dba-b22c-efa18bc6c33b,eoc,122,Legendary Creature — Insect Shaman,"Flying Whenever a player sacrifices another permanent, put a +1/+1 counter on each creature you control.",BG
"Mazzy, Truesword Paladin",4d79c221-e07a-41e1-b92f-dc057802449c,clb,283,Legendary Creature — Halfling Knight,"Whenever an enchanted creature attacks one of your opponents, it gets +2/+0 and gains trample until end of turn. Whenever an Aura you control is put into your graveyard from the battlefield, exile it. Until the end of your next turn, you may cast that card.",GRW
Medomai the Ageless,b5f4b3cf-2c78-42c9-9873-3758c7f7bb7d,ths,196,Legendary Creature — Sphinx,"Flying Whenever Medomai deals combat damage to a player, take an extra turn after this one. Medomai can't attack during extra turns.",UW
"Meet and Greet ""Sisay""",46c2e47d-f537-4108-b548-37b294482af6,unf,172,Legendary Creature — Elf Performer,"Whenever you cast a spell, choose one — • Flavor — Meet and Greet ""Sisay"" gets +1/+1 until end of turn for each line of flavor text that spell has. • History — Create a Treasure token if that spell doesn't share an expansion symbol with a permanent you control or a card in your graveyard.",GR
"Megatron, Tyrant // Megatron, Destructive Force",ac6ded62-7bf2-476f-ad8e-020da6327c6b,bot,12,Legendary Artifact Creature — Robot // Legendary Artifact — Vehicle,,BRW
"Melek, Izzet Paragon",66011fe8-8c5d-4990-a324-5839515dcacb,cmm,345,Legendary Creature — Weird Wizard,"Play with the top card of your library revealed. You may cast instant and sorcery spells from the top of your library. Whenever you cast an instant or sorcery spell from your library, copy it. You may choose new targets for the copy.",RU
"Melek, Reforged Researcher",01c5ede0-a098-4f21-8b7e-795a83e75aae,mkm,430,Legendary Creature — Weird Detective,Melek's power and toughness are each equal to twice the number of instant and sorcery cards in your graveyard. The first instant or sorcery spell you cast each turn costs {3} less to cast.,RU
"Melira, Sylvok Outcast",e83851a1-e4e8-49ec-af5c-4efe86fa51ad,nph,115,Legendary Creature — Human Scout,You can't get poison counters. Creatures you control can't have -1/-1 counters put on them. Creatures your opponents control lose infect.,G
"Melira, the Living Cure",e1329ad9-5989-4920-b17b-943b9b4a0cd9,one,209,Legendary Creature — Human Scout,"If you would get one or more poison counters, instead you get one poison counter and you can't get additional poison counters this turn. Exile Melira: Choose another target creature or artifact. When it's put into a graveyard this turn, return that card to the battlefield under its owner's control.",GW
Meloku the Clouded Mirror,60b9db96-a6ab-454b-99a7-910ef77560d7,cmr,399,Legendary Creature — Moonfolk Wizard,"Flying {1}, Return a land you control to its owner's hand: Create a 1/1 blue Illusion creature token with flying.",U
Memnarch,9203fde4-dbc1-449f-9618-4656f0e25e3c,arc,112,Legendary Artifact Creature — Wizard,{1}{U}{U}: Target permanent becomes an artifact in addition to its other types. (This effect lasts indefinitely.) {3}{U}: Gain control of target artifact. (This effect lasts indefinitely.),U
"Mendicant Core, Guidelight",f434b103-490f-424e-a0a1-efb1b931c8e6,dft,213,Legendary Artifact Creature — Robot,"Mendicant Core's power is equal to the number of artifacts you control. Start your engines! (If you have no speed, it starts at 1. It increases once on each of your turns when an opponent loses life. Max speed is 4.) Max speed — Whenever you cast an artifact spell, you may pay {1}. If you do, copy it. (The copy becomes a token.)",UW
"Meneldor, Swift Savior",62d2ee20-abbc-4a9d-8d30-4223242123e8,ltr,62,Legendary Creature — Bird Soldier,"Flying Whenever Meneldor deals combat damage to a player, exile up to one target creature you own, then return it to the battlefield under your control.",U
"Meng Huo, Barbarian King",417f01e0-370e-43b0-a55c-4086ddb4c85b,me3,128,Legendary Creature — Human Barbarian Soldier,Other green creatures you control get +1/+1.,G
Meren of Clan Nel Toth,508b1442-bf2c-4ad6-9bcf-bd894e081ab6,tdc,297,Legendary Creature — Human Shaman,"Whenever another creature you control dies, you get an experience counter. At the beginning of your end step, choose target creature card in your graveyard. If that card's mana value is less than or equal to the number of experience counters you have, return it to the battlefield. Otherwise, put it into your hand.",BG
Meriadoc Brandybuck,885a3277-ef10-4dcf-ac63-eb8971cd627c,ltr,177,Legendary Creature — Halfling Citizen,"Whenever one or more Halflings you control attack a player, create a Food token. (It's an artifact with ""{2}, {T}, Sacrifice this token: You gain 3 life."")",G
"Meria, Scholar of Antiquity",3eedd979-783d-4721-92de-965b77c20576,dmu,206,Legendary Creature — Elf Artificer,Tap an untapped nontoken artifact you control: Add {G}. Tap two untapped nontoken artifacts you control: Exile the top card of your library. You may play it this turn.,GR
Merieke Ri Berit,63f7cf94-78f6-4f30-ab24-8b90231520f1,tsb,95,Legendary Creature — Human,"Merieke Ri Berit doesn't untap during your untap step. {T}: Gain control of target creature for as long as you control Merieke Ri Berit. When Merieke Ri Berit leaves the battlefield or becomes untapped, destroy that creature. It can't be regenerated.",BUW
"Merry, Esquire of Rohan",b7c5fe73-1684-4edc-9f9b-976b2246d5ea,ltr,215,Legendary Creature — Halfling Knight,"Haste Merry has first strike as long as it's equipped. Whenever you attack with Merry and another legendary creature, draw a card.",RW
"Merry, Warden of Isengard",56a66d3b-3308-4db7-8fc1-97bb85bdcbf3,ltc,61,Legendary Creature — Halfling Advisor,"Partner with Pippin, Warden of Isengard (When this creature enters, target player may put Pippin into their hand from their library, then shuffle.) Whenever one or more artifacts you control enter, create a 1/1 white Soldier creature token with lifelink. This ability triggers only once each turn.",GW
"Me, the Immortal",ddfbf6bf-c0e1-48a1-9223-73099fe470aa,who,147,Legendary Creature — Human Rogue,"At the beginning of combat on your turn, put your choice of a +1/+1, first strike, vigilance, or menace counter on Me. Counters remain on Me as it moves to any zone other than a player's hand or library. You may cast this card from your graveyard by discarding two cards in addition to paying its other costs.",GRU
"Miara, Thorn of the Glade",7bdb9bfe-5e56-429d-af23-7548532e2406,khc,51,Legendary Creature — Elf Scout,"Whenever Miara or another Elf you control dies, you may pay {1} and 1 life. If you do, draw a card. Partner (You can have two commanders if both have partner.)",B
"Michiko Konda, Truth Seeker",99c56bf0-ad9f-4419-902c-f3a3880c716c,sok,19,Legendary Creature — Human Advisor,"Whenever a source an opponent controls deals damage to you, that player sacrifices a permanent of their choice.",W
"Migloz, Maze Crusher",c1171899-07d8-4e60-a79b-f162f59dc3ce,one,210,Legendary Creature — Phyrexian Beast,"Migloz enters with five oil counters on it. {1}, Remove an oil counter from Migloz: It gains vigilance and menace until end of turn. {2}, Remove two oil counters from Migloz: It gets +2/+2 until end of turn. {3}, Remove three oil counters from Migloz: Destroy target artifact or enchantment.",GR
"Miirym, Sentinel Wyrm",a934590b-5c70-4f07-af67-fbe817a99531,clb,284,Legendary Creature — Dragon Spirit,"Flying, ward {2} Whenever another nontoken Dragon you control enters, create a token that's a copy of it, except the token isn't legendary.",GRU
"Mikaeus, the Lunarch",fb885d30-c6e5-494a-bc01-3d5085b8e262,moc,197,Legendary Creature — Human Cleric,"Mikaeus enters with X +1/+1 counters on it. {T}: Put a +1/+1 counter on Mikaeus. {T}, Remove a +1/+1 counter from Mikaeus: Put a +1/+1 counter on each other creature you control.",W
"Mikaeus, the Unhallowed",bc1f42a2-fe11-45da-9552-069803b4068a,cmm,173,Legendary Creature — Zombie Cleric,"Intimidate (This creature can't be blocked except by artifact creatures and/or creatures that share a color with it.) Whenever a Human deals damage to you, destroy it. Other non-Human creatures you control get +1/+1 and have undying. (When a creature with undying dies, if it had no +1/+1 counters on it, return it to the battlefield under its owner's control with a +1/+1 counter on it.)",B
"Mila, Crafty Companion // Lukka, Wayward Bonder",8e4e0f81-f92b-4a3a-bb29-adcc3de211b4,stx,153,Legendary Creature — Fox // Legendary Planeswalker — Lukka,,RW
Miles Morales // Ultimate Spider-Man,9f8b4d9b-208a-4673-a617-5e3edd069c33,spm,108,Legendary Creature — Human Citizen Hero // Legendary Creature — Spider Human Hero,,GRW
"Miles ""Tails"" Prower",7d4bd7e1-9861-4f8a-9ad5-a41aeaee1928,sld,2085,Legendary Creature — Fox Artificer,"Flash Flying Whenever a Vehicle you control enters, draw a card if it has flying. Otherwise, put a flying counter on it.",UW
"Millicent, Restless Revenant",2b86b538-0766-440d-a2cd-f5d5bfcfb010,voc,1,Legendary Creature — Spirit Soldier,"Affinity for Spirits (This spell costs {1} less to cast for each Spirit you control.) Flying Whenever Millicent or another nontoken Spirit you control dies or deals combat damage to a player, create a 1/1 white Spirit creature token with flying.",UW
"Mimeoplasm, Revered One",34e4c342-dc22-4e9c-81fc-a691ae9e21c1,dft,214,Legendary Creature — Ooze,"As Mimeoplasm enters, exile up to X creature cards from your graveyard. It enters with three +1/+1 counters on it for each creature card exiled this way. {2}: Mimeoplasm becomes a copy of target creature card exiled with it, except it's 0/0 and has this ability.",BGU
"Mina and Denn, Wildborn",374b5d57-fd20-4062-9ec2-24ac557d9dde,znc,94,Legendary Creature — Elf Ally,"You may play an additional land on each of your turns. {R}{G}, Return a land you control to its owner's hand: Target creature gains trample until end of turn.",GR
"Minn, Wily Illusionist",4eec1d87-1007-44a1-a45d-0623816de681,afc,16,Legendary Creature — Gnome Wizard,"Whenever you draw your second card each turn, create a 1/1 blue Illusion creature token with ""This token gets +1/+0 for each other Illusion you control."" Whenever an Illusion you control dies, you may put a permanent card with mana value less than or equal to that creature's power from your hand onto the battlefield.",U
"Minsc, Beloved Ranger",72405607-a60e-42af-b523-64008d3f89b9,afr,227,Legendary Creature — Human Ranger,"When Minsc enters, create Boo, a legendary 1/1 red Hamster creature token with trample and haste. {X}: Until end of turn, target creature you control has base power and toughness X/X and becomes a Giant in addition to its other types. Activate only as a sorcery.",GRW
"Minsc & Boo, Timeless Heroes",928036c9-11b8-493e-b9f2-8fbd3487cd19,clb,285,Legendary Planeswalker — Minsc,"When Minsc & Boo enters and at the beginning of your upkeep, you may create Boo, a legendary 1/1 red Hamster creature token with trample and haste. +1: Put three +1/+1 counters on up to one target creature with trample or haste. −2: Sacrifice a creature. When you do, Minsc & Boo deals X damage to any target, where X is that creature's power. If the sacrificed creature was a Hamster, draw X cards. Minsc & Boo, Timeless Heroes can be your commander.",GR
"Minthara, Merciless Soul",0c9e944b-98fa-4aea-825d-b8b8a9d7ed47,clb,286,Legendary Creature — Elf Cleric,"Minthara has ward {X}, where X is the number of experience counters you have. At the beginning of your end step, if a permanent you controlled left the battlefield this turn, you get an experience counter. Creatures you control get +1/+0 for each experience counter you have.",BW
Minthara of the Absolute,9d3cc82d-06e8-4c0e-bc01-babbf3f9f844,hbg,74,Legendary Creature — Elf Cleric,"Starting intensity 0 Creatures you control get +X/+0, where X is Minthara of the Absolute's intensity. Whenever one or more permanents you control leave the battlefield, cards you own named Minthara of the Absolute intensify by 1. This ability triggers only once each turn.",BW
"Minwu, White Mage",6822144f-f0eb-4e10-a217-52cad36d2973,fin,26,Legendary Creature — Human Cleric,"Vigilance, lifelink Whenever you gain life, put a +1/+1 counter on each Cleric you control.",W
"Miriam, Herd Whisperer",bfa7750a-7c32-4413-b762-62e24d992c6b,otj,221,Legendary Creature — Human Druid,"During your turn, Mounts and Vehicles you control have hexproof. Whenever a Mount or Vehicle you control attacks, put a +1/+1 counter on it.",GW
"Mirko, Obsessive Theorist",690acbbf-5e92-4323-b939-31bdb07f9905,mkc,2,Legendary Creature — Vampire Detective,"Flying, vigilance Whenever you surveil, put a +1/+1 counter on Mirko. At the beginning of your end step, you may return target creature card with power less than Mirko's from your graveyard to the battlefield with a finality counter on it. (If it would die, exile it instead.)",BU
"Mirko Vosk, Mind Drinker",d37cdd3e-4303-4391-aff4-4a543e65a836,dgm,85,Legendary Creature — Vampire,"Flying Whenever Mirko Vosk deals combat damage to a player, that player reveals cards from the top of their library until they reveal four land cards, then puts those cards into their graveyard.",BU
"Mirri, Cat Warrior",0a1d9876-4588-4591-af53-cb4e83c2b6c6,tpr,180,Legendary Creature — Cat Warrior,"First strike, forestwalk, vigilance (This creature deals combat damage before creatures without first strike, it can't be blocked as long as defending player controls a Forest, and attacking doesn't cause this creature to tap.)",G
Mirri the Cursed,24c1706d-2faa-452b-a192-204386df29f6,tsr,125,Legendary Creature — Vampire Cat,"Flying, first strike, haste Whenever Mirri deals combat damage to a creature, put a +1/+1 counter on Mirri.",B
"Mirri, Weatherlight Duelist",db44fe95-6a32-4d6f-a32f-72491381f495,cmm,347,Legendary Creature — Cat Warrior,"First strike Whenever Mirri attacks, each opponent can't block with more than one creature this combat. As long as Mirri is tapped, no more than one creature can attack you each combat.",GW
"Mishra, Artificer Prodigy",d5deaec5-499d-4e19-b879-8bcd1dc35f3e,tsp,243,Legendary Creature — Human Artificer,"Whenever you cast an artifact spell, you may search your graveyard, hand, and/or library for a card with the same name as that spell and put it onto the battlefield. If you search your library this way, shuffle.",BRU
"Mishra, Claimed by Gix",a469d7ec-42de-45de-9d8f-469bb979de58,bro,216,Legendary Creature — Phyrexian Human Artificer,"Whenever you attack, each opponent loses X life and you gain X life, where X is the number of attacking creatures. If Mishra, Claimed by Gix and a creature named Phyrexian Dragon Engine are attacking, and you both own and control them, exile them, then meld them into Mishra, Lost to Phyrexia. It enters tapped and attacking.",BR
"Mishra, Eminent One",7f5b1daa-ec45-48de-9496-6ca5b491a0dc,brc,1,Legendary Creature — Human Artificer,"At the beginning of combat on your turn, create a token that's a copy of target noncreature artifact you control, except its name is Mishra's Warform and it's a 4/4 Construct artifact creature in addition to its other types. It gains haste until end of turn. Sacrifice it at the beginning of the next end step.",BRU
"Mishra, Excavation Prodigy",f5d02416-8578-40a5-bf31-d1ef9b8764f1,bro,140,Legendary Creature — Human Artificer,"Haste {1}, {T}, Discard a card: Draw a card. Whenever you discard one or more artifact cards, add {R}{R}. This ability triggers only once each turn.",R
"Mishra, Tamer of Mak Fawa",585a753d-a692-474a-bc28-48dd93b73ace,bro,217,Legendary Creature — Human Artificer,"Permanents you control have ""Ward—Sacrifice a permanent."" Each artifact card in your graveyard has unearth {1}{B}{R}. ({1}{B}{R}: Return the card from your graveyard to the battlefield. It gains haste. Exile it at the beginning of the next end step or if it would leave the battlefield. Unearth only as a sorcery.)",BR
Missy,2dfae7d1-c09b-47e0-92d8-49b21402207d,who,8,Legendary Creature — Time Lord Rogue,"Whenever another nonartifact creature dies, return it to the battlefield under your control face down and tapped. It's a 2/2 Cyberman artifact creature. At the beginning of your end step, each opponent faces a villainous choice — Each artifact creature you control deals 1 damage to that opponent, or you draw a card and chaos ensues.",BRU
Mister Negative,2c9cb13d-55ff-4e26-aa49-755f8bcebc11,spm,135,Legendary Creature — Human Villain,"Vigilance, lifelink Darkforce Inversion — When Mister Negative enters, you may exchange your life total with target opponent. If you lose life this way, draw that many cards.",BW
Mistform Ultimus,b74feed4-840b-4f10-9861-7a6885ce7907,tsb,26,Legendary Creature — Illusion,Mistform Ultimus is every creature type (even if this card isn't on the battlefield).,U
Mitotic Ultimus,f49fbd95-16bb-4426-ac98-6d900417dfc5,ydft,19,Legendary Creature — Ooze Giant,"This spell costs {X} less to cast, where X is the greatest power among creatures you control. Trample When Mitotic Ultimus dies, conjure two cards named Mitotic Slime onto the battlefield.",G
Mizzix of the Izmagnus,82f949d0-41a0-4491-9057-bfb2bb20bdb3,cmm,348,Legendary Creature — Goblin Wizard,"Whenever you cast an instant or sorcery spell with mana value greater than the number of experience counters you have, you get an experience counter. Instant and sorcery spells you cast cost {1} less to cast for each experience counter you have.",RU
"Mizzix, Replica Rider",8faf1d83-3b6b-4e07-a024-3dfd37c29814,j22,35,Legendary Creature — Goblin Wizard,"Flying Whenever you cast a spell from anywhere other than your hand, you may pay {1}{U/R}. If you do, copy that spell and you may choose new targets for the copy. If the copy is a permanent spell, it gains haste and ""At the beginning of your end step, sacrifice this permanent."" (A copy of a permanent spell becomes a token.)",RU
"MJ, Rising Star",46734558-4af4-4773-8c13-59e110bacae9,spe,3,Legendary Creature — Human Performer,"Vigilance (Attacking doesn't cause this creature to tap.) Whenever you gain life, put a +1/+1 counter on MJ.",W
"Mm'menon, the Right Hand",82add0a0-e402-4b31-b101-81c0bf332015,eoe,68,Legendary Creature — Jellyfish Advisor,"Flying You may look at the top card of your library any time. You may cast artifact spells from the top of your library. Artifacts you control have ""{T}: Add {U}. Spend this mana only to cast a spell from anywhere other than your hand.""",U
"Mm'menon, Uthros Exile",5546c044-5826-48c3-9d28-866f3c3c5f2c,eoe,221,Legendary Creature — Jellyfish Advisor,"Flying Whenever an artifact you control enters, put a +1/+1 counter on target creature.",RU
"Mogis, God of Slaughter",521911e5-9ce5-4d55-bfc4-fbfeba4047fe,dsc,89,Legendary Enchantment Creature — God,"Indestructible As long as your devotion to black and red is less than seven, Mogis isn't a creature. At the beginning of each opponent's upkeep, Mogis deals 2 damage to that player unless they sacrifice a creature of their choice.",BR
"Mog, Moogle Warrior",e9cb8ac9-64a0-455d-a8dd-1579ee321bbd,fic,89,Legendary Creature — Moogle Warrior,"Lifelink Dance — At the beginning of your end step, each player may discard a card. Each player who discarded a card this way draws a card. If a creature card was discarded this way, you create a 1/2 white Moogle creature token with lifelink. Then if a noncreature card was discarded this way, put a +1/+1 counter on each Moogle you control.",RW
Moira and Teshar,19d0acaa-bfbf-4155-a9b0-5b39c3c87361,moc,7,Legendary Creature — Phyrexian Spirit Bird,"Flying Whenever you cast a historic spell, return target nonland permanent card from your graveyard to the battlefield. It gains haste. Exile it at the beginning of the next end step. If it would leave the battlefield, exile it instead of putting it anywhere else. (Artifacts, legendaries, and Sagas are historic.)",BW
"Moira Brown, Guide Author",418ce6f6-b483-4695-aaf5-e4f7eeb9eb16,pip,110,Legendary Creature — Human Citizen,"When Moira Brown enters, create a colorless Equipment artifact token named Wasteland Survival Guide with ""Equipped creature gets +1/+1 for each quest counter among permanents you control"" and equip {1}. Whenever you attack, put a quest counter on target nonland permanent you control.",RW
"Moira, Urborg Haunt",0a5c9d99-8fbc-4a74-99a5-32ba71eb2b62,dmc,6,Legendary Creature — Spirit Wizard,"Menace Whenever Moira deals combat damage to a player, return to the battlefield target creature card in your graveyard that was put there from the battlefield this turn.",B
"Molimo, Maro-Sorcerer",6c5d3eba-e456-47c2-992b-a97ba66e9676,cmm,305,Legendary Creature — Elemental,Trample (This creature can deal excess combat damage to the player or planeswalker it's attacking.) Molimo's power and toughness are each equal to the number of lands you control.,G
"Molten Man, Inferno Incarnate",f469d621-25d0-4d8e-909f-47dac0b9c5b0,spm,84,Legendary Creature — Elemental Villain,"When Molten Man enters, search your library for a basic Mountain card, put it onto the battlefield tapped, then shuffle. Molten Man gets +1/+1 for each Mountain you control. When Molten Man leaves the battlefield, sacrifice a land.",R
"Momir Vig, Simic Visionary",25a8c801-df0c-402b-a41c-4703a2abfb66,dis,118,Legendary Creature — Elf Wizard,"Whenever you cast a green creature spell, you may search your library for a creature card, reveal it, then shuffle and put that card on top. Whenever you cast a blue creature spell, reveal the top card of your library. If it's a creature card, put that card into your hand.",GU
"Momo, Friendly Flier",c472ef84-a632-4ad7-853c-60588a7a4b12,tla,29,Legendary Creature — Lemur Bat Ally,"Flying The first non-Lemur creature spell with flying you cast during each of your turns costs {1} less to cast. Whenever another creature you control with flying enters, Momo gets +1/+1 until end of turn.",W
"Momo, Rambunctious Rascal",1ce491a2-bb43-48fc-acc7-273bc7f418d5,tle,217,Legendary Creature — Lemur Bat Ally,"Flying (This creature can't be blocked except by creatures with flying or reach.) When Momo enters, he deals 4 damage to target tapped creature an opponent controls.",W
"Mondrak, Glory Dominus",8296a455-21d5-498e-9029-2bdf0da855a8,one,23,Legendary Creature — Phyrexian Horror,"If one or more tokens would be created under your control, twice that many of those tokens are created instead. {1}{W/P}{W/P}, Sacrifice two other artifacts and/or creatures: Put an indestructible counter on Mondrak. ({W/P} can be paid with either {W} or 2 life.)",W
"Monoxa, Midway Manager",90b43168-44fb-439f-80e7-cb2539ca511f,unf,173,Legendary Creature — Vampire Employee,"Whenever you roll a 3 or higher, Monoxa gains first strike until end of turn. If the roll was 4 or higher, it gains menace until end of turn. If the roll was 5 or higher, it gains lifelink until end of turn. {6}: Roll a six-sided die.",BR
Monstrosity of the Lake,d72aa8fc-6808-4865-879e-417a300c40de,ltc,22,Legendary Creature — Kraken,"When Monstrosity of the Lake enters, you may pay {5}. If you do, tap all creatures your opponents control, then put a stun counter on each of those creatures. (If a permanent with a stun counter would become untapped, remove one from it instead.) Islandcycling {2} ({2}, Discard this card: Search your library for an Island card, reveal it, put it into your hand, then shuffle.)",U
"Moraug, Fury of Akoum",4481eab8-9e7d-4db8-b1f2-fdf5ee1919a2,eoc,89,Legendary Creature — Minotaur Warrior,"Each creature you control gets +1/+0 for each time it has attacked this turn. Landfall — Whenever a land you control enters, if it's your main phase, there's an additional combat phase after this phase. At the beginning of that combat, untap all creatures you control.",R
Morbius the Living Vampire,b978d0e2-f5a7-4ade-befc-11b406e84477,spm,137,Legendary Creature — Vampire Scientist Villain,"Flying, vigilance, lifelink {U}{B}, Exile this card from your graveyard: Look at the top three cards of your library. Put one of them into your hand and the rest on the bottom of your library in any order.",BU
Morinfen,b5006ad3-16ca-4be3-8d56-d4fe4e9e0a44,wth,75,Legendary Creature — Phyrexian Horror,"Flying Cumulative upkeep—Pay 1 life. (At the beginning of your upkeep, put an age counter on this permanent, then sacrifice it unless you pay its upkeep cost for each age counter on it.)",B
Moritte of the Frost,22fdbe71-abca-4e48-99b2-1cb6b35d930b,khm,223,Legendary Snow Creature — Shapeshifter,"Changeling (This card is every creature type.) You may have Moritte enter as a copy of a permanent you control, except it's legendary and snow in addition to its other types and, if it's a creature, it enters with two additional +1/+1 counters on it and has changeling.",GU
"Morlun, Devourer of Spiders",1beb2eb9-90b5-43ba-8b04-cfce7dcb744b,spm,59,Legendary Creature — Vampire Villain,"Lifelink Morlun enters with X+1/+1 counters on him. When Morlun enters, he deals X damage to target opponent.",B
"Morophon, the Boundless",84238335-e08c-421c-b9b9-70a679ff2967,cmm,3,Legendary Creature — Shapeshifter,"Changeling (This card is every creature type.) As Morophon enters, choose a creature type. Spells of the chosen type you cast cost {W}{U}{B}{R}{G} less to cast. This effect reduces only the amount of colored mana you pay. Other creatures you control of the chosen type get +1/+1.",BGRUW
"Morska, Undersea Sleuth",ae9ccfec-05c6-469e-b1dd-dfbafa1e927f,mkc,3,Legendary Creature — Vedalken Fish Detective,"You have no maximum hand size. At the beginning of your upkeep, investigate. (Create a Clue token. It's an artifact with ""{2}, Sacrifice this token: Draw a card."") Whenever you draw your second card each turn, put two +1/+1 counters on Morska.",GUW
"Mortarion, Daemon Primarch",3b6b1bcf-10a4-4643-9db0-b2a4fee340a2,40k,41,Legendary Creature — Demon Primarch,"Flying Primarch of the Death Guard — At the beginning of your end step, you may pay {X}. If you do, create X 2/2 black Astartes Warrior creature tokens with menace. X can't be greater than the amount of life you lost this turn.",B
"Mowu, Loyal Companion",890e50ae-39e6-435b-95e7-885f2b314ecf,cmm,306,Legendary Creature — Dog,"Vigilance, trample If one or more +1/+1 counters would be put on Mowu, that many plus one +1/+1 counters are put on it instead.",G
Mr. Foxglove,cba58beb-9524-46d4-ac63-119f19d9d44f,blc,6,Legendary Creature — Fox Rogue,"Lifelink Whenever Mr. Foxglove attacks, draw cards equal to the number of cards in defending player's hand minus the number of cards in your hand. If you didn't draw cards this way, you may put a creature card from your hand onto the battlefield.",GUW
"Mr. House, President and CEO",23eb3cf7-c90d-4bfa-b125-4fbcb5614468,pip,7,Legendary Artifact Creature — Human,"Whenever you roll a 4 or higher, create a 3/3 colorless Robot artifact creature token. If you rolled 6 or higher, instead create that token and a Treasure token. {4}, {T}: Roll a six-sided die plus an additional six-sided die for each mana from Treasures spent to activate this ability.",BRW
"Mr. Orfeo, the Boulder",97caaa92-2a7d-4f79-8d42-86733c902072,snc,204,Legendary Creature — Rhino Warrior,"Whenever you attack, double target creature's power until end of turn.",BGR
Ms. Bumbleflower,42bbedc1-6b83-46b4-8b3b-a4e05ce77d87,blc,3,Legendary Creature — Rabbit Citizen,"Vigilance Whenever you cast a spell, target opponent draws a card. Put a +1/+1 counter on target creature. It gains flying until end of turn. If this is the second time this ability has resolved this turn, you draw two cards.",GUW
"Muerra, Trash Tactician",b40e4658-fd68-46d0-9a89-25570a023d19,blb,227,Legendary Creature — Raccoon Warrior,"At the beginning of your first main phase, add {R} or {G} for each Raccoon you control. Whenever you expend 4, you gain 3 life. (You expend 4 as you spend your fourth total mana to cast spells during a turn.) Whenever you expend 8, exile the top two cards of your library. Until the end of your next turn, you may play those cards.",GR
"Muldrotha, the Gravetide",51710b19-68e3-4853-901f-e618bde61161,fdn,243,Legendary Creature — Elemental Avatar,"During each of your turns, you may play a land and cast a permanent spell of each permanent type from your graveyard. (If a card has multiple permanent types, choose one as you play it.)",BGU
"Multani, Maro-Sorcerer",0d6cc98b-b376-40af-8308-198bab00b2b1,ulg,107,Legendary Creature — Elemental,Shroud (This creature can't be the target of spells or abilities.) Multani's power and toughness are each equal to the total number of cards in all players' hands.,G
"Multani, Yavimaya's Avatar",c37a0136-1c40-4cd1-8787-a25c377c1741,eoc,100,Legendary Creature — Elemental Avatar,"Reach, trample Multani gets +1/+1 for each land you control and each land card in your graveyard. {1}{G}, Return two lands you control to their owner's hand: Return this card from your graveyard to your hand.",G
"Munda, Ambush Leader",d8ee09fe-46d7-492b-a2f3-3fb0c3f83f07,bfz,215,Legendary Creature — Kor Ally,"Haste Rally — Whenever Munda or another Ally you control enters, you may look at the top four cards of your library. If you do, reveal any number of Ally cards from among them, then put those cards on top of your library in any order and the rest on the bottom in any order.",RW
"Muxus, Goblin Grandee",2c716d10-2130-43b7-a939-349d437e1091,jmp,24,Legendary Creature — Goblin Noble,"When Muxus enters, reveal the top six cards of your library. Put all Goblin creature cards with mana value 5 or less from among them onto the battlefield and the rest on the bottom of your library in a random order. Whenever Muxus attacks, it gets +1/+1 until end of turn for each other Goblin you control.",R
"Mu Yanling, Wind Rider",76423446-d62f-4cc5-a23a-3175be88bd73,dft,52,Legendary Creature — Human Wizard Pilot,"When this creature enters, create a 3/2 colorless Vehicle artifact token with crew 1. Vehicles you control have flying. Whenever one or more creatures you control with flying deal combat damage to a player, draw a card.",U
"Muzzio, Visionary Architect",d4af4cc3-bd51-4161-baec-091d729ac820,vma,82,Legendary Creature — Human Artificer,"{3}{U}, {T}: Look at the top X cards of your library, where X is the greatest mana value among artifacts you control. You may put an artifact card from among them onto the battlefield. Put the rest on the bottom of your library in any order.",U
Myojin of Blooming Dawn,afd718b5-040b-4bb7-9f0c-b72373d786d4,nec,31,Legendary Creature — Spirit,Myojin of Blooming Dawn enters with an indestructible counter on it if you cast it from your hand. Remove an indestructible counter from Myojin of Blooming Dawn: Create a 1/1 colorless Spirit creature token for each permanent you control.,W
Myojin of Cleansing Fire,a0570ba0-2877-46f6-acea-6913f8915d6d,chk,35,Legendary Creature — Spirit,Myojin of Cleansing Fire enters with a divinity counter on it if you cast it from your hand. Myojin of Cleansing Fire has indestructible as long as it has a divinity counter on it. Remove a divinity counter from Myojin of Cleansing Fire: Destroy all other creatures.,W
Myojin of Cryptic Dreams,31142a36-3676-4ce4-9f5b-d9252fc30739,nec,33,Legendary Creature — Spirit,Myojin of Cryptic Dreams enters with an indestructible counter on it if you cast it from your hand. Remove an indestructible counter from Myojin of Cryptic Dreams: Copy target permanent spell you control three times. (The copies become tokens.),U
Myojin of Grim Betrayal,3fa18695-e10f-4dd5-b116-8a9891e58c20,nec,34,Legendary Creature — Spirit,Myojin of Grim Betrayal enters with an indestructible counter on it if you cast it from your hand. Remove an indestructible counter from Myojin of Grim Betrayal: Put onto the battlefield under your control all creature cards in all graveyards that were put there from anywhere this turn.,B
Myojin of Infinite Rage,df630ae9-aa17-46e9-95e7-4980f4a76ade,chk,181,Legendary Creature — Spirit,Myojin of Infinite Rage enters with a divinity counter on it if you cast it from your hand. Myojin of Infinite Rage has indestructible as long as it has a divinity counter on it. Remove a divinity counter from Myojin of Infinite Rage: Destroy all lands.,R
Myojin of Life's Web,efb926ad-e762-4883-8841-73e034d8e21e,chk,229,Legendary Creature — Spirit,Myojin of Life's Web enters with a divinity counter on it if you cast it from your hand. Myojin of Life's Web has indestructible as long as it has a divinity counter on it. Remove a divinity counter from Myojin of Life's Web: Put any number of creature cards from your hand onto the battlefield.,G
Myojin of Night's Reach,73bc5505-7fa0-4ebf-a691-b4ca5f52b019,fdn,610,Legendary Creature — Spirit,Myojin of Night's Reach enters with a divinity counter on it if you cast it from your hand. Myojin of Night's Reach has indestructible as long as it has a divinity counter on it. Remove a divinity counter from Myojin of Night's Reach: Each opponent discards their hand.,B
Myojin of Roaring Blades,1b948181-4688-455c-97ae-990d0ec50f1d,nec,36,Legendary Creature — Spirit,Myojin of Roaring Blades enters with an indestructible counter on it if you cast it from your hand. Remove an indestructible counter from Myojin of Roaring Blades: It deals 7 damage to each of up to three targets.,R
Myojin of Seeing Winds,8f5f8d3a-95e7-4dd9-8510-43517eb02693,chk,75,Legendary Creature — Spirit,Myojin of Seeing Winds enters with a divinity counter on it if you cast it from your hand. Myojin of Seeing Winds has indestructible as long as it has a divinity counter on it. Remove a divinity counter from Myojin of Seeing Winds: Draw a card for each permanent you control.,U
Myojin of Towering Might,54803ba5-a2d7-4997-8e76-298aff6e1aff,nec,38,Legendary Creature — Spirit,Myojin of Towering Might enters with an indestructible counter on it if you cast it from your hand. Remove an indestructible counter from Myojin of Towering Might: Distribute eight +1/+1 counters among any number of target creatures you control. They gain trample until end of turn.,G
Myra the Magnificent,5e57baea-00ee-49dc-80ce-a8c11a67a6db,unf,175,Legendary Creature — Human Performer,"Whenever you cast an instant or sorcery spell from your hand, open an Attraction. {X}, {T}: Exile target instant or sorcery card with mana value X from your graveyard and choose an Attraction you control that doesn't have a midway counter on it. Put a midway counter on it. For as long as that Attraction is on the battlefield, whenever you visit it, copy the exiled card. You may cast the copy without paying its mana cost.",RU
"Myrel, Shield of Argive",e632ed57-bb00-4493-adef-7b4805edd7ea,bro,18,Legendary Creature — Human Soldier,"During your turn, your opponents can't cast spells or activate abilities of artifacts, creatures, or enchantments. Whenever Myrel attacks, create X 1/1 colorless Soldier artifact creature tokens, where X is the number of Soldiers you control.",W
"Myrkul, Lord of Bones",82824d05-5215-459a-aa73-3c5a6be3d464,clb,287,Legendary Creature — God,"As long as your life total is less than or equal to half your starting life total, Myrkul has indestructible. Whenever another nontoken creature you control dies, you may exile it. If you do, create a token that's a copy of that card, except it's an enchantment and loses all other card types.",BGW
"Mysterio, Master of Illusion",facbd96f-c088-4377-b740-5e0fe99102bb,spm,37,Legendary Creature — Human Villain,"When Mysterio enters, create a 3/3 blue Illusion Villain creature token for each nontoken Villain you control. Exile those tokens when Mysterio leaves the battlefield.",U
Mythweaver Poq,2cd90255-cfe9-4a2d-86fc-b72d1aefc8e3,ylci,19,Legendary Creature — Cat Shaman,"Mythweaver Poq's power and toughness are each equal to the number of lands you control. Whenever one or more nontoken lands enter under your control, for each of them, conjure a duplicate of it onto the battlefield. This ability triggers only once each turn.",G
"Naban, Dean of Iteration",88f41175-880f-491e-96c3-bf52f3c0db5d,dom,58,Legendary Creature — Human Wizard,"If a Wizard you control entering causes a triggered ability of a permanent you control to trigger, that ability triggers an additional time.",U
"Nadaar, Selfless Paladin",878a0d8c-11c1-4c65-9051-78e036ac496f,afr,27,Legendary Creature — Dragon Knight,"Vigilance Whenever Nadaar enters or attacks, venture into the dungeon. (Enter the first room or advance to the next room.) Other creatures you control get +1/+1 as long as you've completed a dungeon.",W
"Nadier, Agent of the Duskenel",47c5948b-b021-4d07-8003-9c11db690bc0,cmr,135,Legendary Creature — Elf Warrior,"Whenever a token you control leaves the battlefield, put a +1/+1 counter on Nadier. When Nadier leaves the battlefield, create a number of 1/1 green Elf Warrior creature tokens equal to its power. Partner (You can have two commanders if both have partner.)",B
"Nael, Avizoa Aeronaut",5da59e8f-cbe5-4c14-a5a9-28d56048dc23,dmu,207,Legendary Creature — Elf Scout,"Flying Domain — Whenever Nael deals combat damage to a player, look at the top X cards of your library, where X is the number of basic land types among lands you control. Put up to one of them on top of your library and the rest on the bottom in a random order. Then if there are five basic land types among lands you control, draw a card.",GU
"Nagao, Bound by Honor",a45258f4-c36d-46cc-80e8-cc458351e003,chk,36,Legendary Creature — Human Samurai,"Bushido 1 (Whenever this creature blocks or becomes blocked, it gets +1/+1 until end of turn.) Whenever Nagao attacks, Samurai creatures you control get +1/+1 until end of turn.",W
"Nahiri, Forged in Fury",90eb0859-d24e-4703-8930-1cd4ac1fb3b6,mat,36,Legendary Creature — Kor Artificer,"Affinity for Equipment (This spell costs {1} less to cast for each Equipment you control.) Whenever an equipped creature you control attacks, exile the top card of your library. You may play that card this turn. You may cast Equipment spells this way without paying their mana costs.",RW
"Nahiri, the Lithomancer",b074e60a-6f9b-4679-9617-261e2e15e1e8,cmm,45,Legendary Planeswalker — Nahiri,"+2: Create a 1/1 white Kor Soldier creature token. You may attach an Equipment you control to it. −2: You may put an Equipment card from your hand or graveyard onto the battlefield. −10: Create a colorless Equipment artifact token named Stoneforged Blade. It has indestructible, ""Equipped creature gets +5/+5 and has double strike,"" and equip {0}. Nahiri, the Lithomancer can be your commander.",W
"Najal, the Storm Runner",9017ee70-761b-434e-bc44-705cf14336fa,dmu,208,Legendary Creature — Efreet Wizard,"You may cast sorcery spells as though they had flash. Whenever Najal attacks, you may pay {2}. If you do, when you next cast an instant or sorcery spell this turn, copy it. You may choose new targets for the copy.",RU
"Najeela, the Blade-Blossom",5aa5bec9-904f-42fb-9511-4706d6e6767e,omb,24,Legendary Creature — Human Warrior,"Whenever a Warrior attacks, you may have its controller create a 1/1 white Warrior creature token that's tapped and attacking. {W}{U}{B}{R}{G}: Untap all attacking creatures. They gain trample, lifelink, and haste until end of turn. After this phase, there is an additional combat phase. Activate only during combat.",BGRUW
Nalia de'Arnise,7a1294fd-9885-4dfd-8192-0ca074fc83f7,clb,649,Legendary Creature — Human Rogue,"You may look at the top card of your library any time. You may cast Cleric, Rogue, Warrior, and Wizard spells from the top of your library. At the beginning of combat on your turn, if you have a full party, put a +1/+1 counter on each creature you control and those creatures gain deathtouch until end of turn.",BW
"Naomi, Pillar of Order",4400fd66-1a24-47fb-bc94-37e0aae0e610,neo,229,Legendary Creature — Human Advisor,"Whenever Naomi enters or attacks, if you control an artifact and an enchantment, create a 2/2 white Samurai creature token with vigilance.",BW
"Narci, Fable Singer",a98a2fa9-82d6-4cf7-adb4-65b187cd9cda,cmm,710,Legendary Creature — Human Bard,"Lifelink Whenever you sacrifice an enchantment, draw a card. Whenever the final chapter ability of a Saga you control resolves, each opponent loses X life and you gain X life, where X is that Saga's mana value.",BGW
"Nardole, Resourceful Cyborg",03a5c463-6b5c-49c9-84c9-666aa8c19fbf,who,50,Legendary Artifact Creature — Scientist,"{T}: Add {U} for each counter on Nardole. Spend this mana only to cast noncreature spells. Undying (When this creature dies, if it had no +1/+1 counters on it, return it to the battlefield under its owner's control with a +1/+1 counter on it.) Doctor's companion (You can have two commanders if the other is the Doctor.)",U
"Narfi, Betrayer King",421376e4-a4ad-427c-bc9c-d315308dcf68,khm,224,Legendary Snow Creature — Zombie Wizard,Other snow and Zombie creatures you control get +1/+1. {S}{S}{S}: Return this card from your graveyard to the battlefield tapped. ({S} can be paid with one mana from a snow source.),BU
"Narset, Enlightened Exile",827ecc44-0b00-4515-8953-bc91fa03705a,mat,38,Legendary Creature — Human Monk,"Creatures you control have prowess. Whenever Narset attacks, exile target noncreature, nonland card with mana value less than Narset's power from a graveyard and copy it. You may cast the copy without paying its mana cost.",RUW
"Narset, Enlightened Master",de4b0d5f-1071-4030-be16-2b4dadbdf9e9,cmm,931,Legendary Creature — Human Monk,"First strike, hexproof Whenever Narset attacks, exile the top four cards of your library. Until end of turn, you may cast noncreature spells from among those cards without paying their mana costs.",RUW
"Narset, Jeskai Waymaster",6b77cbc1-dbc8-44d9-aa29-15cbb19afecd,tdm,209,Legendary Creature — Human Monk,"At the beginning of your end step, you may discard your hand. If you do, draw cards equal to the number of spells you've cast this turn.",RUW
"Naru Meha, Master Wizard",cf44910a-4e24-4e36-a58e-ae7f463db368,c21,124,Legendary Creature — Human Wizard,"Flash When Naru Meha enters, copy target instant or sorcery spell you control. You may choose new targets for the copy. Other Wizards you control get +1/+1.",U
"Nashi, Illusion Gadgeteer",7cc3c74d-faae-48d0-9ff3-2482739e6087,yotj,24,Legendary Creature — Rat Rogue,"Flash Menace, Ward {2} When Nashi enters, secretly choose a card in your graveyard and conjure a duplicate of it into your hand. If the duplicate isn't a land card, it perpetually gains flash.",BGU
"Nashi, Moon Sage's Scion",1e62de3b-6a41-43e3-93ad-9a1e3894be3b,otc,143,Legendary Creature — Rat Ninja,"Ninjutsu {3}{B} ({3}{B}, Return an unblocked attacker you control to hand: Put this card onto the battlefield from your hand tapped and attacking.) Whenever Nashi deals combat damage to a player, exile the top card of each player's library. Until end of turn, you may play one of those cards. If you cast a spell this way, pay life equal to its mana value rather than paying its mana cost.",B
"Nashi, Moon's Legacy",8ebd7ce4-550d-41ab-8559-97efb234a0a1,mat,39,Legendary Creature — Rat Shaman,"Menace, ward {1} Whenever Nashi attacks, exile up to one target legendary or Rat card from your graveyard and copy it. You may cast the copy. (You still pay its costs. A copy of a permanent spell becomes a token.)",BGU
"Nashi, Searcher in the Dark",0fbf9e1e-43f2-499e-844d-22fc10dbad06,dsk,223,Legendary Creature — Rat Ninja Wizard,"Menace Whenever Nashi deals combat damage to a player, you mill that many cards. You may put any number of legendary and/or enchantment cards from among them into your hand. If you put no cards into your hand this way, put a +1/+1 counter on Nashi.",BU
Nath of the Gilt-Leaf,294ccc67-6fc9-411b-9100-ae6a9b7fadfc,c16,213,Legendary Creature — Elf Warrior,"At the beginning of your upkeep, you may have target opponent discard a card at random. Whenever an opponent discards a card, you may create a 1/1 green Elf Warrior creature token.",BG
"Nazahn, Revered Bladesmith",8f21a5b4-1cfa-466b-8a16-a8b11f20b818,c17,44,Legendary Creature — Cat Artificer,"When Nazahn enters, search your library for an Equipment card and reveal it. If you reveal a card named Hammer of Nazahn this way, put it onto the battlefield. Otherwise, put that card into your hand. Then shuffle. Whenever an equipped creature you control attacks, you may tap target creature defending player controls.",GW
"Nazar, the Velvet Fang",743f4b46-c04d-4431-9510-bc84726d7fd2,j25,43,Legendary Creature — Vampire Warlock,"Menace (This creature can't be blocked except by two or more creatures.) Whenever you gain life, put a feeding counter on Nazar. Whenever Nazar attacks, you may remove three feeding counters from it. If you do, you draw three cards and you lose 3 life.",B
Nebuchadnezzar,1e50afb3-cf9f-4ce3-91ff-84f99860c181,me3,162,Legendary Creature — Human Wizard,"{X}, {T}: Choose a card name. Target opponent reveals X cards at random from their hand. Then that player discards all cards with that name revealed this way. Activate only during your turn.",BU
"Neera, Wild Mage",e5431f73-9a70-47dc-b5d4-7f43e41b878e,clb,288,Legendary Creature — Human Elf Shaman,"Whenever you cast a spell, you may put it on the bottom of its owner's library. If you do, reveal cards from the top of your library until you reveal a nonland card. You may cast that card without paying its mana cost. Then put all revealed cards not cast this way on the bottom of your library in a random order. This ability triggers only once each turn.",RU
"Neerdiv, Devious Diver",070e0081-b0fe-4417-b943-d0496e3b8cd7,j25,36,Legendary Creature — Merfolk Rogue,"Whenever Neerdiv becomes tapped, target player mills cards equal to its power. Whenever you cast a spell from your graveyard or activate an ability of a card in your graveyard, draw a card and put a +1/+1 counter on Neerdiv.",U
"Nefarox, Overlord of Grixis",abc382f3-fdb9-4987-acf4-bf1ac4fd2ef7,m13,103,Legendary Creature — Demon,"Flying Exalted (Whenever a creature you control attacks alone, that creature gets +1/+1 until end of turn.) Whenever Nefarox attacks alone, defending player sacrifices a creature of their choice.",B
"Neheb, Dreadhorde Champion",a8cbc3ba-f552-43fd-a59b-f3d8e3edd12f,dmc,125,Legendary Creature — Zombie Minotaur Warrior,"Trample Whenever Neheb deals combat damage to a player or planeswalker, you may discard any number of cards. If you do, draw that many cards and add that much {R}. Until end of turn, you don't lose this mana as steps and phases end.",R
"Neheb, the Eternal",767c5831-2195-4efa-802d-2ea2e6dabb5b,mkc,158,Legendary Creature — Zombie Minotaur Warrior,"Afflict 3 (Whenever this creature becomes blocked, defending player loses 3 life.) At the beginning of each of your postcombat main phases, add {R} for each 1 life your opponents have lost this turn.",R
"Neheb, the Worthy",7593d5fb-c6b3-4d24-b9d3-97a4378161fd,akh,203,Legendary Creature — Minotaur Warrior,"First strike Other Minotaurs you control have first strike. As long as you have one or fewer cards in hand, Minotaurs you control get +2/+0. Whenever Neheb deals combat damage to a player, each player discards a card.",BR
"Nekusar, the Mindrazer",4afdc65d-3c97-47af-83fa-df340389802e,cmm,349,Legendary Creature — Zombie Wizard,"At the beginning of each player's draw step, that player draws an additional card. Whenever an opponent draws a card, Nekusar deals 1 damage to that player.",BRU
"Nelly Borca, Impulsive Accuser",2ef59aa9-f5e1-413a-869b-d287db95efd0,mkc,4,Legendary Creature — Human Detective,"Vigilance Whenever Nelly Borca attacks, suspect target creature. Then goad all suspected creatures. (A suspected creature has menace and can't block.) Whenever one or more creatures an opponent controls deal combat damage to one or more of your opponents, you and the controller of those creatures each draw a card.",RW
"Nemata, Grove Guardian",d60e3465-46ae-486f-8deb-6e2f1ac71a1b,cmm,307,Legendary Creature — Treefolk,{2}{G}: Create a 1/1 green Saproling creature token. Sacrifice a Saproling: Saproling creatures get +1/+1 until end of turn.,G
"Nemata, Primeval Warden",adcd556d-351f-4faf-9456-0e47def69a69,dmu,209,Legendary Creature — Treefolk,"Reach If a creature an opponent controls would die, exile it instead. When you do, create a 1/1 green Saproling creature token. {G}, Sacrifice a Saproling: Nemata gets +2/+2 until end of turn. {1}{B}, Sacrifice two Saprolings: Draw a card.",BG
"Neriv, Crackling Vanguard",ac552ea3-f521-4c42-a846-21a73364e0ca,tdc,6,Legendary Creature — Spirit Dragon,"Flying, deathtouch When Neriv enters, create two 1/1 red Goblin creature tokens. Whenever Neriv attacks, exile a number of cards from the top of your library equal to the number of differently named tokens you control. During any turn you attacked with a commander, you may play those cards.",BRW
"Neriv, Heart of the Storm",b58112b0-a05c-4b98-b650-fd27ad97789f,tdm,210,Legendary Creature — Spirit Dragon,"Flying If a creature you control that entered this turn would deal damage, it deals twice that much damage instead.",BRW
"Nethroi, Apex of Death",04b9b58f-4c01-48a5-afaf-b8a37165a83f,dmc,163,Legendary Creature — Cat Nightmare Beast,"Mutate {4}{G/W}{B}{B} (If you cast this spell for its mutate cost, put it over or under target non-Human creature you own. They mutate into the creature on top plus all abilities from under it.) Deathtouch, lifelink Whenever this creature mutates, return any number of target creature cards with total power 10 or less from your graveyard to the battlefield.",BGW
"Neva, Stalked by Nightmares",e6f925ab-ade7-4da8-a791-185e098d18f2,woe,209,Legendary Creature — Human Noble,"Menace When Neva enters, return target creature or enchantment card from your graveyard to your hand. Whenever an enchantment you control is put into a graveyard from the battlefield, put a +1/+1 counter on Neva, then scry 1.",BW
"Nevinyrral, Urborg Tyrant",73255848-3112-4508-a66a-d3101a53057e,cmr,287,Legendary Creature — Zombie Wizard,"Hexproof from artifacts, creatures, and enchantments When Nevinyrral enters, create a tapped 2/2 black Zombie creature token for each creature that died this turn. When Nevinyrral dies, you may pay {1}. When you do, destroy all artifacts, creatures, and enchantments.",BUW
"Neyali, Suns' Vanguard",2b5df03d-2463-468b-b444-d946eeb1c96d,onc,2,Legendary Creature — Human Rebel,"Attacking tokens you control have double strike. Whenever one or more tokens you control attack a player, exile the top card of your library. During any turn you attacked with a token, you may play that card.",RW
Neyam Shai Murad,211fdfd5-af23-4a16-a80f-1d9ba5ccd255,40k,135,Legendary Creature — Human Rogue,"Rogue Trader — Whenever Neyam Shai Murad deals combat damage to a player, you may have that player return target permanent card from their graveyard to their hand. If you do, that player chooses a permanent card in your graveyard, then you put it onto the battlefield under your control.",BW
Neyith of the Dire Hunt,0c1eed0f-9692-44c0-b1ad-afa691165d52,jmp,30,Legendary Creature — Human Warrior,"Whenever one or more creatures you control fight or become blocked, draw a card. At the beginning of combat on your turn, you may pay {2}{R/G}. If you do, double target creature's power until end of turn. That creature must be blocked this combat if able. ({R/G} can be paid with either {R} or {G}.)",GR
"Nezahal, Primal Tide",a959b40d-dd8c-49d8-8003-744d0c877b04,cmr,401,Legendary Creature — Elder Dinosaur,"This spell can't be countered. You have no maximum hand size. Whenever an opponent casts a noncreature spell, draw a card. Discard three cards: Exile Nezahal. Return it to the battlefield tapped under its owner's control at the beginning of the next end step.",U
"Niambi, Beloved Protector",da096910-0b1f-4f2d-81e5-a82838ea52a8,ydmu,24,Legendary Creature — Human Cleric,"Flash When Niambi, Beloved Protector enters, if you cast it, choose target nonlegendary creature card in your graveyard that was put there from the battlefield this turn. Return it to the battlefield. It perpetually gains ""Whenever this creature becomes the target of a spell or ability, draw a card. This ability triggers only once each turn.""",UW
"Niambi, Esteemed Speaker",e21827eb-fa49-4784-a86b-aef164a5018e,m21,222,Legendary Creature — Human Cleric,"Flash When Niambi enters, you may return another target creature you control to its owner's hand. If you do, you gain life equal to that creature's mana value. {1}{W}{U}, {T}, Discard a legendary card: Draw two cards.",UW
"Niambi, Faithful Healer",c638677c-2b92-4d0c-b61c-598b5a843844,dom,272,Legendary Creature — Human Cleric,"When Niambi enters, you may search your library and/or graveyard for a card named Teferi, Timebender, reveal it, and put it into your hand. If you search your library this way, shuffle.",UW
"Nicanzil, Current Conductor",5e6f4aba-3500-4fb7-ab78-02f63c03778a,lci,236,Legendary Creature — Merfolk Scout,"Whenever a creature you control explores a land card, you may put a land card from your hand onto the battlefield tapped. Whenever a creature you control explores a nonland card, put a +1/+1 counter on Nicanzil.",GU
"Nick Valentine, Private Eye",0a7c9553-d4a8-4d51-8e8a-8a0ffbdf1715,pip,35,Legendary Artifact Creature — Synth Detective,"Nick Valentine can't be blocked except by artifact creatures. Whenever Nick Valentine or another artifact creature you control dies, you may investigate. (To investigate, create a Clue token. It's an artifact with ""{2}, Sacrifice this token: Draw a card."")",U
Nicol Bolas,8e92ba96-372c-418d-b271-45e1bf5c7af5,a25,209,Legendary Creature — Elder Dragon,"Flying At the beginning of your upkeep, sacrifice Nicol Bolas unless you pay {U}{B}{R}. Whenever Nicol Bolas deals damage to an opponent, that player discards their hand.",BRU
"Nicol Bolas, the Ravager // Nicol Bolas, the Arisen",7b215968-93a6-4278-ac61-4e3e8c3c3943,m19,218,Legendary Creature — Elder Dragon // Legendary Planeswalker — Bolas,,BRU
Nihiloor,a652ac92-4e61-45ec-866e-baafefd355e5,afc,53,Legendary Creature — Horror,"When Nihiloor enters, for each opponent, tap up to one untapped creature you control. When you do, gain control of target creature that player controls with power less than or equal to the tapped creature's power for as long as you control Nihiloor. Whenever you attack with a creature an opponent owns, you gain 2 life and that player loses 2 life.",BUW
"Nikara, Lair Scavenger",00b9ac91-51e4-4653-ac2a-da166a894f2a,c20,3,Legendary Creature — Human Cleric,"Partner with Yannik, Scavenging Sentinel (When this creature enters, target player may put Yannik into their hand from their library, then shuffle.) Menace Whenever another creature you control leaves the battlefield, if it had one or more counters on it, you draw a card and you lose 1 life.",B
"Niko, Light of Hope",91ad013f-de8d-4980-b4b6-c7f91ff495b1,dsk,224,Legendary Creature — Human Wizard,"When Niko enters, create two Shard tokens. (They're enchantments with ""{2}, Sacrifice this token: Scry 1, then draw a card."") {2}, {T}: Exile target nonlegendary creature you control. Shards you control become copies of it until the next end step. Return it to the battlefield under its owner's control at the beginning of the next end step.",UW
Nikya of the Old Ways,0dcdad71-323e-41e0-a1b3-9fd5b753e71c,rna,193,Legendary Creature — Centaur Druid,"You can't cast noncreature spells. Whenever you tap a land for mana, add one mana of any type that land produced.",GR
"Nils, Discipline Enforcer",873f5d0c-7fee-4921-90d3-379c483e2882,c21,20,Legendary Creature — Human Cleric,"At the beginning of your end step, for each player, put a +1/+1 counter on up to one target creature that player controls. Each creature with one or more counters on it can't attack you or planeswalkers you control unless its controller pays {X}, where X is the number of counters on that creature.",W
Nine-Fingers Keene,5480ac0a-883a-4f73-8e7c-56d64be410a3,clb,289,Legendary Creature — Human Rogue,"Menace Ward—Pay 9 life. Whenever Nine-Fingers Keene deals combat damage to a player, look at the top nine cards of your library. You may put a Gate card from among them onto the battlefield. Then if you control nine or more Gates, put the rest into your hand. Otherwise, put the rest on the bottom of your library in a random order.",BGU
"Nin, the Pain Artist",005ad65e-cf0b-48e9-a314-2ebba5a1400c,c17,183,Legendary Creature — Vedalken Wizard,"{X}{U}{R}, {T}: Nin deals X damage to target creature. That creature's controller draws X cards.",RU
"Nissa, Resurgent Animist",248c76d3-b5cb-4582-be17-7cd1d0cb0f58,mat,22,Legendary Creature — Elf Scout,"Landfall — Whenever a land you control enters, add one mana of any color. Then if this is the second time this ability has resolved this turn, reveal cards from the top of your library until you reveal an Elf or Elemental card. Put that card into your hand and the rest on the bottom of your library in a random order.",G
"Nissa, Vastwood Seer // Nissa, Sage Animist",ff0063da-ab6b-499d-8e87-8b34d46f0372,ori,189,Legendary Creature — Elf Scout // Legendary Planeswalker — Nissa,,G
"Nissa, Worldsoul Speaker",a471b306-4941-4e46-a0cb-d92895c16f8a,drc,13,Legendary Creature — Elf Druid,"Landfall — Whenever a land you control enters, you get {E}{E} (two energy counters). You may pay eight {E} rather than pay the mana cost for permanent spells you cast.",G
"Niv-Mizzet, Dracogenius",1b1c4bed-9b6b-42f9-939d-ece0f959a0a3,c17,184,Legendary Creature — Dragon Wizard,"Flying Whenever Niv-Mizzet deals damage to a player, you may draw a card. {U}{R}: Niv-Mizzet deals 1 damage to any target.",RU
"Niv-Mizzet, Guildpact",32a8fda6-8614-45cd-879c-0cb7fa29647e,mkm,220,Legendary Creature — Dragon Avatar,"Flying, hexproof from multicolored Whenever Niv-Mizzet deals combat damage to a player, it deals X damage to any target, target player draws X cards, and you gain X life, where X is the number of different color pairs among permanents you control that are exactly two colors.",BGRUW
"Niv-Mizzet, Parun",86c5c337-d25f-4c3e-9762-09ed0c2d36d7,otc,235,Legendary Creature — Dragon Wizard,"This spell can't be countered. Flying Whenever you draw a card, Niv-Mizzet deals 1 damage to any target. Whenever a player casts an instant or sorcery spell, you draw a card.",RU
Niv-Mizzet Reborn,56a2609d-b535-400b-81d9-72989a33c70f,war,208,Legendary Creature — Dragon Avatar,"Flying When Niv-Mizzet enters, reveal the top ten cards of your library. For each color pair, choose a card that's exactly those colors from among them. Put the chosen cards into your hand and the rest on the bottom of your library in a random order.",BGRUW
"Niv-Mizzet, Supreme",da1ff886-d3c8-43e5-8bf0-ba4f0b259781,mat,40,Legendary Creature — Dragon Avatar,"Flying, hexproof from monocolored Each instant and sorcery card in your graveyard that's exactly two colors has jump-start. (You may cast that card from your graveyard by discarding a card in addition to paying its other costs. Then exile it.)",BGRUW
"Niv-Mizzet, the Firemind",395465b8-f5ed-4668-9e6a-82257150c52c,c20,225,Legendary Creature — Dragon Wizard,"Flying Whenever you draw a card, Niv-Mizzet deals 1 damage to any target. {T}: Draw a card.",RU
"Niv-Mizzet, Visionary",7a69a618-d588-4745-8ede-0ff0a9f356f1,fdn,123,Legendary Creature — Dragon Wizard,"Flying You have no maximum hand size. Whenever a source you control deals noncombat damage to an opponent, you draw that many cards.",RU
Noble Heritage,3e49fd5a-6893-4a06-b835-4bf611c9ada1,clb,35,Legendary Enchantment — Background,"Commander creatures you own have ""When this creature enters and at the beginning of your upkeep, each player may put two +1/+1 counters on a creature they control. For each opponent who does, you gain protection from that player until your next turn."" (You can't be targeted, dealt damage, or enchanted by anything controlled by that player.)",W
"Noctis, Prince of Lucis",1881a66b-956d-4bab-b578-5b2d3407c972,fin,235,Legendary Creature — Human Noble,"Lifelink You may cast artifact spells from your graveyard by paying 3 life in addition to paying their other costs. If you cast a spell this way, that artifact enters with a finality counter on it.",BUW
Nocturno of Myra's Marvels,af1d19cd-e51d-4cee-97ca-1aa646d5bf30,unf,82,Legendary Creature — Vampire Performer,"As Nocturno of Myra's Marvels enters, choose a word with five or more letters. Whenever you cast a spell with the chosen word in its rules text, you draw a card and you lose 2 life. Partner (You can have two commanders if both have partner.)",B
"Nogi, Draco-Zealot",86e576f2-8f9f-4bbf-85c4-b99ecb665412,tdc,226,Legendary Creature — Kobold Shaman,"Dragon spells you cast cost {1} less to cast. Whenever Nogi attacks, if you control three or more Dragons, until end of turn, Nogi becomes a Dragon with base power and toughness 5/5 and gains flying.",R
"Norika Yamazaki, the Poet",09cb553c-58c1-4cfd-b441-297b5f09b263,neo,31,Legendary Creature — Human Samurai,"Vigilance Whenever a Samurai or Warrior you control attacks alone, you may cast target enchantment card from your graveyard this turn.",W
"Norin, Swift Survivalist",49f0fdf4-3881-4327-924f-2c1b67ccda93,dsk,145,Legendary Creature — Human Coward,"Norin can't block. Whenever a creature you control becomes blocked, you may exile it. You may play that card from exile this turn.",R
Norin the Wary,f61ea59a-1db0-4e6b-bcde-19787c76a49b,tsp,171,Legendary Creature — Human Warrior,"When a player casts a spell or a creature attacks, exile Norin. Return it to the battlefield under its owner's control at the beginning of the next end step.",R
Norman Osborn // Green Goblin,d5c53af9-7150-4e78-8771-2de7980aa307,spm,39,Legendary Creature — Human Scientist Villain // Legendary Creature — Goblin Human Villain,,BRU
"Noyan Dar, Roil Shaper",018a66fc-e7aa-42df-a622-50743cb20183,bfz,216,Legendary Creature — Merfolk Ally,"Whenever you cast an instant or sorcery spell, you may put three +1/+1 counters on target land you control. If you do, that land becomes a 0/0 Elemental creature with haste that's still a land.",UW
"Numa, Joraga Chieftain",6ac36353-6bf7-46b1-85cb-87d389138d32,khc,71,Legendary Creature — Elf Warrior,"At the beginning of combat on your turn, you may pay {X}{X}. When you do, distribute X +1/+1 counters among any number of target Elves. Partner (You can have two commanders if both have partner.)",G
"Numot, the Devastator",cb098692-d584-4cbe-a8b9-67bdbf7514bc,cmd,215,Legendary Creature — Dragon,"Flying Whenever Numot deals combat damage to a player, you may pay {2}{R}. If you do, destroy up to two target lands.",RUW
"Nylea, God of the Hunt",f185a734-a32a-4244-88e8-dabafbfd064f,ths,166,Legendary Enchantment Creature — God,"Indestructible As long as your devotion to green is less than five, Nylea isn't a creature. (Each {G} in the mana costs of permanents you control counts toward your devotion to green.) Other creatures you control have trample. {3}{G}: Target creature gets +2/+2 until end of turn.",G
"Nylea, Keen-Eyed",bdf894d4-1a06-4952-a481-22786ab87a73,thb,185,Legendary Enchantment Creature — God,"Indestructible As long as your devotion to green is less than five, Nylea isn't a creature. Creature spells you cast cost {1} less to cast. {2}{G}: Reveal the top card of your library. If it's a creature card, put it into your hand. Otherwise, you may put it into your graveyard.",G
"Nymris, Oona's Trickster",b8cfc97a-3c8a-4d44-846b-7a523dc11878,cmr,288,Legendary Creature — Faerie Knight,"Flash Flying Whenever you cast your first spell during each opponent's turn, look at the top two cards of your library. Put one of those cards into your hand and the other into your graveyard.",BU
Nyssa of Traken,bed41499-759d-4a3b-aabb-c462d5831956,who,51,Legendary Creature — Human Scientist,"You have no maximum hand size. Sonic Booster — Whenever Nyssa of Traken attacks, sacrifice any number of artifacts. When you sacrifice one or more artifacts this way, tap up to that many target creatures and draw that many cards. Doctor's companion (You can have two commanders if the other is the Doctor.)",U
"O'aka, Traveling Merchant",9d860089-fb88-4736-b7f4-b605551bedc8,fic,39,Legendary Creature — Human Citizen,"{T}, Remove a counter from a nonland permanent you control: Draw a card.",U
"Obeka, Brute Chronologist",dbdb335d-3e45-4dd5-9e3e-c50ca0a4dfb6,cmr,289,Legendary Creature — Ogre Wizard,"{T}: The player whose turn it is may end the turn. (Exile all spells and abilities from the stack. The player whose turn it is discards down to their maximum hand size. Damage wears off, and ""this turn"" and ""until end of turn"" effects end.)",BRU
"Obeka, Splitter of Seconds",03415c42-086e-4a2e-9be8-5cdcde83f134,otj,222,Legendary Creature — Ogre Warlock,"Menace Whenever Obeka deals combat damage to a player, you get that many additional upkeep steps after this phase.",BRU
"Ob Nixilis, Captive Kingpin",ddb68233-3683-41bd-9b6e-4f07a1b54244,mat,41,Legendary Creature — Demon,"Flying, trample Whenever one or more opponents each lose exactly 1 life, put a +1/+1 counter on Ob Nixilis. Exile the top card of your library. Until your next end step, you may play that card.",BR
Ob Nixilis of the Black Oath,fb4e4509-ffd8-4fd0-a678-19c9975d571b,cmm,176,Legendary Planeswalker — Nixilis,"+2: Each opponent loses 1 life. You gain life equal to the life lost this way. −2: Create a 5/5 black Demon creature token with flying. You lose 2 life. −8: You get an emblem with ""{1}{B}, Sacrifice a creature: You gain X life and draw X cards, where X is the sacrificed creature's power."" Ob Nixilis of the Black Oath can be your commander.",B
"Ob Nixilis, the Fallen",dc9d3ada-9d0d-489a-89b7-08f53f6601e1,tdc,192,Legendary Creature — Demon,"Landfall — Whenever a land you control enters, you may have target player lose 3 life. If you do, put three +1/+1 counters on Ob Nixilis.",B
"Ob Nixilis, Unshackled",6c727f49-833a-4b79-9946-bfbc6b06999c,2x2,84,Legendary Creature — Demon,"Flying, trample Whenever an opponent searches their library, that player sacrifices a creature of their choice and loses 10 life. Whenever another creature dies, put a +1/+1 counter on Ob Nixilis.",B
"Obosh, the Preypiercer",451507de-9c42-43ee-b9ba-1f69e9aa29d2,iko,228,Legendary Creature — Hellion Horror,"Companion — Your starting deck contains only cards with odd mana values and land cards. (If this card is your chosen companion, you may put it into your hand from outside the game for {3} as a sorcery.) If a source you control with an odd mana value would deal damage to a permanent or player, it deals double that damage to that permanent or player instead.",BR
"Obuun, Mul Daya Ancestor",8319b155-0fba-4d30-9481-bf01afbd3457,znc,2,Legendary Creature — Elf Spirit,"At the beginning of combat on your turn, up to one target land you control becomes an X/X Elemental creature with trample and haste until end of turn, where X is Obuun's power. It's still a land. Landfall — Whenever a land you control enters, put a +1/+1 counter on target creature.",GRW
"Obyra, Dreaming Duelist",63ce03ee-279b-4955-98e3-9ce1990f8b7b,woe,210,Legendary Creature — Faerie Warrior,"Flash Flying Whenever another Faerie you control enters, each opponent loses 1 life.",BU
"Obzedat, Ghost Council",4029c3a0-a999-453a-a838-7adb81e481ee,mm3,176,Legendary Creature — Spirit Advisor,"When Obzedat enters, target opponent loses 2 life and you gain 2 life. At the beginning of your end step, you may exile Obzedat. If you do, return it to the battlefield under its owner's control at the beginning of your next upkeep. It gains haste.",BW
"Octavia, Living Thesis",e9591647-bad3-4015-90d1-1646a9eb4d14,otc,103,Legendary Creature — Elemental Octopus,"This spell costs {8} less to cast if you have eight or more instant and/or sorcery cards in your graveyard. Ward {8} Magecraft — Whenever you cast or copy an instant or sorcery spell, target creature has base power and toughness 8/8 until end of turn.",U
"Odric, Blood-Cursed",81a79f5f-a65a-4b43-b58c-cdfa09cc7855,vow,243,Legendary Creature — Vampire Soldier,"When Odric enters, create X Blood tokens, where X is the number of abilities from among flying, first strike, double strike, deathtouch, haste, hexproof, indestructible, lifelink, menace, reach, trample, and vigilance found among creatures you control. (Count each ability only once.)",RW
"Odric, Lunarch Marshal",1db600b2-9b8b-4c21-8d8b-8033ec680a35,inr,36,Legendary Creature — Human Soldier,"At the beginning of each combat, creatures you control gain first strike until end of turn if a creature you control has first strike. The same is true for flying, deathtouch, double strike, haste, hexproof, indestructible, lifelink, menace, reach, skulk, trample, and vigilance.",W
"Odric, Master Tactician",13bfcec9-a789-41f1-aa3d-4e4cdd7555b2,cmm,46,Legendary Creature — Human Soldier,"First strike (This creature deals combat damage before creatures without first strike.) Whenever Odric and at least three other creatures attack, you choose which creatures block this combat and how those creatures block.",W
"Oglor, Devoted Assistant",7701cd3f-7795-44b4-9cd5-76682b7a2533,ymid,20,Legendary Creature — Homunculus,"At the beginning of your upkeep, look at the top two cards of your library, then put one of them into your graveyard. Whenever a creature card is put into your graveyard from your library or hand, it perpetually gains ""When this card leaves your graveyard, create a tapped 2/2 black Zombie creature token.""",U
"Ognis, the Dragon's Lash",636058c3-bacc-4a66-8988-832ab0cc9be6,snc,210,Legendary Creature — Lizard Warrior,"Haste Whenever a creature you control with haste attacks, create a tapped Treasure token.",BGR
Ohabi Caleria,82003d72-5138-4341-a53a-62b794f2bce1,dmc,36,Legendary Creature — Elf Archer,"Reach Untap all Archers you control during each other player's untap step. Whenever an Archer you control deals damage to a creature, you may pay {2}. If you do, draw a card.",GW
"Ojer Axonil, Deepest Might // Temple of Power",50f8e2b6-98c7-4f28-bb39-e1fbe841f1ee,lci,158,Legendary Creature — God // Land,,R
"Ojer Kaslem, Deepest Growth // Temple of Cultivation",0cbc43a3-8cba-4988-9de1-c89aedd79ada,lci,204,Legendary Creature — God // Land,,G
"Ojer Pakpatiq, Deepest Epoch // Temple of Cyclical Time",a9d71007-bc04-4dff-ad3f-e2c0b5b4400e,lci,67,Legendary Creature — God // Land,,U
"Ojer Taq, Deepest Foundation // Temple of Civilization",1ca79dd4-67fc-496c-96fc-489b039c4932,lci,26,Legendary Creature — God // Land,,W
"Oji, the Exquisite Blade",13129e63-558d-415d-87eb-616868205341,clb,290,Legendary Creature — Human Monk,"When Oji enters, you gain 2 life and scry 2. Whenever you cast your second spell each turn, exile up to one target creature you control, then return it to the battlefield under its owner's control.",UW
"Ojutai, Soul of Winter",7eb90a6b-da46-44ab-88b8-31aaffdee75b,c17,187,Legendary Creature — Dragon,"Flying, vigilance Whenever a Dragon you control attacks, tap target nonland permanent an opponent controls. That permanent doesn't untap during its controller's next untap step.",UW
"O-Kagachi, Vengeful Kami",07a42ae6-c2ca-4028-a364-70c19ce125b3,dmc,164,Legendary Creature — Dragon Spirit,"Flying, trample Whenever O-Kagachi deals combat damage to a player, if that player attacked you during their last turn, exile target nonland permanent that player controls.",BGRUW
"Okaun, Eye of Chaos",d53ee8c0-b27c-4556-b610-ff64edb7a18f,bbd,6,Legendary Creature — Cyclops Berserker,"Partner with Zndrsplt, Eye of Wisdom (When this creature enters, target player may put Zndrsplt into their hand from their library, then shuffle.) At the beginning of combat on your turn, flip a coin until you lose a flip. Whenever a player wins a coin flip, double Okaun's power and toughness until end of turn.",R
Oketra the True,f2cc79cf-d4db-4236-b3e2-fd12662b2a74,akh,21,Legendary Creature — God,"Double strike, indestructible Oketra can't attack or block unless you control at least three other creatures. {3}{W}: Create a 1/1 white Warrior creature token with vigilance.",W
Ol' Buzzbark,5135b251-002b-453d-a4f8-0455617ebb81,ust,134,Legendary Creature — Goblin Warrior,"When Ol' Buzzbark enters, roll X six-sided dice onto the battlefield from a height of at least X inches. For each die, put a number of +1/+1 counters equal to the result on each creature you control that die is touching. For each die, Ol' Buzzbark deals damage equal to the result to each creature an opponent controls that die is touching.",GR
Old Flitterfang,67c77d6f-de14-423c-bf55-0fb289171004,woe,316,Legendary Creature — Rat Faerie,"Flying At the beginning of each end step, if a creature died this turn, create a Food token. (It's an artifact with ""{2}, {T}, Sacrifice this token: You gain 3 life."") {2}{B}, Sacrifice another creature or artifact: Old Flitterfang gets +2/+2 until end of turn.",B
Old Gnawbone,77ceba8b-de19-4db8-b5a7-f5df49bf241f,afr,197,Legendary Creature — Dragon,"Flying Whenever a creature you control deals combat damage to a player, create that many Treasure tokens.",G
Old Man Willow,0362b7c4-fff5-4bc2-b32d-913f85c23cc4,ltr,217,Legendary Creature — Treefolk,"Old Man Willow's power and toughness are each equal to the number of lands you control. Whenever Old Man Willow attacks, you may sacrifice another creature or a token. When you do, target creature an opponent controls gets -2/-2 until end of turn.",BG
Old One Eye,b5aaaee0-9a61-45df-821e-cce516f8de6a,40k,96,Legendary Creature — Tyranid,"Trample Other creatures you control have trample. When Old One Eye enters, create a 5/5 green Tyranid creature token. Fast Healing — At the beginning of your first main phase, you may discard two cards. If you do, return this card from your graveyard to your hand.",G
Old Rutstein,625b8023-2ef1-4b7b-9e48-4f774fee14e0,vow,244,Legendary Creature — Human Peasant,"When Old Rutstein enters and at the beginning of your upkeep, mill a card. If a land card is milled this way, create a Treasure token. If a creature card is milled this way, create a 1/1 green Insect creature token. If a noncreature, nonland card is milled this way, create a Blood token.",BG
Old Stickfingers,329888c6-25d9-4eb9-9308-f979c3859669,dsc,227,Legendary Creature — Horror,"When you cast this spell, reveal cards from the top of your library until you reveal X creature cards. Put all creature cards revealed this way into your graveyard, then put the rest on the bottom of your library in a random order. Old Stickfingers's power and toughness are each equal to the number of creature cards in your graveyard.",BG
"Olivia, Crimson Bride",301dacc9-ef92-4515-b907-a70d6c3fd73e,vow,245,Legendary Creature — Vampire Noble,"Flying, haste Whenever Olivia attacks, return target creature card from your graveyard to the battlefield tapped and attacking. It gains ""When you don't control a legendary Vampire, exile this creature.""",BR
"Olivia, Mobilized for War",7297dd81-8367-42e9-abf9-9227e202e7ae,soi,248,Legendary Creature — Vampire Knight,"Flying Whenever another creature you control enters, you may discard a card. If you do, put a +1/+1 counter on that creature, it gains haste until end of turn, and it becomes a Vampire in addition to its other types.",BR
"Olivia, Opulent Outlaw",55e6c31b-f9e9-4e42-a875-985d99300d9d,otc,2,Legendary Creature — Vampire Assassin,"Flying, lifelink Whenever one or more outlaws you control deal combat damage to a player, create a Treasure token. (Assassins, Mercenaries, Pirates, Rogues, and Warlocks are outlaws.) {3}, Sacrifice two Treasures: Put two +1/+1 counters on each creature you control. Activate only as a sorcery.",BRW
Olivia Voldaren,561d616c-df11-4144-acec-f9fe47efa5c7,inr,246,Legendary Creature — Vampire,Flying {1}{R}: Olivia Voldaren deals 1 damage to another target creature. That creature becomes a Vampire in addition to its other types. Put a +1/+1 counter on Olivia Voldaren. {3}{B}{B}: Gain control of target Vampire for as long as you control Olivia Voldaren.,BR
"Oloro, Ageless Ascetic",abf8df47-405c-42d8-be9e-0f0d0a49589b,c13,203,Legendary Creature — Giant Soldier,"At the beginning of your upkeep, you gain 2 life. Whenever you gain life, you may pay {1}. If you do, draw a card and each opponent loses 1 life. At the beginning of your upkeep, if Oloro is in the command zone, you gain 2 life.",BUW
"Omarthis, Ghostfire Initiate",985e16ac-8e0f-4e2e-9b74-d6a77dddf274,cmm,708,Legendary Creature — Spirit Snake,"Omarthis enters with X +1/+1 counters on it. Whenever you put one or more +1/+1 counters on another colorless creature, you may put a +1/+1 counter on Omarthis. When Omarthis dies, manifest a number of cards from the top of your library equal to the number of counters on it.",
"Omega, Heartless Evolution",9a8eb7e6-0c0b-42d0-aa90-2d3d29bc15aa,fin,236,Legendary Artifact Creature — Robot,"Wave Cannon — When Omega enters, for each opponent, tap up to one target nonland permanent that opponent controls. Put X stun counters on each of those permanents and you gain X life, where X is the number of nonbasic lands you control. (If a permanent with a stun counter would become untapped, remove one from it instead.)",GU
"Omnath, Locus of All",33d94ecf-758b-4f68-a7be-6bf3ff1047f4,mom,249,Legendary Creature — Phyrexian Elemental,"If you would lose unspent mana, that mana becomes black instead. At the beginning of your first main phase, look at the top card of your library. You may reveal that card if it has three or more colored mana symbols in its mana cost. If you do, add three mana in any combination of its colors and put it into your hand. If you don't reveal it, put it into your hand.",BGRUW
"Omnath, Locus of Creation",4e4fb50c-a81f-44d3-93c5-fa9a0b37f617,znr,232,Legendary Creature — Elemental,"When Omnath enters, draw a card. Landfall — Whenever a land you control enters, you gain 4 life if this is the first time this ability has resolved this turn. If it's the second time, add {R}{G}{W}{U}. If it's the third time, Omnath deals 4 damage to each opponent and each planeswalker you don't control.",GRUW
"Omnath, Locus of Mana",acf0cab3-da50-4561-8797-cd179af39216,cmm,310,Legendary Creature — Elemental,You don't lose unspent green mana as steps and phases end. Omnath gets +1/+1 for each unspent green mana you have.,G
"Omnath, Locus of Rage",777552e5-cc2d-460f-b26f-977c6ebcfc6b,eoc,123,Legendary Creature — Elemental,"Landfall — Whenever a land you control enters, create a 5/5 red and green Elemental creature token. Whenever Omnath or another Elemental you control dies, Omnath deals 3 damage to any target.",GR
"Omnath, Locus of the Roil",cb53a29d-2de2-4874-a6f3-0fecbfa14cf2,m20,216,Legendary Creature — Elemental,"When Omnath enters, it deals damage to any target equal to the number of Elementals you control. Landfall — Whenever a land you control enters, put a +1/+1 counter on target Elemental you control. If you control eight or more lands, draw a card.",GRU
"Omo, Queen of Vesuva",e5d1c814-4c22-4917-95ae-dffaf491db32,m3c,2,Legendary Creature — Shapeshifter Noble,"Whenever Omo enters or attacks, put an everything counter on each of up to one target land and up to one target creature. Each land with an everything counter on it is every land type in addition to its other types. Each nonland creature with an everything counter on it is every creature type.",GU
"Oona, Queen of the Fae",fbea42c8-6e9f-499d-9d26-401536afd5c2,znc,98,Legendary Creature — Faerie Wizard,"Flying {X}{U/B}: Choose a color. Target opponent exiles the top X cards of their library. For each card of the chosen color exiled this way, create a 1/1 blue and black Faerie Rogue creature token with flying.",BU
"Opal-Eye, Konda's Yojimbo",e08d5618-4fe0-4ae5-af16-696467aae02d,bok,17,Legendary Creature — Fox Samurai,"Defender (This creature can't attack.) Bushido 1 (Whenever this creature blocks or becomes blocked, it gets +1/+1 until end of turn.) {T}: The next time a source of your choice would deal damage this turn, that damage is dealt to Opal-Eye instead. {1}{W}: Prevent the next 1 damage that would be dealt to Opal-Eye this turn.",W
"Optimus Prime, Hero // Optimus Prime, Autobot Leader",f04ed2cc-aae1-400b-9cc5-5d4e3e3dd714,bot,13,Legendary Artifact Creature — Robot // Legendary Artifact — Vehicle,,RUW
"Orah, Skyclave Hierophant",2336c8bf-fcad-41f9-9041-80b8aa3cd79a,znr,233,Legendary Creature — Kor Cleric,"Lifelink Whenever Orah or another Cleric you control dies, return target Cleric card with lesser mana value from your graveyard to the battlefield.",BW
"Orca, Siege Demon",8511fc1e-cff2-4d6c-b9c3-0a7f70ac3528,dmc,37,Legendary Creature — Demon,"Trample Whenever another creature dies, put a +1/+1 counter on Orca. When Orca dies, it deals damage equal to its power divided as you choose among any number of targets.",BR
"Orcus, Prince of Undeath",91f5c6d3-fb04-4a2e-87b6-9ed2314085a8,afr,229,Legendary Creature — Demon,"Flying, trample When Orcus enters, choose one — • Each other creature gets -X/-X until end of turn. You lose X life. • Return up to X target creature cards with total mana value X or less from your graveyard to the battlefield. They gain haste until end of turn.",BR
"Orim, Samite Healer",7567daf2-343f-4d62-977e-0b3b6001d57a,tpr,21,Legendary Creature — Human Cleric,{T}: Prevent the next 3 damage that would be dealt to any target this turn.,W
"Oriss, Samite Guardian",7a9a3aeb-a316-4b1e-927b-36c3f999f2c3,fut,28,Legendary Creature — Human Cleric,"{T}: Prevent all damage that would be dealt to target creature this turn. Grandeur — Discard another card named Oriss, Samite Guardian: Target player can't cast spells this turn, and creatures that player controls can't attack this turn.",W
"Ormos, Archive Keeper",711412f1-9ab3-48b6-91a4-77232b416a32,jmp,13,Legendary Creature — Sphinx,"Flying If you would draw a card while your library has no cards in it, instead put five +1/+1 counters on Ormos. {1}{U}{U}, Discard three cards with different names: Draw five cards.",U
"Oros, the Avenger",fc4d7aa2-ee1b-435c-8876-44111fafc97a,cma,188,Legendary Creature — Dragon,"Flying Whenever Oros deals combat damage to a player, you may pay {2}{W}. If you do, Oros deals 3 damage to each nonwhite creature.",BRW
"Orthion, Hero of Lavabrink",71dadbb3-7b8a-4656-973f-65a3284afe07,mom,334,Legendary Creature — Human Soldier,"{1}{R}, {T}: Create a token that's a copy of another target creature you control. It gains haste. Sacrifice it at the beginning of the next end step. Activate only as a sorcery. {6}{R}{R}{R}, {T}: Create five tokens that are copies of another target creature you control. They gain haste. Sacrifice them at the beginning of the next end step. Activate only as a sorcery.",R
"Orvar, the All-Form",7f36775e-9e48-49cc-a771-d58481712edc,khm,70,Legendary Creature — Shapeshifter,"Changeling Whenever you cast an instant or sorcery spell, if it targets one or more other permanents you control, create a token that's a copy of one of those permanents. When a spell or ability an opponent controls causes you to discard this card, create a token that's a copy of target permanent.",U
"Osgir, the Reconstructor",5815fe6e-e26b-4918-a090-55d6442722c1,c21,8,Legendary Creature — Giant Artificer,"Vigilance {1}, Sacrifice an artifact: Target creature you control gets +2/+0 until end of turn. {X}, {T}, Exile an artifact card with mana value X from your graveyard: Create two tokens that are copies of the exiled card. Activate only as a sorcery.",RW
"Osgood, Operation Double",d180a882-84d9-4e38-8aed-1fc6ecd1df72,who,191,Legendary Creature — Human Alien Shapeshifter,"When you cast this spell, create a token that's a copy of it, except it isn't legendary. {T}: Add {C}. Spend this mana only to cast an artifact spell or activate an ability of an artifact. Paradox — Whenever you cast a spell from anywhere other than your hand, investigate. (Create a Clue token. It's an artifact with ""{2}, Sacrifice this token: Draw a card."")",U
"Oskar, Rubbish Reclaimer",ed87e25f-9dad-4858-92bc-e859fd2be2a4,ncc,77,Legendary Creature — Human Wizard,"This spell costs {1} less to cast for each different mana value among cards in your graveyard. Whenever you discard a nonland card, you may cast it from your graveyard.",BU
Oswald Fiddlebender,bba1650f-eddf-49a9-820e-489cb8d5b6fa,afr,28,Legendary Creature — Gnome Artificer,"Magical Tinkering — {W}, {T}, Sacrifice an artifact: Search your library for an artifact card with mana value equal to 1 plus the sacrificed artifact's mana value, put it onto the battlefield, then shuffle. Activate only as a sorcery.",W
"Otharri, Suns' Glory",80c72839-0fa6-4b5f-83b7-6553ebf09bef,onc,3,Legendary Creature — Phoenix,"Flying, lifelink, haste Whenever Otharri attacks, you get an experience counter. Then create a 2/2 red Rebel creature token that's tapped and attacking for each experience counter you have. {2}{R}{W}, Tap an untapped Rebel you control: Return this card from your graveyard to the battlefield tapped.",RW
"Othelm, Sigardian Outcast",b867fb22-4f2a-47aa-9432-1bcc5e731947,slx,6,Legendary Creature — Human,"{2}, {T}: Choose target creature card in your graveyard that was put there from the battlefield this turn. Return it to the battlefield tapped. Friends forever (You can have two commanders if both have friends forever.)",GW
"Otrimi, the Ever-Playful",639df7bc-b87d-4bf5-8005-8eabc54e955b,c20,12,Legendary Creature — Nightmare Beast,"Mutate {1}{B}{G}{U} (If you cast this spell for its mutate cost, put it over or under target non-Human creature you own. They mutate into the creature on top plus all abilities from under it.) Trample Whenever this creature deals combat damage to a player, return target creature card with mutate from your graveyard to your hand.",BGU
Overseer of Vault 76,35848917-d658-4c3b-b675-4f0185f76dc4,pip,19,Legendary Creature — Human Advisor,"First Contact — Whenever Overseer of Vault 76 or another creature you control with power 3 or less enters, put a quest counter on Overseer of Vault 76. At the beginning of combat on your turn, you may remove three quest counters from among permanents you control. When you do, put a +1/+1 counter on each creature you control and they gain vigilance until end of turn.",W
"Ovika, Enigma Goliath",54819d7a-eec6-49e6-a0bb-d9d07d42b4a6,fdn,663,Legendary Creature — Phyrexian Nightmare,"Flying Ward—{3}, Pay 3 life. Whenever you cast a noncreature spell, create X 1/1 red Phyrexian Goblin creature tokens, where X is the mana value of that spell. They gain haste until end of turn.",RU
"Oviya, Automech Artisan",ee5f504c-33fc-4a91-b69b-8ef555987c79,dft,173,Legendary Creature — Human Artificer,"Each creature that's attacking one of your opponents has trample. {G}, {T}: You may put a creature or Vehicle card from your hand onto the battlefield. If you put an artifact onto the battlefield this way, put two +1/+1 counters on it.",G
"Oviya Pashiri, Sage Lifecrafter",b7938b15-7585-43fb-897f-a57e820665b3,cmm,311,Legendary Creature — Human Artificer,"{2}{G}, {T}: Create a 1/1 colorless Servo artifact creature token. {4}{G}, {T}: Create an X/X colorless Construct artifact creature token, where X is the number of creatures you control.",G
"Owen Grady, Raptor Trainer",a85a1e4c-af02-4072-872f-956fa74f8aa6,rex,16,Legendary Creature — Human Soldier Scientist,"Partner with Blue, Loyal Raptor {T}: Put your choice of a menace, trample, reach, or haste counter on target Dinosaur. Activate only as a sorcery.",GR
"Oyaminartok, Polar Werebear",a2b767ec-3e0f-473b-b81d-e3f912c464e0,hbg,68,Legendary Creature — Giant Bear,"Oyaminartok, Polar Werebear has hexproof if it hasn't dealt damage yet. Whenever Oyaminartok deals combat damage to a player, create a Food token. {U}, Sacrifice a Food: Draft a card from Oyaminartok's spellbook. When you do, add {U}{U}{U}. Spend this mana only to cast blue creature spells.",GU
"Oyobi, Who Split the Heavens",8f279602-024a-44b6-9a36-465c16363cb5,voc,95,Legendary Creature — Spirit,"Flying Whenever you cast a Spirit or Arcane spell, create a 3/3 white Spirit creature token with flying.",W
"Ozox, the Clattering King",02cf5079-9da8-470d-8eea-00d6aac68d04,j25,44,Legendary Creature — Skeleton Noble,"Ozox can't block. When Ozox dies, create Jumblebones, a legendary 2/1 black Skeleton creature token with ""Jumblebones can't block"" and ""When Jumblebones leaves the battlefield, return target card named Ozox, the Clattering King from your graveyard to your hand.""",B
"Padeem, Consul of Innovation",00a4aef8-64fc-4e9d-adac-ef4c85d40b4a,cmm,109,Legendary Creature — Vedalken Artificer,"Artifacts you control have hexproof. (They can't be the targets of spells or abilities your opponents control.) At the beginning of your upkeep, if you control the artifact with the greatest mana value or tied for the greatest mana value, draw a card.",U
"Pako, Arcane Retriever",066c8f63-52e6-475e-8d27-6ee37e92fc05,c20,13,Legendary Creature — Elemental Dog,"Partner with Haldan, Avid Arcanist Haste Whenever Pako attacks, exile the top card of each player's library and put a fetch counter on each of them. Put a +1/+1 counter on Pako for each noncreature card exiled this way.",GR
"Paladin Danse, Steel Maverick",f0e7ee3a-18f1-4771-86d6-db1e0b2aa542,pip,20,Legendary Artifact Creature — Synth Knight,"Vigilance, lifelink Exile Paladin Danse: Each creature you control that's an artifact or Human gains indestructible until end of turn.",W
Paladin Elizabeth Taggerdy,a24fd14b-cfd1-43db-b155-3187a1063d92,pip,114,Legendary Creature — Human Knight,"Battalion — Whenever Paladin Elizabeth Taggerdy and at least two other creatures attack, draw a card, then you may put a creature card with mana value X or less from your hand onto the battlefield tapped and attacking, where X is Paladin Elizabeth Taggerdy's power.",RW
Palladia-Mors,ede0ce7a-0799-40b9-b725-665dc9c1cede,me3,164,Legendary Creature — Elder Dragon,"Flying, trample At the beginning of your upkeep, sacrifice Palladia-Mors unless you pay {R}{G}{W}.",GRW
"Palladia-Mors, the Ruiner",4663bd13-243e-4b8c-9ca8-158576b58803,m19,219,Legendary Creature — Elder Dragon,"Flying, vigilance, trample Palladia-Mors has hexproof if it hasn't dealt damage yet.",GRW
"Pang Tong, ""Young Phoenix""",f484d47a-fb1d-4746-8f1d-dd9d24e67c1a,ptk,14,Legendary Creature — Human Advisor,"{T}: Target creature gets +0/+2 until end of turn. Activate only during your turn, before attackers are declared.",W
"Pantlaza, Sun-Favored",2524645e-b066-4351-885b-10faa8d819d7,lcc,4,Legendary Creature — Dinosaur,"Whenever Pantlaza or another Dinosaur you control enters, you may discover X, where X is that creature's toughness. Do this only once each turn. (Exile cards from the top of your library until you exile a nonland card with that mana value or less. Cast it without paying its mana cost or put it into your hand. Put the rest on the bottom in a random order.)",GRW
Papalymo Totolymo,0b876b1e-fcf4-4e5c-81b0-1080ac8099ed,fic,90,Legendary Creature — Dwarf Wizard,"Whenever you cast a noncreature spell, Papalymo Totolymo deals 1 damage to each opponent and you gain 1 life. {4}, {T}, Sacrifice Papalymo Totolymo: Each opponent who lost life this turn sacrifices a creature with the greatest power among creatures they control.",BW
Parhelion II,871279e6-9a59-470e-8acc-fd5fe4fda5b3,nec,87,Legendary Artifact — Vehicle,"Flying, first strike, vigilance Whenever Parhelion II attacks, create two 4/4 white Angel creature tokens with flying and vigilance that are attacking. Crew 4 (Tap any number of creatures you control with total power 4 or more: This Vehicle becomes an artifact creature until end of turn.)",W
"Parnesse, the Subtle Brush",36458554-b8b8-4768-a138-eba615b480af,ncc,8,Legendary Creature — Vampire Wizard,"Whenever you or a permanent you control becomes the target of a spell or ability an opponent controls, counter that spell or ability unless that player pays 4 life. Whenever you copy a spell, up to one target opponent may also copy that spell. They may choose new targets for that copy.",BRU
Pashalik Mons,ca20a650-65b0-4714-b7ce-0481af3db377,dmr,133,Legendary Creature — Goblin Warrior,"Whenever Pashalik Mons or another Goblin you control dies, Pashalik Mons deals 1 damage to any target. {3}{R}, Sacrifice a Goblin: Create two 1/1 red Goblin creature tokens.",R
Passionate Archaeologist,bd5bbfa6-e5f4-413d-b132-ebae32d38657,clb,656,Legendary Enchantment — Background,"Commander creatures you own have ""Whenever you cast a spell from exile, this creature deals damage equal to that spell's mana value to target opponent.""",R
Patron of the Akki,18325283-ace8-414b-bf48-2ed36b5a9c24,bok,115,Legendary Creature — Spirit,"Goblin offering (You may cast this spell any time you could cast an instant by sacrificing a Goblin and paying the difference in mana costs between this and the sacrificed Goblin. Mana cost includes color.) Whenever Patron of the Akki attacks, creatures you control get +2/+0 until end of turn.",R
Patron of the Kitsune,102ee72e-5fb8-4059-9dfa-98004e222c27,bok,19,Legendary Creature — Spirit,"Fox offering (You may cast this spell any time you could cast an instant by sacrificing a Fox and paying the difference in mana costs between this and the sacrificed Fox. Mana cost includes color.) Whenever a creature attacks, you may gain 1 life.",W
Patron of the Moon,5e5fcd6f-1653-44bf-a796-4c9ff9adf390,bok,45,Legendary Creature — Spirit,Moonfolk offering (You may cast this spell any time you could cast an instant by sacrificing a Moonfolk and paying the difference in mana costs between this and the sacrificed Moonfolk. Mana cost includes color.) Flying {1}: Put up to two land cards from your hand onto the battlefield tapped.,U
Patron of the Nezumi,61740668-9f85-43ed-aaa0-33ce7101da6e,cm2,72,Legendary Creature — Spirit,"Rat offering (You may cast this spell any time you could cast an instant by sacrificing a Rat and paying the difference in mana costs between this and the sacrificed Rat. Mana cost includes color.) Whenever a permanent is put into an opponent's graveyard, that player loses 1 life.",B
Patron of the Orochi,6d6787c4-170a-45b6-8792-af3ea32ef538,bok,138,Legendary Creature — Spirit,Snake offering (You may cast this spell any time you could cast an instant by sacrificing a Snake and paying the difference in mana costs between this and the sacrificed Snake. Mana cost includes color.) {T}: Untap all Forests and all green creatures. Activate only once each turn.,G
Pavel Maliki,c6627e4c-dc84-4ea0-8f69-dea92f55c943,me3,165,Legendary Creature — Human,{B}{R}: Pavel Maliki gets +1/+0 until end of turn.,BR
"Pearl-Ear, Imperial Advisor",28aef7c8-58b3-463c-91d3-2d1ff8a815ee,mh3,39,Legendary Creature — Fox Advisor,"Lifelink Enchantment spells you cast have affinity for Auras. (They cost {1} less to cast for each Aura you control.) Whenever you cast an Aura spell that targets a modified permanent you control, draw a card. (Equipment, Auras you control, and counters are modifications.)",W
Peregrin Took,f5baee8d-88e7-4468-94a9-66ca8e2caf15,ltr,181,Legendary Creature — Halfling Citizen,"If one or more tokens would be created under your control, those tokens plus an additional Food token are created instead. (It's an artifact with ""{2}, {T}, Sacrifice this token: You gain 3 life."") Sacrifice three Foods: Draw a card.",G
Peri Brown,b2f81beb-4565-4cfe-80a2-456f3d44f461,who,26,Legendary Creature — Human,The first historic spell you cast each turn has convoke. (Your creatures can help cast it. Each creature you tap while casting it pays for {1} or one mana of that creature's color.) Doctor's companion (You can have two commanders if the other is the Doctor.),W
"Perrie, the Pulverizer",d438237b-c6f7-44d0-a3e6-6ec7d7465d33,ncc,5,Legendary Creature — Rhino Soldier,"When Perrie enters, put a shield counter on target creature. (If it would be dealt damage or destroyed, remove a shield counter from it instead.) Whenever Perrie attacks, target creature you control gains trample and gets +X/+X until end of turn, where X is the number of different kinds of counters among permanents you control.",GUW
Peter Parker // Amazing Spider-Man,3ce33422-5dba-4a42-8375-dd8ccc692a7b,spm,10,Legendary Creature — Human Scientist Hero // Legendary Creature — Spider Human Hero,,GUW
"Phabine, Boss's Confidant",f0f238f6-3578-4e16-bfd0-2f5a452e46fe,ncc,9,Legendary Creature — Cat Advisor,"Creature tokens you control have haste. Parley — At the beginning of combat on your turn, each player reveals the top card of their library. For each land card revealed this way, you create a 1/1 green and white Citizen creature token. Then creatures you control get +1/+1 until end of turn for each nonland card revealed this way. Then each player draws a card.",GRW
Phage the Untouchable,d497a5a3-65fb-4c12-b3f2-8ce4cf4e0f6f,cns,120,Legendary Creature — Avatar Minion,"When Phage enters, if you didn't cast it from your hand, you lose the game. Whenever Phage deals combat damage to a creature, destroy that creature. It can't be regenerated. Whenever Phage deals combat damage to a player, that player loses the game.",B
"Pharika, God of Affliction",75ec8548-5790-4eac-8780-cdd126438192,jou,154,Legendary Enchantment Creature — God,"Indestructible As long as your devotion to black and green is less than seven, Pharika isn't a creature. {B}{G}: Exile target creature card from a graveyard. Its owner creates a 1/1 black and green Snake enchantment creature token with deathtouch.",BG
Phelddagrif,493a72f0-2e35-4e06-a1b2-d42d432b9b2c,me1,150,Legendary Creature — Phelddagrif,{G}: Phelddagrif gains trample until end of turn. Target opponent creates a 1/1 green Hippo creature token. {W}: Phelddagrif gains flying until end of turn. Target opponent gains 2 life. {U}: Return Phelddagrif to its owner's hand. Target opponent may draw a card.,GUW
"Phelia, Exuberant Shepherd",55707746-da6e-46e5-a5ca-7ac843fdc38e,mh3,40,Legendary Creature — Dog,"Flash Whenever Phelia attacks, exile up to one other target nonland permanent. At the beginning of the next end step, return that card to the battlefield under its owner's control. If it entered under your control, put a +1/+1 counter on Phelia.",W
"Phenax, God of Deception",8dfcb129-4665-40e4-b5cb-a79f3f40ae5c,bng,152,Legendary Enchantment Creature — God,"Indestructible As long as your devotion to blue and black is less than seven, Phenax isn't a creature. Creatures you control have ""{T}: Target player mills X cards, where X is this creature's toughness.""",BU
"Phlage, Titan of Fire's Fury",e419cd0b-2449-4cc5-9ead-b9e45e271700,mh3,197,Legendary Creature — Elder Giant,"When Phlage enters, sacrifice it unless it escaped. Whenever Phlage enters or attacks, it deals 3 damage to any target and you gain 3 life. Escape—{R}{R}{W}{W}, Exile five other cards from your graveyard. (You may cast this card from your graveyard for its escape cost.)",RW
"Phoebe, Head of S.N.E.A.K.",8d54d145-a570-49cc-bbb0-8c12c168ec23,ust,135,Legendary Creature — Human Spy,"Phoebe can't be blocked by creatures with flavor text. {2}{U}{B}: Phoebe permanently steals target creature's text box. (That creature loses all rules text, flavor text, and watermarks. This creature gains them.)",BU
"Phylath, World Sculptor",e7af88c9-70ca-484c-bddf-b705e0ea7bc7,znr,234,Legendary Creature — Elemental,"When Phylath enters, create a 0/1 green Plant creature token for each basic land you control. Landfall — Whenever a land you control enters, put four +1/+1 counters on target Plant you control.",GR
Pia and Kiran Nalaar,5aab5a55-0aee-4d8e-92b7-92b057a00509,moc,288,Legendary Creature — Human Artificer,"When Pia and Kiran Nalaar enters, create two 1/1 colorless Thopter artifact creature tokens with flying. {2}{R}, Sacrifice an artifact: Pia and Kiran Nalaar deals 2 damage to any target.",R
Pia Nalaar,9d2502c8-bf80-404c-9a9a-b843d355fcaa,c21,177,Legendary Creature — Human Artificer,"When Pia Nalaar enters, create a 1/1 colorless Thopter artifact creature token with flying. {1}{R}: Target artifact creature gets +1/+0 until end of turn. {1}, Sacrifice an artifact: Target creature can't block this turn.",R
"Pia Nalaar, Chief Mechanic",f4b46b1f-0cfe-42cc-aac5-e6912b2f9fd2,drc,2,Legendary Creature — Human Artificer,"Whenever one or more artifact creatures you control deal combat damage to a player, you get {E}{E} (two energy counters). At the beginning of your end step, you may pay one or more {E}. If you do, create an X/X colorless Vehicle artifact token named Nalaar Aetherjet with flying and crew 2, where X is the amount of {E} paid this way.",GRU
"Pia Nalaar, Consul of Revival",0ae89461-4bce-4b49-b875-03afc2469fe7,mat,42,Legendary Creature — Human Artificer,"Thopters you control have haste. Whenever you play a land from exile or cast a spell from exile, create a 1/1 colorless Thopter artifact creature token with flying.",RW
"Pianna, Nomad Captain",90ebb129-aa8d-4107-8e74-0b04525d76e0,cmm,50,Legendary Creature — Human Nomad,"Whenever Pianna attacks, attacking creatures get +1/+1 until end of turn.",W
"Pietra, Crafter of Clowns",c5da5dd8-1e56-4c0a-a18f-f094a1cfe2c9,unf,176,Legendary Creature — Human Clown Artificer,"Haste Robots you control get +1/+1. {R}{W}, {T}, Tell a joke you haven't told this game to someone outside the game: Create a 1/1 white Clown Robot artifact creature token. If that person laughed, the token gains haste until end of turn.",RW
"Piper Wright, Publick Reporter",916bf331-455a-4694-93d3-15dcf6971072,pip,36,Legendary Creature — Human Detective,"Whenever Piper Wright deals combat damage to a player, investigate that many times. (To investigate, create a Clue token. It's an artifact with ""{2}, Sacrifice this token: Draw a card."") Whenever you sacrifice a Clue, put a +1/+1 counter on target creature you control.",U
"Pippa, Duchess of Dice",e2f42b1a-5404-496a-b6e4-98794a4d8bee,und,68,Legendary Creature — Human Noble,"{2}{G}, {T}: Roll a six-sided die. It becomes a green Die creature token with power and toughness each equal to its result. {2}{U}, {T}: Reroll any die. (Activate only any time it makes sense.)",GU
"Pippin, Guard of the Citadel",08b7a4d8-1183-430e-8ea4-016844f33200,ltr,218,Legendary Creature — Halfling Soldier,"Vigilance, ward {1} {T}: Another target creature you control gains protection from the card type of your choice until end of turn. (It can't be blocked, targeted, dealt damage, enchanted, or equipped by anything of that type.)",UW
"Pippin, Warden of Isengard",a0a7a648-125a-4cf4-bf8b-e1773d8723ff,ltc,65,Legendary Creature — Halfling Advisor,"Partner with Merry, Warden of Isengard (When this creature enters, target player may put Merry into their hand from their library, then shuffle.) {1}, {T}: Create a Food token. {T}, Sacrifice four Foods: Other creatures you control get +3/+3 and gain haste until end of turn. Activate only as a sorcery.",BG
"Pir, Imaginative Rascal",5a7241f5-4d69-47fe-b037-95037008184c,bbd,11,Legendary Creature — Human,"Partner with Toothy, Imaginary Friend (When this creature enters, target player may put Toothy into their hand from their library, then shuffle.) If one or more counters would be put on a permanent your team controls, that many plus one of each of those kinds of counters are put on that permanent instead.",G
"Piru, the Volatile",6e82d946-1efb-4253-84ab-93c88d2d1d84,mh2,207,Legendary Creature — Elder Dragon,"Flying, lifelink At the beginning of your upkeep, sacrifice Piru unless you pay {R}{W}{B}. When Piru dies, it deals 7 damage to each nonlegendary creature.",BRW
"Plagon, Lord of the Beach",7f8a6bfe-6033-4f6b-ab45-6b553f8b51a1,j25,37,Legendary Creature — Starfish Wizard,"When Plagon enters, draw a card for each creature you control with toughness greater than its power. {W/U}: Target creature you control assigns combat damage equal to its toughness rather than its power this turn.",UW
Plargg and Nassari,179a0525-a142-46f6-9b5b-06a2fbb25556,mat,18,Legendary Creature — Orc Efreet,"At the beginning of your upkeep, each player exiles cards from the top of their library until they exile a nonland card. An opponent chooses a nonland card exiled this way. You may cast up to two spells from among the other cards exiled this way without paying their mana costs.",R
"Plargg, Dean of Chaos // Augusta, Dean of Order",5bd9b5cf-f018-48af-a081-995ce8ecc539,stx,155,Legendary Creature — Orc Shaman // Legendary Creature — Human Cleric,,RW
"Pol Jamaar, Illusionist",63e806ee-3c32-48bf-97a1-160a74765e76,j25,38,Legendary Creature — Human Illusion Wizard,"Flying When Pol Jamaar enters, choose a creature type. Draw a card for each creature you control of that type.",U
"Polukranos Reborn // Polukranos, Engine of Ruin",47f7d313-8333-41fe-8bfa-c96774dac228,mom,200,Legendary Creature — Hydra // Legendary Creature — Phyrexian Hydra,,GW
"Polukranos, Unchained",87858278-632c-4d82-b3a3-adfc6f2f4fc6,thb,224,Legendary Creature — Zombie Hydra,"Polukranos enters with six +1/+1 counters on it. It escapes with twelve +1/+1 counters on it instead. If damage would be dealt to Polukranos while it has a +1/+1 counter on it, prevent that damage and remove that many +1/+1 counters from it. {1}{B}{G}: Polukranos fights another target creature. Escape—{4}{B}{G}, Exile six other cards from your graveyard.",BG
"Polukranos, World Eater",4979cc1b-9c1a-47e4-ae37-7c41798eb89a,ths,172,Legendary Creature — Hydra,"{X}{X}{G}: Monstrosity X. (If this creature isn't monstrous, put X +1/+1 counters on it and it becomes monstrous.) When Polukranos becomes monstrous, it deals X damage divided as you choose among any number of target creatures your opponents control. Each of those creatures deals damage equal to its power to Polukranos.",G
Popular Entertainer,91844266-8b2f-421f-a944-544c51734e64,clb,192,Legendary Enchantment — Background,"Commander creatures you own have ""Whenever one or more creatures you control deal combat damage to a player, goad target creature that player controls."" (Until your next turn, that creature attacks each combat if able and attacks a player other than you if able.)",R
"Pramikon, Sky Rampart",8569ad47-a243-402d-899f-4e6b17ea4e1e,c19,47,Legendary Creature — Wall,"Flying, defender As Pramikon enters, choose left or right. Each player may attack only the nearest opponent in the chosen direction and planeswalkers controlled by that opponent.",RUW
Prava of the Steel Legion,e9e40e2a-e447-4754-a98b-5521e546781f,cmr,38,Legendary Creature — Cat Soldier,"During your turn, creature tokens you control get +1/+4. {3}{W}: Create a 1/1 white Soldier creature token. Partner (You can have two commanders if both have partner.)",W
"Preston Garvey, Minuteman",22b60168-1e7b-4c80-bb93-6841c1e961bb,pip,8,Legendary Creature — Human Soldier,"At the beginning of combat on your turn, create a green Aura enchantment token named Settlement attached to up to one target land you control. It has enchant land and ""Enchanted land has '{T}: Add one mana of any color.'"" Whenever Preston Garvey attacks, untap each enchanted permanent you control.",GRW
"Preston, the Vanisher",952cb0b3-a6b7-4279-8833-3d8890b2d005,j22,8,Legendary Creature — Rabbit Wizard,"Whenever another nontoken creature you control enters, if it wasn't cast, create a token that's a copy of that creature, except it's a 0/1 white Illusion. {1}{W}, Sacrifice five Illusions: Exile target nonland permanent.",W
Prime Speaker Vannifar,84abfc59-10a7-4cb5-9cdd-81797116c810,rna,195,Legendary Creature — Elf Ooze Wizard,"{T}, Sacrifice another creature: Search your library for a creature card with mana value equal to 1 plus the sacrificed creature's mana value, put that card onto the battlefield, then shuffle. Activate only as a sorcery.",GU
Prime Speaker Zegana,d2f007b0-b578-44f8-be65-cd9e2ac56e09,fdn,664,Legendary Creature — Merfolk Wizard,"Prime Speaker Zegana enters with X +1/+1 counters on it, where X is the greatest power among other creatures you control. When Prime Speaker Zegana enters, draw cards equal to its power.",GU
Prince Imrahil the Fair,7d486def-7c3f-41e9-bb28-4582450a7b9e,ltr,219,Legendary Creature — Human Noble,"Whenever you draw your second card each turn, create a 1/1 white Human Soldier creature token.",UW
Princess Lucrezia,be8f707d-58a6-4e18-a45a-fcfdd1336a64,me3,166,Legendary Creature — Human Wizard,{T}: Add {U}.,BU
Professor Hojo,107ffe2e-47eb-43de-bc9e-c68013b62912,fic,69,Legendary Creature — Human Scientist,"The first activated ability you activate during your turn that targets a creature you control costs {2} less to activate. Whenever one or more creatures you control become the target of an activated ability, draw a card. This ability triggers only once each turn.",G
Progenitus,e77fbc87-d78e-4602-baa0-da9b0d464dfb,fdn,244,Legendary Creature — Hydra Avatar,"Protection from everything If Progenitus would be put into a graveyard from anywhere, reveal Progenitus and shuffle it into its owner's library instead.",BGRUW
Prompto Argentum,4c617bcd-05f8-40c2-bb38-489bc863ce6b,fin,148,Legendary Creature — Human Scout,"Haste Selfie Shot — Whenever you cast a noncreature spell, if at least four mana was spent to cast it, create a Treasure token.",R
"Prosper, Tome-Bound",d743336e-d5c7-4053-a23d-92ec7581f74e,afc,2,Legendary Creature — Tiefling Warlock,"Deathtouch Mystic Arcanum — At the beginning of your end step, exile the top card of your library. Until the end of your next turn, you may play that card. Pact Boon — Whenever you play a card from exile, create a Treasure token.",BR
"Prossh, Skyraider of Kher",889c1a0f-7df2-4497-8058-04358173d7e8,a25,214,Legendary Creature — Dragon,"When you cast this spell, create X 0/1 red Kobold creature tokens named Kobolds of Kher Keep, where X is the amount of mana spent to cast it. Flying Sacrifice another creature: Prossh gets +1/+0 until end of turn.",BGR
Prototype X-8,03955937-efe5-48a8-9372-540ba6e71da9,yeoe,24,Legendary Artifact Creature — Robot Octopus,"This spell costs {1} less to cast for each creature card in your graveyard. Whenever another creature you control enters, if you cast it, sacrifice it. Conjure a duplicate of it onto the battlefield. The duplicate perpetually becomes a Robot artifact in addition to its other types.",BU
"Prowler, Clawed Thief",bd31953a-7259-44e3-a94f-013bda68006d,spm,138,Legendary Creature — Human Rogue Villain,"Menace (This creature can't be blocked except by two or more creatures.) Whenever another Villain you control enters, Prowler connives. (Draw a card, then discard a card. If you discarded a nonland card, put a +1/+1 counter on this creature.)",BU
"Prowler, Misguided Mentor",169fbdcd-5a08-4410-b7d4-fe04ad7891cc,spe,17,Legendary Creature — Human Rogue Villain,"Prowler can't be blocked by creatures with power 2 or less. Whenever Prowler deals combat damage to a player, put a +1/+1 counter on another target creature you control.",G
"Prowl, Stoic Strategist // Prowl, Pursuit Vehicle",f0a3dc50-a5c4-4073-8fec-2f68544bc2a1,bot,1,Legendary Artifact Creature — Robot // Legendary Artifact — Vehicle,,W
"Psemilla, Meletian Poet",431258f5-705e-411d-b396-6992bc84d816,j25,31,Legendary Creature — Human Bard,"Whenever you cast your first enchantment spell each turn, create a 2/2 white Nymph enchantment creature token. At the beginning of each combat, if you control five or more enchantments, Psemilla gets +4/+4 and gains lifelink until end of turn. (Damage dealt by this creature also causes you to gain that much life.)",W
"Purphoros, Bronze-Blooded",af3af5c4-0960-44a2-976e-abdf7803c436,thb,150,Legendary Enchantment Creature — God,"Indestructible As long as your devotion to red is less than five, Purphoros isn't a creature. Other creatures you control have haste. {2}{R}: You may put a red creature card or an artifact creature card from your hand onto the battlefield. Sacrifice it at the beginning of the next end step.",R
"Purphoros, God of the Forge",4736a2c4-c89c-48db-a104-6303e7e2eee8,cmm,246,Legendary Enchantment Creature — God,"Indestructible As long as your devotion to red is less than five, Purphoros isn't a creature. Whenever another creature you control enters, Purphoros deals 2 damage to each opponent. {2}{R}: Creatures you control get +1/+0 until end of turn.",R
Purraj of Urborg,4704bf02-c6be-4983-9bc7-a1d464d21b31,mir,135,Legendary Creature — Cat Warrior,"Purraj has first strike as long as it's attacking. Whenever a player casts a black spell, you may pay {B}. If you do, put a +1/+1 counter on Purraj.",B
"Qala, Ajani's Pridemate",3cf1e9ab-343d-462c-a71e-e12b101aa0b4,j25,32,Legendary Creature — Cat Warrior,"Whenever Qala attacks, other attacking creatures you control get +X/+0 until end of turn, where X is the number of counters on Qala. Whenever you gain life, put a +1/+1 counter on Qala. {3}{W}: You gain 1 life.",W
Queen Allenal of Ruadach,b44b4e8b-7675-4c6a-a16a-92f8b6a0259f,dmu,210,Legendary Creature — Elf Noble,"Queen Allenal of Ruadach's power and toughness are each equal to the number of creatures you control. If one or more creature tokens would be created under your control, those tokens plus a 1/1 white Soldier creature token are created instead.",GW
Queen Brahne,c38c98bb-74c9-460f-9997-ea5c5f922347,fin,149,Legendary Creature — Human Noble,"Prowess Whenever Queen Brahne attacks, create a 0/1 black Wizard creature token with ""Whenever you cast a noncreature spell, this token deals 1 damage to each opponent.""",R
Queen Kayla bin-Kroog,685c9767-eaa7-4e16-b245-816181e2fc36,bro,218,Legendary Creature — Human Noble,"{4}, {T}: Discard all the cards in your hand, then draw that many cards. You may choose an artifact or creature card with mana value 1 you discarded this way, then do the same for artifact or creature cards with mana values 2 and 3. Return those cards to the battlefield. Activate only as a sorcery.",RW
Queen Marchesa,0fdae05f-7bdc-45fb-b9b9-e5ec3766f965,otc,239,Legendary Creature — Human Assassin,"Deathtouch, haste When Queen Marchesa enters, you become the monarch. At the beginning of your upkeep, if an opponent is the monarch, create a 1/1 black Assassin creature token with deathtouch and haste.",BRW
Questing Beast,e41cf82d-3213-47ce-a015-6e51a8b07e4f,eld,171,Legendary Creature — Beast,"Vigilance, deathtouch, haste Questing Beast can't be blocked by creatures with power 2 or less. Combat damage that would be dealt by creatures you control can't be prevented. Whenever Questing Beast deals combat damage to an opponent, it deals that much damage to target planeswalker that player controls.",G
"Queza, Augur of Agonies",7edb7a26-82be-4efd-9a5c-a3816e1ee2d6,snc,212,Legendary Creature — Octopus Advisor,"Whenever you draw a card, target opponent loses 1 life and you gain 1 life.",BUW
"Quickbeam, Upstart Ent",b889037f-b95f-4756-80aa-04097d2818c3,ltr,183,Legendary Creature — Treefolk,"Whenever Quickbeam or another Treefolk you control enters, up to two target creatures each get +2/+2 and gain trample until end of turn.",G
"Quina, Qu Gourmet",4f352b5e-9731-4a8e-b872-db5d3bf32211,fin,194,Legendary Creature — Qu,"If one or more tokens would be created under your control, those tokens plus a 1/1 green Frog creature token are created instead. {2}, Sacrifice a Frog: Put a +1/+1 counter on Quina.",G
"Quintorius, Field Historian",06c55ef1-8e62-4d43-bd4c-b2c3c5203338,stx,220,Legendary Creature — Elephant Cleric,"Spirits you control get +1/+0. Whenever one or more cards leave your graveyard, create a 3/2 red and white Spirit creature token.",RW
"Quintorius, Loremaster",a19b152c-8376-42f9-9daf-e139dc29c9ca,mom,250,Legendary Creature — Elephant Cleric,"Vigilance At the beginning of your end step, exile target noncreature, nonland card from your graveyard. Create a 3/2 red and white Spirit creature token. {1}{R}{W}, {T}, Sacrifice a Spirit: Choose target card exiled with Quintorius. You may cast that card this turn without paying its mana cost. If that spell would be put into a graveyard, put it on the bottom of its owner's library instead.",RW
Quistis Trepe,61784cbd-92e9-43c7-a1a8-4004b1bf4dae,fin,66,Legendary Creature — Human Wizard,"Blue Magic — When Quistis Trepe enters, you may cast target instant or sorcery card from a graveyard, and mana of any type can be spent to cast that spell. If that spell would be put into a graveyard, exile it instead.",U
Radagast the Brown,b3988120-ebbe-4d24-9bb4-8c5331a14034,ltr,184,Legendary Creature — Avatar Wizard,"Whenever Radagast or another nontoken creature you control enters, look at the top X cards of your library, where X is that creature's mana value. You may reveal a creature card that doesn't share a creature type with a creature you control from among those cards and put it into your hand. Put the rest on the bottom of your library in a random order.",G
"Radagast, Wizard of Wilds",9573ee62-4fdf-4fca-90e2-10a7d8161764,ltc,66,Legendary Creature — Avatar Wizard,"Ward {1} Beasts and Birds you control have ward {1}. Whenever you cast a spell with mana value 5 or greater, choose one — • Create a 3/3 green Beast creature token. • Create a 2/2 blue Bird creature token with flying.",GU
"Raddic, Tal Zealot",06aac933-a8e4-4cfb-aac2-fe9c23baec61,ybro,22,Legendary Creature — Human Knight,"Hexproof from white and from black Whenever one or more Knights you control attack, draft a card from Raddic, Tal Zealot's spellbook.",BW
"Radha, Coalition Warlord",2cec235e-7ce0-4947-b221-a555b2c865bd,dmu,211,Legendary Creature — Elf Warrior,"Domain — Whenever Radha becomes tapped, another target creature you control gets +X/+X until end of turn, where X is the number of basic land types among lands you control.",GR
"Radha, Heart of Keld",2bbd37b1-49cb-4295-9a1f-fb85368a8f12,m21,224,Legendary Creature — Elf Warrior,"During your turn, Radha has first strike. You may look at the top card of your library any time, and you may play lands from the top of your library. {4}{R}{G}: Radha gets +X/+X until end of turn, where X is the number of lands you control.",GR
"Radha, Heir to Keld",ecb7c19a-b4af-405d-b016-a546ed12a99d,dmr,196,Legendary Creature — Elf Warrior,"Whenever Radha attacks, you may add {R}{R}. {T}: Add {G}.",GR
"Radiant, Archangel",4d976c91-2377-470a-8129-eeb716451252,vma,40,Legendary Creature — Angel,"Flying, vigilance Radiant gets +1/+1 for each other creature on the battlefield with flying.",W
"Radiant, Serra Archangel",38b00110-e3de-40ce-b2bd-9466fe9e53a3,cmr,40,Legendary Creature — Angel,Flying Tap another untapped creature you control with flying: Radiant gains protection from the color of your choice until end of turn. Partner (You can have two commanders if both have partner.),W
"Raff Capashen, Ship's Mage",c681e33b-3d60-4aaa-8186-51866d8b79d1,cmm,351,Legendary Creature — Human Wizard,"Flash Flying You may cast historic spells as though they had flash. (Artifacts, legendaries, and Sagas are historic.)",UW
"Raffine, Scheming Seer",716a44b4-f6b0-4f14-a270-6442aed3251f,snc,213,Legendary Creature — Sphinx Demon,"Flying, ward {1} Whenever you attack, target attacking creature connives X, where X is the number of attacking creatures. (Draw X cards, then discard X cards. Put a +1/+1 counter on that creature for each nonland card discarded this way.)",BUW
"Raff, Weatherlight Stalwart",cc0cba4c-d9f0-421f-acf4-ab1adcd59c80,dmu,212,Legendary Creature — Human Wizard,"Whenever you cast an instant or sorcery spell, you may tap two untapped creatures you control. If you do, draw a card. {3}{W}{W}: Creatures you control get +1/+1 and gain vigilance until end of turn.",UW
Rafiq of the Many,ebdd967d-b364-47ad-a1c2-49b155f72c5b,cmm,352,Legendary Creature — Human Knight,"Exalted (Whenever a creature you control attacks alone, that creature gets +1/+1 until end of turn.) Whenever a creature you control attacks alone, it gains double strike until end of turn.",GUW
"Ragavan, Nimble Pilferer",a9738cda-adb1-47fb-9f4c-ecd930228c4d,mh2,138,Legendary Creature — Monkey Pirate,"Whenever Ragavan deals combat damage to a player, create a Treasure token and exile the top card of that player's library. Until end of turn, you may cast that card. Dash {1}{R} (You may cast this spell for its dash cost. If you do, it gains haste, and it's returned from the battlefield to its owner's hand at the beginning of the next end step.)",R
"Raggadragga, Goreguts Boss",1166ce2a-4e0b-4a57-929d-566f461a6282,clb,291,Legendary Creature — Human Boar,"Each creature you control with a mana ability gets +2/+2. Whenever a creature you control with a mana ability attacks, untap it. Whenever you cast a spell, if at least seven mana was spent to cast it, untap target creature. It gets +7/+7 and gains trample until end of turn.",GR
Ragnar,0a96bd0c-7b04-45ea-9b6f-e827a64a1bad,me3,167,Legendary Creature — Human Cleric,"{G}{W}{U}, {T}: Regenerate target creature.",GUW
"Ragost, Deft Gastronaut",011374c3-f69d-4573-8c32-5bd0fe083d6a,eoe,224,Legendary Creature — Lobster Citizen,"Artifacts you control are Foods in addition to their other types and have ""{2}, {T}, Sacrifice this artifact: You gain 3 life."" {1}, {T}, Sacrifice a Food: Ragost deals 3 damage to each opponent. At the beginning of each end step, if you gained life this turn, untap Ragost.",RW
"Rahilda, Wanted Cutthroat // Rahilda, Feral Outlaw",2f986406-bfe3-4e59-bcb6-839ef5f1fbc4,ymid,42,Legendary Creature — Human Werewolf // Legendary Creature — Werewolf,,R
Raised by Giants,11c93414-935e-462b-ad89-27ca21d01bf9,clb,250,Legendary Enchantment — Background,Commander creatures you own have base power and toughness 10/10 and are Giants in addition to their other types.,G
"Raiyuu, Storm's Edge",37748b74-0eda-4b20-a08f-faa418adb9ff,neo,232,Legendary Creature — Human Samurai,"First strike Whenever a Samurai or Warrior you control attacks alone, untap it. If it's the first combat phase of the turn, there is an additional combat phase after this phase.",RW
"Rakdos, Lord of Riots",3d0d5a41-8251-437c-a4a0-3b712281ebb0,dsc,230,Legendary Creature — Demon,"You can't cast Rakdos unless an opponent lost life this turn. Flying, trample Creature spells you cast cost {1} less to cast for each 1 life your opponents have lost this turn.",BR
"Rakdos, Patron of Chaos",cc6fd2d5-8eb2-4265-a1bf-d4ae635285af,mkm,224,Legendary Creature — Demon,"Flying, trample At the beginning of your end step, target opponent may sacrifice two nonland, nontoken permanents of their choice. If they don't, you draw two cards.",BR
Rakdos the Defiler,5a4c4be4-06ae-4737-a3b0-818edadaf2e0,dis,129,Legendary Creature — Demon,"Flying, trample Whenever Rakdos attacks, sacrifice half the non-Demon permanents you control, rounded up. Whenever Rakdos deals combat damage to a player, that player sacrifices half the non-Demon permanents they control of their choice, rounded up.",BR
"Rakdos, the Muscle",bb34babd-1b85-4a7d-a066-a8337805056e,otj,226,Legendary Creature — Demon Mercenary,"Flying, trample Whenever you sacrifice another creature, exile cards equal to its mana value from the top of target player's library. Until your next end step, you may play those cards, and mana of any type can be spent to cast those spells. Sacrifice another creature: Rakdos gains indestructible until end of turn. Tap it. Activate only once each turn.",BR
"Rakdos, the Showstopper",210d07ab-7608-4fda-adb6-562cf194192f,clu,205,Legendary Creature — Demon,"Flying, trample When Rakdos enters, flip a coin for each creature that isn't a Demon, Devil, or Imp. Destroy each creature whose coin comes up tails.",BR
Rakka Mar,cd36b274-5b76-44ec-8d62-069b08debe89,cmm,247,Legendary Creature — Human Shaman,"Haste {R}, {T}: Create a 3/1 red Elemental creature token with haste.",R
Raksha Golden Cub,8736fd50-312e-47e2-8337-997c2acf48d9,c17,69,Legendary Creature — Cat Soldier,"Vigilance As long as Raksha Golden Cub is equipped, Cat creatures you control get +2/+2 and have double strike.",W
"Ral, Monsoon Mage // Ral, Leyline Prodigy",438d8a26-ddc9-4829-8aff-22d6af6575cf,mh3,247,Legendary Creature — Human Wizard // Legendary Planeswalker — Ral,,RU
Ramirez DePietro,c9890742-f1cb-41fd-bf14-297b3ca88b93,me3,168,Legendary Creature — Human Pirate,First strike,BU
"Ramirez DePietro, Pillager",11a4e199-faa9-4c41-863d-92170c8f20cc,lcc,285,Legendary Creature — Human Pirate,"When Ramirez DePietro enters, you lose 2 life and create two Treasure tokens. Whenever one or more Pirates you control deal combat damage to a player, exile the top card of that player's library. You may cast that card for as long as it remains exiled.",BU
"Ramos, Dragon Engine",8f95f753-bbaa-4282-9cd9-f1737136fc9e,fdn,678,Legendary Artifact Creature — Dragon,"Flying Whenever you cast a spell, put a +1/+1 counter on Ramos for each of that spell's colors. Remove five +1/+1 counters from Ramos: Add {W}{W}{U}{U}{B}{B}{R}{R}{G}{G}. Activate only once each turn.",BGRUW
"Ramses, Assassin Lord",9e5f168c-4f56-4d06-bef1-db10fdfbe657,dmc,39,Legendary Creature — Human Assassin,"Deathtouch Other Assassins you control get +1/+1. Whenever a player loses the game, if they were attacked this turn by an Assassin you controlled, you win the game.",BU
Ramses Overdark,61bb42b2-327b-47d3-9fe3-76c029d91ee9,me3,169,Legendary Creature — Human Assassin,{T}: Destroy target enchanted creature.,BU
Ranar the Ever-Watchful,1c8c41dd-8551-4ce8-a9be-9b9f65718852,khc,2,Legendary Creature — Spirit Warrior,"Flying, vigilance The first card you foretell each turn costs {0} to foretell. Whenever one or more cards are put into exile from your hand or a spell or ability you control exiles one or more permanents from the battlefield, create a 1/1 white Spirit creature token with flying.",UW
Rankle and Torbran,d92c191e-329c-41f5-ae4f-1bb91fc001a0,mom,252,Legendary Creature — Faerie Dwarf,"Flying, first strike, haste Whenever Rankle and Torbran deals combat damage to a player or battle, choose any number — • Each player creates a Treasure token. • Each player sacrifices a creature of their choice. • If a source would deal damage to a player or battle this turn, it deals that much damage plus 2 instead.",BR
"Rankle, Master of Pranks",4821d865-2a46-4611-ab93-1a9fdde08302,otc,148,Legendary Creature — Faerie Rogue,"Flying, haste Whenever Rankle deals combat damage to a player, choose any number — • Each player discards a card. • Each player loses 1 life and draws a card. • Each player sacrifices a creature of their choice.",B
"Rankle, Pitiless Trickster",5e2338a6-a9de-4908-ae8e-4f8b4d8d4474,yotj,11,Legendary Creature — Faerie Rogue,"Flying Rankle has lifelink and haste as long as an opponent controls no creatures. When Rankle enters, you may pay 1 life. When you do, each player discards a card and sacrifices a creature. Whenever a player discards a card, Rankle perpetually gets +1/+0.",B
"Raphael, Fiendish Savior",cc6902a4-2db0-47fe-ace8-0c890675bf19,clb,292,Legendary Creature — Devil Noble,"Flying Other Demons, Devils, Imps, and Tieflings you control get +1/+1 and have lifelink. At the beginning of each end step, if a creature card was put into your graveyard from anywhere this turn, create a 1/1 red Devil creature token with ""When this token dies, it deals 1 damage to any target.""",BR
"Rasaad, Monk of Selûne",2bbac57a-c5ce-4221-93b8-4fa5efe7220a,hbg,4,Legendary Creature — Human Monk,"Specialize {5} When Rasaad, Monk of Selûne enters, exile target creature an opponent controls until this creature leaves the battlefield.",W
Rasaad yn Bashir,f6597ec7-0fc8-4aa5-a8a6-ea5f95f4ce15,clb,37,Legendary Creature — Human Monk,"Each creature you control assigns combat damage equal to its toughness rather than its power. Whenever Rasaad yn Bashir attacks, if you have the initiative, double the toughness of each creature you control until end of turn. Choose a Background (You can have a Background as a second commander.)",W
"Rashel, Fist of Torm",12401fc7-3332-48e5-b38a-efaae29b3ee1,slx,24,Legendary Creature — Human Knight,"Double strike Auras you control have exalted. (Whenever a creature you control attacks alone, it gets +1/+1 until end of turn for each instance of exalted among permanents you control.)",W
Rashida Scalebane,ebb48053-da60-477a-b1eb-a9ab9ea682af,mir,35,Legendary Creature — Human Soldier,{T}: Destroy target attacking or blocking Dragon. It can't be regenerated. You gain life equal to its power.,W
Rashka the Slayer,ddf30363-9db2-44c5-8c13-dbf1aaa8c86b,hml,12,Legendary Creature — Human Archer,"Reach (This creature can block creatures with flying.) Whenever Rashka blocks one or more black creatures, Rashka gets +1/+2 until end of turn.",W
Rashmi and Ragavan,30b2f2fd-8087-4fa8-9eb7-bf9b89a5dfb9,moc,8,Legendary Creature — Elf Monkey,"Whenever you cast your first spell during each of your turns, exile the top card of target opponent's library and create a Treasure token. Then you may cast the exiled card without paying its mana cost if it's a spell with mana value less than the number of artifacts you control. If you don't cast it this way, you may cast it this turn.",GRU
"Rashmi, Eternities Crafter",e553935f-d8d8-4b98-ab4a-5a2eea3f3626,dsc,231,Legendary Creature — Elf Druid,"Whenever you cast your first spell each turn, reveal the top card of your library. You may cast it without paying its mana cost if it's a spell with lesser mana value. If you don't cast it, put it into your hand.",GU
Rasputin Dreamweaver,78418809-f048-4611-88cb-369f427d9c44,me3,170,Legendary Creature — Human Wizard,"Rasputin enters with seven dream counters on it. Remove a dream counter from Rasputin: Add {C}. Remove a dream counter from Rasputin: Prevent the next 1 damage that would be dealt to Rasputin this turn. At the beginning of your upkeep, if Rasputin started the turn untapped, put a dream counter on it. Rasputin can't have more than seven dream counters on it.",UW
"Rasputin, the Oneiromancer",7f0f171a-2929-4d95-9829-d0e885622e04,dmc,40,Legendary Creature — Human Wizard,"When Rasputin enters, put a dream counter on it for each opponent you have. Each opponent creates a 1/1 red Goblin creature token. {T}, Remove one or more dream counters from Rasputin: Add that much {C}. {T}, Remove a dream counter from Rasputin: Create a 2/2 white Knight creature token with protection from red.",UW
"Rassilon, the War President",564120cb-dbe5-4a28-947c-d79ad3123152,who,150,Legendary Creature — Time Lord Noble,"At the beginning of your upkeep, you lose 2 life and exile the top card of your library. You may play that card for as long as it remains exiled. Each noncreature spell you cast from exile has conspire. (As you cast that spell, you may tap two untapped creatures you control that share a color with it. When you do, copy it and you may choose new targets for the copy.)",BU
Ratadrabik of Urborg,9315812d-03e8-4eb4-a693-e7adf281f7fb,dmu,213,Legendary Creature — Zombie Wizard,"Vigilance, ward {2} Other Zombies you control have vigilance. Whenever another legendary creature you control dies, create a token that's a copy of that creature, except it's not legendary and it's a 2/2 black Zombie in addition to its other colors and types.",BW
"Ratchet, Field Medic // Ratchet, Rescue Racer",c23a2d6b-43c2-4756-94c7-207cc344f0a7,bot,2,Legendary Artifact Creature — Robot // Legendary Artifact — Vehicle,,W
Ratonhnhaké꞉ton,2b16a212-602c-4839-9e34-fc5c5b0388f0,acr,62,Legendary Creature — Human Assassin,"As long as Ratonhnhaké꞉ton hasn't dealt damage yet, it has hexproof and can't be blocked. Whenever Ratonhnhaké꞉ton deals combat damage to a player, create a 1/1 black Assassin creature token with menace. When you do, return target Equipment card from your graveyard to the battlefield, then attach it to that token.",BUW
"Raubahn, Bull of Ala Mhigo",7035d11b-525f-4120-8dcb-610095196681,fin,151,Legendary Creature — Human Warrior,"Ward—Pay life equal to Raubahn's power. Whenever Raubahn attacks, attach up to one target Equipment you control to target attacking creature.",R
"Raul, Trouble Shooter",3b73a314-b197-4954-a242-7d9096a406c1,pip,115,Legendary Creature — Zombie Mutant Rogue,"Once during each of your turns, you may cast a spell from among cards in your graveyard that were milled this turn. {T}: Each player mills a card. (They each put the top card of their library into their graveyard.)",BU
"Ravos, Soultender",f2725635-8f90-4d17-9568-51218ba663c1,c16,39,Legendary Creature — Human Cleric,"Flying Other creatures you control get +1/+1. At the beginning of your upkeep, you may return target creature card from your graveyard to your hand. Partner (You can have two commanders if both have partner.)",BW
"Rayami, First of the Fallen",6997ad62-f34c-4490-aee4-6d5c08e14709,c19,48,Legendary Creature — Vampire,"If a nontoken creature would die, exile that card with a blood counter on it instead. As long as an exiled creature card with a blood counter on it has flying, Rayami has flying. The same is true for first strike, double strike, deathtouch, haste, hexproof, indestructible, lifelink, menace, protection, reach, trample, and vigilance.",BGU
"Rayne, Academy Chancellor",8ee6480c-7697-47e2-893b-ca88c0ab3376,uds,43,Legendary Creature — Human Wizard,"Whenever you or a permanent you control becomes the target of a spell or ability an opponent controls, you may draw a card. You may draw an additional card if Rayne is enchanted.",U
"Razaketh, the Foulblooded",d6bb956d-0df6-4910-9320-55f2c5674d98,cmm,181,Legendary Creature — Demon,"Flying, trample Pay 2 life, Sacrifice another creature: Search your library for a card, put that card into your hand, then shuffle.",B
"Razia, Boros Archangel",87e80447-9572-43a7-8487-3249cd9ce596,hop,92,Legendary Creature — Angel,"Flying, vigilance, haste {T}: The next 3 damage that would be dealt to target creature you control this turn is dealt to another target creature instead.",RW
Reaper King,502740bf-0bff-4358-8996-1a27e5f0343f,shm,260,Legendary Artifact Creature — Scarecrow,"({2/W} can be paid with any two mana or with {W}. This card's mana value is 10.) Other Scarecrow creatures you control get +1/+1. Whenever another Scarecrow you control enters, destroy target permanent.",BGRUW
"Rebbec, Architect of Ascension",46975250-950f-4f5d-a7c5-f61aec8e40ad,cmr,42,Legendary Creature — Human Artificer,Artifacts you control have protection from each mana value among artifacts you control. Partner (You can have two commanders if both have partner.),W
"Red Death, Shipwrecker",edf616fa-b9a0-4f7a-b7ee-32ce3a08d466,pip,116,Legendary Creature — Crab Mutant,"Alluring Eyes — {T}: Goad target creature an opponent controls. That player draws a card. You add {R}. (Until your next turn, that creature attacks each combat if able and attacks a player other than you if able.)",RU
"Redshift, Rocketeer Chief",5fba3820-32ba-47e9-9fa8-f985ff471b3f,dft,218,Legendary Creature — Goblin Pilot,"Vigilance {T}: Add X mana of any one color, where X is Redshift's power. Spend this mana only to activate abilities. Exhaust — {10}{R}{G}: Put any number of permanent cards from your hand onto the battlefield. (Activate each exhaust ability only once.)",GR
"Red XIII, Proud Warrior",10407b26-be28-4628-9567-746681e5c834,fic,91,Legendary Creature — Beast Warrior,"Vigilance, trample Other modified creatures you control have vigilance and trample. (Equipment, Auras you control, and counters are modifications.) Cosmo Memory — When Red XIII enters, return target Aura or Equipment card from your graveyard to your hand.",GR
"Reezug, the Bonecobbler",1586ead9-4045-4f72-b68d-bef8d496f27c,ydmu,10,Legendary Creature — Spirit Artificer,{T}: Target creature card in your graveyard perpetually becomes an artifact. You may cast that card this turn. (It loses all other card types.),B
"Regna, the Redeemer",0c2bf475-9845-40ed-9f55-669325fb6183,bbd,3,Legendary Creature — Angel,"Partner with Krav, the Unredeemed (When this creature enters, target player may put Krav into their hand from their library, then shuffle.) Flying At the beginning of each end step, if your team gained life this turn, create two 1/1 white Warrior creature tokens.",W
"Reidane, God of the Worthy // Valkmira, Protector's Shield",3606519e-5677-4c21-a34e-be195b6669fa,khm,21,Legendary Creature — God // Legendary Artifact,,W
"Reki, the History of Kamigawa",86317339-5a39-41eb-8aee-5ea926da8cd4,sok,142,Legendary Creature — Human Shaman,"Whenever you cast a legendary spell, draw a card.",G
"Rem Karolus, Stalwart Slayer",b31e307a-9689-4e11-8c5f-96b7a4b50bed,mid,235,Legendary Creature — Human Knight,"Flying, haste If a spell would deal damage to you or another permanent you control, prevent that damage. If a spell would deal damage to an opponent or a permanent an opponent controls, it deals that much damage plus 1 instead.",RW
"Renari, Merchant of Marvels",1c044363-d661-4703-841c-8279fa4aa5e5,clb,90,Legendary Creature — Dragon Artificer,You may cast Dragon spells and artifact spells as though they had flash. Choose a Background (You can have a Background as a second commander.),U
"Renata, Called to the Hunt",2b27e6b2-13ad-42b2-a121-70935913723d,thb,196,Legendary Enchantment Creature — Demigod,Renata's power is equal to your devotion to green. (Each {G} in the mana costs of permanents you control counts toward your devotion to green.) Each other creature you control enters with an additional +1/+1 counter on it.,G
"Rendmaw, Creaking Nest",4dc2d415-fdf7-4f2d-95d0-a793ffc26491,dsc,5,Legendary Artifact Creature — Scarecrow,"Menace, reach When Rendmaw enters and whenever you play a card with two or more card types, each player creates a tapped 2/2 black Bird creature token with flying. The tokens are goaded for the rest of the game. (They attack each combat if able and attack a player other than you if able.)",BG
Reno and Rude,b5eb0064-c7c4-4e3e-add2-b86269de3fb9,fin,113,Legendary Creature — Human Assassin,"Menace Whenever Reno and Rude deals combat damage to a player, exile the top card of that player's library. Then you may sacrifice another creature or artifact. If you do, you may play the exiled card this turn, and mana of any type can be spent to cast it.",B
"Reveka, Wizard Savant",27c32cc5-b4da-4345-9118-1fe46a5049cb,me3,49,Legendary Creature — Dwarf Wizard,{T}: Reveka deals 2 damage to any target and doesn't untap during your next untap step.,U
"Rev, Tithe Extractor",8bf88010-799d-4217-8e79-308bec7ad2ff,j25,45,Legendary Creature — Human Rogue,"Whenever you attack, target creature gains deathtouch until end of turn. Whenever one or more creatures you control deal combat damage to a player, create a Treasure token, then look at the top card of that player's library and exile it face down. You may cast that card for as long as it remains exiled. (A Treasure token is an artifact with ""{T}, Sacrifice this token: Add one mana of any color."")",B
"Rex, Cyber-Hound",dae95822-d4a9-4698-bd11-c504414fc160,pip,117,Legendary Artifact Creature — Robot Dog,"Whenever Rex deals combat damage to a player, they mill two cards and you get {E}{E} (two energy counters). Pay {E}{E}: Choose target creature card in a graveyard. Exile it with a brain counter on it. Activate only as a sorcery. Rex has all activated abilities of all cards in exile with brain counters on them.",UW
Reya Dawnbringer,44b45bdd-829a-4fc1-ad37-17c2bd57fac8,uma,32,Legendary Creature — Angel,"Flying At the beginning of your upkeep, you may return target creature card from your graveyard to the battlefield.",W
"Reyav, Master Smith",90307dd6-196d-4d51-9b3f-6ff339882d31,cmr,290,Legendary Creature — Dwarf Artificer,"Whenever a creature you control that's enchanted or equipped attacks, that creature gains double strike until end of turn.",RW
"Reyhan, Last of the Abzan",8afad106-a49b-4910-959e-228c109ea983,cm2,13,Legendary Creature — Human Warrior,"Reyhan enters with three +1/+1 counters on it. Whenever a creature you control dies or is put into the command zone, if it had one or more +1/+1 counters on it, you may put that many +1/+1 counters on target creature. Partner (You can have two commanders if both have partner.)",BG
"Rhino, Barreling Brute",4b8ac400-1e98-49fc-94be-00386d15f2ae,spm,140,Legendary Creature — Human Villain,"Vigilance, trample, haste Whenever Rhino attacks, if you've cast a spell with mana value 4 or greater this turn, draw a card.",GR
"Rhoda, Geist Avenger",c434e774-c908-46b9-ba18-52e1efe092de,voc,8,Legendary Creature — Human Soldier,"Partner with Timin, Youthful Geist (When this creature enters, target player may put Timin into their hand from their library, then shuffle.) Vigilance Whenever a creature an opponent controls becomes tapped, if it isn't being declared as an attacker, put a +1/+1 counter on Rhoda.",W
Rhonas the Indomitable,50f23c47-278c-4188-8fb4-ae20a0c423c5,akh,182,Legendary Creature — God,"Deathtouch, indestructible Rhonas can't attack or block unless you control another creature with power 4 or greater. {2}{G}: Another target creature gets +2/+0 and gains trample until end of turn.",G
"Rhuk, Hexgold Nabber",d7c25806-1da6-4789-a17e-d2440184ec40,one,407,Legendary Creature — Goblin Rebel,"Trample, haste Whenever an equipped creature you control other than Rhuk attacks or dies, you may attach all Equipment attached to that creature to Rhuk.",R
Rhys the Exiled,85004079-f9fa-4a05-904d-a77782c4165c,khc,73,Legendary Creature — Elf Warrior,"Whenever Rhys attacks, you gain 1 life for each Elf you control. {B}, Sacrifice an Elf: Regenerate Rhys.",BG
Rhys the Redeemed,b91dadcb-31e9-43b0-b425-c9311af3e9d7,2xm,213,Legendary Creature — Elf Warrior,"{2}{G/W}, {T}: Create a 1/1 green and white Elf Warrior creature token. {4}{G/W}{G/W}, {T}: For each creature token you control, create a token that's a copy of that creature.",GW
"Ria Ivor, Bane of Bladehold",f7531ed3-235f-4368-98a8-e4e1947c53fb,one,214,Legendary Creature — Phyrexian Knight,"Battle cry (Whenever this creature attacks, each other attacking creature gets +1/+0 until end of turn.) At the beginning of combat on your turn, the next time target creature would deal combat damage to one or more players this combat, prevent that damage. If damage is prevented this way, create that many 1/1 colorless Phyrexian Mite artifact creature tokens with toxic 1 and ""This token can't block.""",BW
"Richard Garfield, Ph.D.",616a3755-f08c-4b8f-954b-7e3f3a8fa71f,und,26,Legendary Creature — Human Designer,You may play cards as though they were other cards of your choice with the same mana cost. You can't choose the same card twice. (Mana cost includes color.),U
"Richlau, Headmaster",ed33af8b-d1e9-4298-852c-c9ba7f50e2e7,ybro,23,Legendary Creature — Human Advisor,"At the beginning of your end step, you may pay {1}. When you do, target artifact card in your graveyard perpetually gains ""This spell costs {1} less to cast."" If it's a creature or Vehicle card, it perpetually gets +2/+2. Put it into your library second from the top.",UW
"Rielle, the Everwise",5f03c944-1929-4cb2-a373-d57eefa29ed1,iko,203,Legendary Creature — Human Wizard,"Rielle gets +1/+0 for each instant and sorcery card in your graveyard. Whenever you discard one or more cards for the first time each turn, draw that many cards.",RU
"Rienne, Angel of Rebirth",78660bdf-0edb-4fd0-a737-1c95f93cced1,dmc,166,Legendary Creature — Angel,"Flying Other multicolored creatures you control get +1/+0. Whenever another multicolored creature you control dies, return it to its owner's hand at the beginning of the next end step.",GRW
"Rigo, Streetwise Mentor",67c6aef6-d846-4e02-a5f9-6eb0b2212208,snc,215,Legendary Creature — Cat Citizen,"Rigo enters with a shield counter on it. (If it would be dealt damage or destroyed, remove a shield counter from it instead.) Whenever you attack a player or planeswalker with one or more creatures with power 1 or less, draw a card.",GUW
"Rikku, Resourceful Guardian",d377cc5f-f6eb-4ed0-a358-af22245f3550,fic,41,Legendary Creature — Human Artificer,"Whenever you put one or more counters on a creature, until end of turn, that creature can't be blocked by creatures your opponents control. Steal — {1}, {T}: Move a counter from target creature an opponent controls onto target creature you control. Activate only as a sorcery.",U
Riku of Many Paths,21b63544-4c31-4f38-9907-0407719a60b1,otj,227,Legendary Creature — Human Wizard,"Whenever you cast a modal spell, choose up to X, where X is the number of times you chose a mode for that spell — • Exile the top card of your library. Until the end of your next turn, you may play it. • Put a +1/+1 counter on Riku. It gains trample until end of turn. • Create a 1/1 blue Bird creature token with flying.",GRU
Riku of Two Reflections,70dd138f-391a-4956-bc2a-fe186429c71a,2xm,214,Legendary Creature — Human Wizard,"Whenever you cast an instant or sorcery spell, you may pay {U}{R}. If you do, copy that spell. You may choose new targets for the copy. Whenever another nontoken creature you control enters, you may pay {G}{U}. If you do, create a token that's a copy of that creature.",GRU
"Rilsa Rael, Kingpin",54484439-6f8a-47f1-8d62-4689af7f00c2,clb,293,Legendary Creature — Human Rogue,"Deathtouch When Rilsa Rael enters, you take the initiative. Whenever you attack, target attacking creature gains deathtouch until end of turn. If you've completed a dungeon, that creature also gets +5/+0 and gains first strike and menace until end of turn.",BU
"Rin and Seri, Inseparable",d605c780-a42a-4816-8fb9-63e3114a8246,m21,278,Legendary Creature — Dog Cat,"Whenever you cast a Dog spell, create a 1/1 green Cat creature token. Whenever you cast a Cat spell, create a 1/1 white Dog creature token. {R}{G}{W}, {T}: Rin and Seri deals damage to any target equal to the number of Dogs you control. You gain life equal to the number of Cats you control.",GRW
Rinoa Heartilly,ba79d293-bf42-48b6-a868-5249f4beeb76,fin,237,Legendary Creature — Human Rebel Warlock,"When Rinoa Heartilly enters, create Angelo, a legendary 1/1 green and white Dog creature token. Angelo Cannon — Whenever Rinoa Heartilly attacks, another target creature you control gets +1/+1 until end of turn for each creature you control.",GW
"Rionya, Fire Dancer",b1e92b9c-4234-436d-a741-37c5e45859e5,c21,55,Legendary Creature — Human Wizard,"At the beginning of combat on your turn, create X tokens that are copies of another target creature you control, where X is one plus the number of instant and sorcery spells you've cast this turn. They gain haste. Exile them at the beginning of the next end step.",R
"Rip, Spawn Hunter",5f12e3b3-a260-4913-b13a-7fbb753dd702,dsk,228,Legendary Creature — Human Survivor,"Survival — At the beginning of your second main phase, if Rip is tapped, reveal the top X cards of your library, where X is its power. Put any number of creature and/or Vehicle cards with different powers from among them into your hand. Put the rest on the bottom of your library in a random order.",GW
"Rishkar, Peema Renegade",88f4aecc-b728-4960-8131-1e5aa6c3c030,cmm,317,Legendary Creature — Elf Druid,"When Rishkar enters, put a +1/+1 counter on each of up to two target creatures. Each creature you control with a counter on it has ""{T}: Add {G}.""",G
"Risona, Asari Commander",51d8f1fa-ca92-4e2e-91e8-195bdad82def,neo,233,Legendary Creature — Human Samurai,"Haste Whenever Risona deals combat damage to a player, if it doesn't have an indestructible counter on it, put an indestructible counter on it. Whenever combat damage is dealt to you, remove an indestructible counter from Risona.",RW
"Rith, Liberated Primeval",ac148784-b7b6-4aae-bffb-a4cf09f56971,dmu,214,Legendary Creature — Dragon,"Flying, ward {2} Other Dragons you control have ward {2}. At the beginning of your end step, if a creature or planeswalker an opponent controlled was dealt excess damage this turn, create a 4/4 red Dragon creature token with flying.",GRW
"Rith, the Awakener",e1a75961-39a3-4221-9367-a763cf871d42,dmr,198,Legendary Creature — Dragon,"Flying Whenever Rith deals combat damage to a player, you may pay {2}{G}. If you do, choose a color, then create a 1/1 green Saproling creature token for each permanent of that color.",GRW
Rivaz of the Claw,9a47573a-601e-4738-acef-16118289f939,dmu,215,Legendary Creature — Lizard Warlock,"Menace {T}: Add two mana in any combination of colors. Spend this mana only to cast Dragon creature spells. Once during each of your turns, you may cast a Dragon creature spell from your graveyard. Whenever you cast a Dragon creature spell from your graveyard, it gains ""When this creature dies, exile it.""",BR
Riven Turnbull,ed665227-02ba-4977-a8e7-ea4e46a626e6,me3,171,Legendary Creature — Human Advisor,{T}: Add {B}.,BU
River Song,a1efb084-d2a0-44c4-a89d-6445156bb298,who,152,Legendary Creature — Human Time Lord Rogue,"Meet in Reverse — You draw cards from the bottom of your library rather than the top. Spoilers — Whenever an opponent scries, surveils, or searches their library, put a +1/+1 counter on River Song. Then River Song deals damage to that player equal to its power.",RU
RMS Titanic,3f5bcf60-f956-4e0d-beb7-a7f5c1c83692,who,93,Legendary Artifact — Vehicle,"Flying, trample When RMS Titanic deals combat damage to a player, sacrifice it and create that many Treasure tokens. Crew 3 (Tap any number of creatures you control with total power 3 or more: This Vehicle becomes an artifact creature until end of turn.)",R
"Roalesk, Apex Hybrid",a52a5f4b-d2e1-405e-82b4-ea35ab851c42,ncc,349,Legendary Creature — Human Mutant,"Flying, trample When Roalesk enters, put two +1/+1 counters on another target creature you control. When Roalesk dies, proliferate, then proliferate again. (Choose any number of permanents and/or players, then give each another counter of each kind already there. Then do it again.)",GU
"Roalesk, Prime Specimen",7db0acbc-1208-4c03-a9d9-2a480a228ef4,ymkm,26,Legendary Creature — Human Mutant,"Flying Whenever Roalesk, Prime Specimen or another permanent you control is turned face up, you may pay {X}. If you do, if X is 1 or more, conjure a duplicate of a random creature card with mana value X into your hand. Cloak it. It gains ""{G/U}: Turn this creature face up"" for as long as it remains face down. Disguise {G}{U}",GU
"Rocco, Cabaretti Caterer",b6cf8b35-2a81-40fd-b383-becb81bef806,snc,218,Legendary Creature — Elf Druid,"When Rocco enters, if you cast it, you may search your library for a creature card with mana value X or less, put it onto the battlefield, then shuffle.",GRW
"Rocco, Street Chef",cdb53ce7-845c-4c62-98a9-4fc33c67a07b,mat,44,Legendary Creature — Elf Druid,"At the beginning of your end step, each player exiles the top card of their library. Until your next end step, each player may play the card they exiled this way. Whenever a player plays a land from exile or casts a spell from exile, you put a +1/+1 counter on target creature and create a Food token. (It's an artifact with ""{2}, {T}, Sacrifice this token: You gain 3 life."")",GRW
Rodolf Duskbringer,0bfb808d-46a7-4711-b237-f7f5321ea142,j25,482,Legendary Creature — Vampire Angel,"Flying, deathtouch, lifelink Whenever you gain life, Rodolf Duskbringer gains indestructible until end of turn. At the beginning of your end step, you may pay {1}{W/B}. When you do, return target creature card with mana value X or less from your graveyard to the battlefield, where X is the amount of life you gained this turn.",BW
"Rograkh, Son of Rohgahh",a4fab67f-00c2-4125-9262-d21a29411797,cmr,197,Legendary Creature — Kobold Warrior,"First strike, menace, trample Partner (You can have two commanders if both have partner.)",R
"Rohgahh, Kher Keep Overlord",84e87400-cc3f-4476-b177-2c36a65f277b,dmc,41,Legendary Creature — Kobold Warrior,"Other Kobolds you control get +2/+2. Whenever you cast a Kobold spell, you may pay {2}. If you do, create a 4/4 red Dragon creature token with flying. Whenever you cast a Dragon spell, create a 0/1 red Kobold creature token named Kobolds of Kher Keep.",BR
Rohgahh of Kher Keep,1429cc3d-f6a2-4011-b716-5c3e0cf251d0,me3,172,Legendary Creature — Kobold,"At the beginning of your upkeep, you may pay {R}{R}{R}. If you don't, tap Rohgahh and all creatures named Kobolds of Kher Keep, then an opponent gains control of them. Creatures you control named Kobolds of Kher Keep get +2/+2.",BR
Romana II,4ccc3ebd-34e1-421c-87b4-0be905954289,who,27,Legendary Creature — Time Lord Scientist,"Vigilance {1}, {T}: Create a tapped token that's a copy of target token that entered this turn. Doctor's companion (You can have two commanders if the other is the Doctor.)",W
"Rona, Disciple of Gix",45420f5e-f7f8-4db7-9b54-e2fa1be22094,dom,203,Legendary Creature — Human Artificer,"When Rona enters, you may exile target historic card from your graveyard. (Artifacts, legendaries, and Sagas are historic.) You may cast spells from among cards exiled with Rona. {4}, {T}: Exile the top card of your library.",BU
"Rona, Herald of Invasion // Rona, Tolarian Obliterator",f487b582-e73f-4325-939f-95fc5a9aba49,mom,75,Legendary Creature — Human Wizard // Legendary Creature — Phyrexian Wizard,,BU
"Rona, Sheoldred's Faithful",cc8331ab-adc9-45c6-9728-66afc72d901c,dmu,216,Legendary Creature — Human Wizard,"Whenever you cast an instant or sorcery spell, each opponent loses 1 life. You may cast this card from your graveyard by discarding two cards in addition to paying its other costs.",BU
Roon of the Hidden Realm,54e2d6c2-a233-4e37-94c9-673a4a957e0c,2x2,270,Legendary Creature — Rhino Soldier,"Vigilance, trample {2}, {T}: Exile another target creature. Return that card to the battlefield under its owner's control at the beginning of the next end step.",GUW
"Rootha, Mercurial Artist",acb8f24d-8d1d-48aa-a534-238e969a474c,stx,227,Legendary Creature — Orc Shaman,"{2}, Return Rootha to its owner's hand: Copy target instant or sorcery spell you control. You may choose new targets for the copy.",RU
Rorix Bladewing,32668329-2f62-48ed-8da3-3cb0c3692ed9,cmm,251,Legendary Creature — Dragon,"Flying, haste",R
Rory Williams,f51a010d-641c-413f-8f91-0c8ff3b2085c,who,153,Legendary Creature — Human Soldier,"Partner with Amy Pond First strike, lifelink The Last Centurion — When you cast this spell from anywhere other than exile, exile it with three time counters on it. It gains suspend. Then investigate. (Create a Clue token. It's an artifact with ""{2}, Sacrifice this token: Draw a card."")",UW
"Rosa, Resolute White Mage",c44e0ad6-9f44-4e4c-8c3b-3ee99409a740,fin,555,Legendary Creature — Human Noble Cleric,"Reach (This creature can block creatures with flying.) At the beginning of combat on your turn, put a +1/+1 counter on target creature you control. It gains lifelink until end of turn. (Damage dealt by the creature also causes you to gain that much life.)",W
"Rose, Cutthroat Raider",f803a510-99fe-467a-be3b-9301497ec7ec,pip,66,Legendary Artifact Creature — Robot,"First strike Raid — At end of combat on your turn, if you attacked this turn, create a Junk token for each opponent you attacked. (It's an artifact with ""{T}, Sacrifice this token: Exile the top card of your library. You may play that card this turn. Activate only as a sorcery."") Whenever you sacrifice a Junk, add {R}.",R
Rose Noble,39edd98a-2ee9-4799-9194-5b5a3efb6255,sld,1580,Legendary Creature — Human,"Ward {2} Whenever you cast a Doctor spell or creature spell with doctor's companion, draw a card. Doctor's companion (You can have two commanders if the other is the Doctor.)",U
Rose Tyler,3aa8d034-f98c-4e27-b6af-850eadf59941,who,5,Legendary Creature — Human,"Rose Tyler gets +1/+1 for each time counter on it. Bad Wolf — Whenever Rose Tyler attacks, put a time counter on it for each suspended card you own and each other permanent you control with a time counter on it. Doctor's companion (You can have two commanders if the other is the Doctor.)",W
"Roshan, Hidden Magister",eb17e6aa-8be5-40ea-a627-783c478c8eda,acr,32,Legendary Creature — Human Assassin,"Other creatures you control are Assassins in addition to their other types. The same is true for creature spells you control and creature cards you own that aren't on the battlefield. Face-down creatures you control have menace. Whenever a permanent you control is turned face up, you draw a card and you lose 1 life.",B
Rosheen Meanderer,472efa7f-203f-4c48-b9ad-505e18f2976f,ima,206,Legendary Creature — Giant Shaman,{T}: Add {C}{C}{C}{C}. Spend this mana only on costs that contain {X}.,GR
"Rosheen, Roaring Prophet",b5ac88b2-a92e-4a12-9ba3-5a4b8cdb58dc,mh3,202,Legendary Creature — Giant Shaman,"When Rosheen enters, mill six cards. You may put a card with {X} in its mana cost from among them into your hand. {T}: Reveal any number of cards with {X} in their mana cost in your hand. Add {C}{C} for each card revealed this way. Spend this mana only on costs that contain {X}.",GR
Rosie Cotton of South Lane,75338f49-1f02-4333-87e4-5779ef14e688,ltr,27,Legendary Creature — Halfling Peasant,"When Rosie Cotton enters, create a Food token. (It's an artifact with ""{2}, {T}, Sacrifice this token: You gain 3 life."") Whenever you create a token, put a +1/+1 counter on target creature you control other than Rosie Cotton.",W
"Rosnakht, Heir of Rohgahh",013e33d4-7d08-4773-a570-469ae3cf92f2,dmc,25,Legendary Creature — Kobold Warrior,"Battle cry (Whenever this creature attacks, each other attacking creature gets +1/+0 until end of turn.) Heroic — Whenever you cast a spell that targets Rosnakht, create a 0/1 red Kobold creature token named Kobolds of Kher Keep.",R
"Rothga, Bonded Engulfer",e4f250af-01fb-41dd-b6da-8b636166058f,yone,14,Legendary Creature — Phyrexian Beast,"Trample When Rothga, Bonded Engulfer enters, you get a one-time boon with ""When you cast a creature spell, it perpetually gets +X/+X, where X is its power.""",G
Rowan Kenrith,bcf0514e-63b3-4695-93ae-527524d48c25,clb,805,Legendary Planeswalker — Rowan,"+2: During target player's next turn, each creature that player controls attacks if able. −2: Rowan Kenrith deals 3 damage to each tapped creature target player controls. −8: Target player gets an emblem with ""Whenever you activate an ability that isn't a mana ability, copy it. You may choose new targets for the copy."" Partner with Will Kenrith Rowan Kenrith can be your commander.",R
"Rowan, Scion of War",4ee179ab-a15b-4bd6-b7f8-1e1abeeb31b7,woe,211,Legendary Creature — Human Wizard,"Menace {T}: Spells you cast this turn that are black and/or red cost {X} less to cast, where X is the amount of life you lost this turn. Activate only as a sorcery.",BR
"Roxanne, Starfall Savant",11fbe52f-febd-49fc-8391-28d3efe9c3eb,otj,228,Legendary Creature — Cat Druid,"Whenever Roxanne enters or attacks, create a tapped colorless artifact token named Meteorite with ""When this token enters, it deals 2 damage to any target"" and ""{T}: Add one mana of any color."" Whenever you tap an artifact token for mana, add one mana of any type that artifact token produced.",GR
"Roxi, Publicist to the Stars",f7999a76-35b0-43de-8d13-8fc0d447a9d1,unf,177,Legendary Creature — Human Employee,"Flying Roxi's power is equal to the number of permanents you control with an art sticker plus the number of cards in your graveyard with an art sticker. When Roxi enters, distribute up to two art stickers among one or two nonland permanents you own.",RU
Rubinia Soulsinger,ce216785-aa81-44b4-9562-9b7eca743a0c,cma,191,Legendary Creature — Faerie,You may choose not to untap Rubinia Soulsinger during your untap step. {T}: Gain control of target creature for as long as you control Rubinia Soulsinger and Rubinia Soulsinger remains tapped.,GUW
"Ruby, Daring Tracker",fe3e7dd2-b66d-4218-9fde-f84bec26b7bf,fdn,245,Legendary Creature — Human Scout,"Haste (This creature can attack and {T} as soon as it comes under your control.) Whenever Ruby attacks while you control a creature with power 4 or greater, Ruby gets +2/+2 until end of turn. {T}: Add {R} or {G}.",GR
Rufus Shinra,f5fff00b-c9a0-4e90-abc0-349f8716c885,fin,238,Legendary Creature — Human Noble,"Whenever Rufus Shinra attacks, if you don't control a creature named Darkstar, create Darkstar, a legendary 2/2 white and black Dog creature token.",BW
Ruhan of the Fomori,7fa40fde-2c11-4dec-b788-01f8d90198df,cmd,221,Legendary Creature — Giant Warrior,"At the beginning of combat on your turn, choose an opponent at random. Ruhan attacks that player this combat if able.",RUW
"Rukarumel, Biologist",0b2f7397-9d75-4667-8872-e58a39512583,cmm,711,Legendary Creature — Human Wizard,"As Rukarumel enters, choose a creature type. Slivers you control and nontoken creatures you control are the chosen type in addition to their other creature types. The same is true for creature spells you control and creature cards you own that aren't on the battlefield. {3}, {T}: Create a 1/1 colorless Sliver creature token.",BGRUW
"Rulik Mons, Warren Chief",3fa49711-473d-4774-99b8-2bfbabc6b735,dmu,217,Legendary Creature — Goblin,"Menace (This creature can't be blocked except by two or more creatures.) Whenever Rulik Mons attacks, look at the top card of your library. If it's a land card, you may put it onto the battlefield tapped. If you didn't put a card onto the battlefield this way, create a 1/1 red Goblin creature token.",GR
"Runadi, Behemoth Caller",f4f5500f-e82c-44f3-8be8-cee4c86824b1,j22,44,Legendary Creature — Cat Shaman,"Whenever you cast a creature spell with mana value 5 or greater, that creature enters with X additional +1/+1 counters on it, where X is its mana value minus 4. Creatures you control with three or more +1/+1 counters on them have haste. {T}: Add {G}.",G
"Rune-Tail, Kitsune Ascendant // Rune-Tail's Essence",42ba0e13-d20f-47f9-9c86-2b0b13c39ada,sok,27,Legendary Creature — Fox Monk // Legendary Enchantment,,W
"Runo Stromkirk // Krothuss, Lord of the Deep",f6c0fca5-b759-4543-95e2-8d712aae5281,vow,246,Legendary Creature — Vampire Cleric // Legendary Creature — Kraken Horror,,BU
"Ruric Thar, the Unbowed",aa828bdc-221e-4e81-9e71-6f288690ddcd,2x2,271,Legendary Creature — Ogre Warrior,"Vigilance, reach Ruric Thar attacks each combat if able. Whenever a player casts a noncreature spell, Ruric Thar deals 6 damage to that player.",GR
"Rusko, Clockmaker",c153d43d-fb7c-47cd-8796-4a0f6ff53579,mb2,263,Legendary Creature — Human Artificer,"When Rusko, Clockmaker enters the battlefield, conjure a card named Midnight Clock onto the battlefield. Whenever you cast a noncreature spell, put an hour counter on each permanent you control named Midnight Clock. Each opponent loses 1 life and you gain 1 life.",BU
"Ruxa, Patient Professor",e07b8142-6a49-46e7-b862-41f89a59b894,c21,66,Legendary Creature — Bear Druid,"Whenever Ruxa enters or attacks, return target creature card with no abilities from your graveyard to your hand. Creatures you control with no abilities get +1/+1. For each creature you control with no abilities, you may have that creature assign its combat damage as though it weren't blocked.",G
Ryan Sinclair,42684d97-fce6-4a96-9c64-20e2cb382dca,who,94,Legendary Creature — Human,"Whenever Ryan attacks, exile cards from the top of your library until you exile a nonland card. You may cast the exiled card without paying its mana cost if it's a spell with mana value less than or equal to Ryan's power. Put the exiled cards not cast this way on the bottom of your library in a random order. Doctor's companion (You can have two commanders if the other is the Doctor.)",R
"Rydia, Summoner of Mist",99450143-6ab5-463d-9e04-e8e6703a8b92,fin,239,Legendary Creature — Human Shaman,"Landfall — Whenever a land you control enters, you may discard a card. If you do, draw a card. Summon — {X}, {T}: Return target Saga card with mana value X from your graveyard to the battlefield with a finality counter on it. It gains haste until end of turn. Activate only as a sorcery.",GR
"Ryusei, the Falling Star",68d57ab8-fbe0-4f01-b7f7-2a5cccd2d13a,clb,806,Legendary Creature — Dragon Spirit,"Flying When Ryusei dies, it deals 5 damage to each creature without flying.",R
"Sabin, Master Monk",43bacd07-fdaf-4ce4-bf7a-dda55a99d460,fic,57,Legendary Creature — Human Noble Monk,"Double strike Blitz—{2}{R}{R}, Discard a card. (If you cast this spell for its blitz cost, it gains haste and ""When this creature dies, draw a card."" Sacrifice it at the beginning of the next end step.) You may cast this card from your graveyard using its blitz ability.",R
"Sab-Sunen, Luxa Embodied",2ef555b1-666d-4386-8983-0e88f9b6cdec,dft,221,Legendary Creature — God,"Reach, trample, indestructible Sab-Sunen can't attack or block unless it has an even number of counters on it. (Zero is even.) At the beginning of your first main phase, put a +1/+1 counter on Sab-Sunen. Then if it has an odd number of counters on it, draw two cards.",GU
"Sachi, Daughter of Seshiro",4c45b36f-b879-417c-b284-0176990fb9f9,chk,238,Legendary Creature — Snake Shaman,"Other Snake creatures you control get +0/+1. Shamans you control have ""{T}: Add {G}{G}.""",G
"Safana, Calimport Cutthroat",e9367f66-6556-459c-a43d-5ba7a84b568d,clb,143,Legendary Creature — Human Rogue,"Menace At the beginning of your end step, if you have the initiative, create a Treasure token. Create three of those tokens instead if you've completed a dungeon. Choose a Background (You can have a Background as a second commander.)",B
Saffi Eriksdotter,4176dda4-ec5c-4734-bb48-0876304aa219,tsr,260,Legendary Creature — Human Scout,"Sacrifice Saffi Eriksdotter: When target creature is put into your graveyard this turn, return that card to the battlefield.",GW
"Saheeli, Radiant Creator",5fea0781-e933-47ef-9414-92c8652a7778,drc,3,Legendary Creature — Human Artificer,"Whenever you cast an Artificer or artifact spell, you get {E} (an energy counter). At the beginning of combat on your turn, you may pay {E}{E}{E}. When you do, create a token that's a copy of target permanent you control, except it's a 5/5 artifact creature in addition to its other types and has haste. Sacrifice it at the beginning of the next end step.",GRU
"Saheeli, the Gifted",ca095559-ac77-4186-8d9b-b75ce0607582,c18,44,Legendary Planeswalker — Saheeli,"+1: Create a 1/1 colorless Servo artifact creature token. +1: The next spell you cast this turn has affinity for artifacts. (It costs {1} less to cast for each artifact you control as you cast it.) −7: For each artifact you control, create a token that's a copy of it. Those tokens gain haste. Exile those tokens at the beginning of the next end step. Saheeli, the Gifted can be your commander.",RU
"Saheeli, the Sun's Brilliance",0ba99b60-c7d0-4041-a065-f2c510745223,lci,239,Legendary Creature — Human Artificer,"{U}{R}, {T}: Create a token that's a copy of another target creature or artifact you control, except it's an artifact in addition to its other types. It gains haste. Sacrifice it at the beginning of the next end step.",RU
"Sai, Master Thopterist",ad0b5c09-5075-408e-84c5-1095354ac53e,cmm,118,Legendary Creature — Human Artificer,"Whenever you cast an artifact spell, create a 1/1 colorless Thopter artifact creature token with flying. {1}{U}, Sacrifice two artifacts: Draw a card.",U
Saint Elenda,61d89be7-0b3c-4d73-ac3c-95409278677f,yotj,4,Legendary Creature — Vampire Cleric,"Lifelink When Saint Elenda enters, conjure a card of your choice from Saint Elenda's spellbook into your hand. You may cast that card this turn without paying its mana cost. At the beginning of your end step, if you gained life this turn, create an X/X white Avatar creature token, where X is the amount of life you gained this turn.",W
Saint Traft and Rem Karolus,55a45de4-cc76-4aa0-a1dc-24df8e495215,moc,9,Legendary Creature — Spirit Human,"Whenever Saint Traft and Rem Karolus becomes tapped, create a 1/1 red Human creature token if this is the first time this ability has resolved this turn. If it's the second time, create a 1/1 blue Spirit creature token with flying. If it's the third time, create a 4/4 white Angel creature token with flying. Whenever you cast a spell that has convoke, untap Saint Traft and Rem Karolus.",RUW
Sakashima of a Thousand Faces,714c3a1f-7b30-4ed8-8f38-6176758741fb,cmr,89,Legendary Creature — Human Rogue,"You may have Sakashima enter as a copy of another creature you control, except it has Sakashima's other abilities. The ""legend rule"" doesn't apply to permanents you control. Partner (You can have two commanders if both have partner.)",U
Sakashima the Impostor,61dc2f54-3637-4caa-9741-36ff14dc5527,sok,53,Legendary Creature — Human Rogue,"You may have Sakashima the Impostor enter as a copy of any creature on the battlefield, except its name is Sakashima the Impostor, it's legendary in addition to its other types, and it has ""{2}{U}{U}: Return Sakashima the Impostor to its owner's hand at the beginning of the next end step.""",U
"Sakiko, Mother of Summer",8dbdb5f5-cd6e-47cd-b83d-ff71b00c369e,cmm,319,Legendary Creature — Snake Shaman,"Whenever a creature you control deals combat damage to a player, add that much {G}. Until end of turn, you don't lose this mana as steps and phases end.",G
"Sala, Deck Boss",cfffa520-9cf6-479f-a123-53499aebd6c5,ydft,25,Legendary Creature — Squid Pirate,"Each creature you control with an exhaust ability has haste. Whenever you activate an exhaust ability that isn't a mana ability, copy it. You may choose new targets for the copy.",RU
Sally Sparrow,b33354a5-d99a-46dd-8715-34dbc5f0ec3b,who,155,Legendary Creature — Human Detective,"You may cast creature spells as though they had flash. Whenever one or more other creatures you control leave the battlefield, investigate. This ability triggers only once each turn. (Create a Clue token. It's an artifact with ""{2}, Sacrifice this token: Draw a card."")",UW
"Sami, Ship's Engineer",75c38cc9-07de-46d4-8195-f04b2b7e0fee,eoe,225,Legendary Creature — Human Artificer,"At the beginning of your end step, if you control two or more tapped creatures, create a tapped 2/2 colorless Robot artifact creature token.",RW
"Sami, Wildcat Captain",bed64207-9193-4770-8f8f-e3203289d5a6,eoe,226,Legendary Creature — Human Artificer Rogue,"Double strike, vigilance Spells you cast have affinity for artifacts. (They cost {1} less to cast for each artifact you control.)",RW
"Sam, Loyal Attendant",687a2b76-3f05-4732-bd9b-513d06d16300,ltc,7,Legendary Creature — Halfling Peasant,"Partner with Frodo, Adventurous Hobbit (When this creature enters, target player may put Frodo into their hand from their library, then shuffle.) At the beginning of combat on your turn, create a Food token. (It's an artifact with ""{2}, {T}, Sacrifice this token: You gain 3 life."") Activated abilities of Foods you control cost {1} less to activate.",GW
"Samut, the Driving Force",8efd8222-5c37-46d8-a2ec-1d7aae25320b,dft,222,Legendary Creature — Human Warrior Cleric,"First strike, vigilance, haste Start your engines! (If you have no speed, it starts at 1. It increases once on each of your turns when an opponent loses life. Max speed is 4.) Other creatures you control get +X/+0, where X is your speed. Noncreature spells you cast cost {X} less to cast, where X is your speed.",GRW
"Samut, Vizier of Naktamun",a0f3fdb0-47ad-4df6-a95c-a2c81aaf7af5,mat,45,Legendary Creature — Human Warrior Cleric,"First strike, vigilance, haste Whenever a creature you control deals combat damage to a player, if that creature entered this turn, draw a card.",GR
"Samut, Voice of Dissent",60f2d8f1-43a9-438a-830c-9d6b5701f950,akh,205,Legendary Creature — Human Warrior,"Flash Double strike, vigilance, haste Other creatures you control have haste. {W}, {T}: Untap another target creature.",GRW
Samwise Gamgee,a1b6f13e-63d0-46bf-aa57-23c2dbdf62dd,ltr,222,Legendary Creature — Halfling Peasant,"Whenever another nontoken creature you control enters, create a Food token. (It's an artifact with ""{2}, {T}, Sacrifice this token: You gain 3 life."") Sacrifice three Foods: Return target historic card from your graveyard to your hand. (Artifacts, legendaries, and Sagas are historic.)",GW
Samwise the Stouthearted,214c270e-29ca-4d69-bea6-9252ae7707ad,ltr,28,Legendary Creature — Halfling Peasant,"Flash When Samwise enters, choose up to one target permanent card in your graveyard that was put there from the battlefield this turn. Return it to your hand. Then the Ring tempts you.",W
"Sandman, Shifting Scoundrel",609ac18c-ec58-4fa7-bbee-3912a69d0ec6,spm,112,Legendary Creature — Sand Elemental Villain,Sandman's power and toughness are each equal to the number of lands you control. Sandman can't be blocked by creatures with power 2 or less. {3}{G}{G}: Return this card and target land card from your graveyard to the battlefield tapped.,G
"Sanwell, Avenger Ace",70cb4359-8e57-4d1a-bf1f-c188555376ce,brc,5,Legendary Creature — Human Pilot,"As long as an artifact creature you control is attacking, prevent all damage that would be dealt to Sanwell. Whenever Sanwell becomes tapped, exile the top six cards of your library. You may cast a Vehicle or artifact creature spell from among them. Then put the rest on the bottom of your library in a random order.",W
Sapling of Colfenor,33c19062-9e1c-4cae-bb97-7ca9e4523593,c21,228,Legendary Creature — Treefolk Shaman,"Indestructible Whenever Sapling of Colfenor attacks, reveal the top card of your library. If it's a creature card, you gain life equal to that card's toughness, lose life equal to its power, then put it into your hand.",BG
"Saradoc, Master of Buckland",a65a1fb5-cc2c-4556-b109-05c3d966ded9,ltr,282,Legendary Creature — Halfling Citizen,"Whenever Saradoc or another nontoken creature you control with power 2 or less enters, create a 1/1 white Halfling creature token. Tap two other untapped Halflings you control: Saradoc gets +2/+0 and gains lifelink until end of turn.",W
Sarah Jane Smith,1ba76f68-e647-4786-903c-92dbd3cef05d,who,6,Legendary Creature — Human Detective,"Whenever you cast a historic spell, investigate. This ability triggers only once each turn. (Artifacts, legendaries, and Sagas are historic. To investigate, create a Clue token. It's an artifact with ""{2}, Sacrifice this token: Draw a card."") Doctor's companion (You can have two commanders if the other is the Doctor.)",W
"Sarevok, Deathbringer",4009d5ab-945d-43c3-9077-f10f96249fc4,clb,144,Legendary Creature — Human Knight,"At the beginning of each player's end step, if no permanents left the battlefield this turn, that player loses X life, where X is Sarevok's power. Choose a Background (You can have a Background as a second commander.)",B
Sarevok the Usurper,c41156c8-ddd1-4492-ab0f-02c4a7423181,hbg,9,Legendary Creature — Human Knight,"Specialize {3} At the beginning of combat on your turn, target creature you control gets +X/+0 until end of turn, where X is the number of creature cards in your graveyard.",B
"Sarkhan, Dragon Ascendant",c2200646-7b7c-489d-bbae-16b03e1d7fb2,tdm,118,Legendary Creature — Human Druid,"When Sarkhan enters, you may behold a Dragon. If you do, create a Treasure token. (To behold a Dragon, choose a Dragon you control or reveal a Dragon card from your hand.) Whenever a Dragon you control enters, put a +1/+1 counter on Sarkhan. Until end of turn, Sarkhan becomes a Dragon in addition to its other types and gains flying.",R
"Sarkhan, Soul Aflame",49d64e6b-563f-486c-ba04-4a254a9a971d,tdc,301,Legendary Creature — Human Shaman,"Dragon spells you cast cost {1} less to cast. Whenever a Dragon you control enters, you may have Sarkhan become a copy of it until end of turn, except its name is Sarkhan, Soul Aflame and it's legendary in addition to its other types.",RU
"Sarulf, Realm Eater",bcecf9ba-36da-490a-9460-99ff87d99fbd,khm,228,Legendary Creature — Wolf,"Whenever a permanent an opponent controls is put into a graveyard from the battlefield, put a +1/+1 counter on Sarulf. At the beginning of your upkeep, if Sarulf has one or more +1/+1 counters on it, you may remove all of them. If you do, exile each other nonland permanent with mana value less than or equal to the number of counters removed this way.",BG
Saruman of Many Colors,8cfcc7ec-87a2-4712-8d82-217bd8600891,ltr,223,Legendary Creature — Avatar Wizard,"Ward—Discard an enchantment, instant, or sorcery card. Whenever you cast your second spell each turn, each opponent mills two cards. When one or more cards are milled this way, exile target enchantment, instant, or sorcery card with equal or lesser mana value than that spell from an opponent's graveyard. Copy the exiled card. You may cast the copy without paying its mana cost.",BUW
Saruman the White,1bfccbab-29fa-4e92-8919-6cd4815fb655,ltr,67,Legendary Creature — Avatar Wizard,"Ward {2} Whenever you cast your second spell each turn, amass Orcs 2. (Put two +1/+1 counters on an Army you control. It's also an Orc. If you don't control an Army, create a 0/0 black Orc Army creature token first.)",U
"Saruman, the White Hand",6487ccbf-f6cd-45a6-8514-2c458b655ef2,ltc,8,Legendary Creature — Avatar Wizard,"Whenever you cast a noncreature spell, amass Orcs X, where X is that spell's mana value. (Put X +1/+1 counters on an Army you control. It's also an Orc. If you don't control an Army, create a 0/0 black Orc Army creature token first.) Goblins and Orcs you control have ward {2}.",BRU
"Saryth, the Viper's Fang",8050afb7-3c16-4456-aa34-4cc999fac7f5,mkc,185,Legendary Creature — Human Warlock,"Other tapped creatures you control have deathtouch. Other untapped creatures you control have hexproof. {1}, {T}: Untap another target creature or land you control.",G
"Sasaya, Orochi Ascendant // Sasaya's Essence",d224c50f-8146-4c91-9401-04e5bd306d02,sok,145,Legendary Creature — Snake Monk // Legendary Enchantment,,G
Saskia the Unyielding,5b483db6-b614-4af1-820a-42a4ee0c8707,c16,41,Legendary Creature — Human Soldier,"Vigilance, haste As Saskia enters, choose a player. Whenever a creature you control deals combat damage to a player, it deals that much damage to the chosen player.",BGRW
"Satoru, the Infiltrator",acc9a5cc-2b3c-4c2f-8176-4a2d86265cc5,otj,230,Legendary Creature — Human Ninja Rogue,"Menace Whenever Satoru and/or one or more other nontoken creatures you control enter, if none of them were cast or no mana was spent to cast them, draw a card.",BU
Satoru Umezawa,8887f26d-b097-4fbc-9c48-bdc656409a32,neo,234,Legendary Creature — Human Ninja,"Whenever you activate a ninjutsu ability, look at the top three cards of your library. Put one of them into your hand and the rest on the bottom of your library in any order. This ability triggers only once each turn. Each creature card in your hand has ninjutsu {2}{U}{B}.",BU
"Satsuki, the Living Lore",0152575b-31b0-4142-9cc2-b87a81bd51a8,neo,235,Legendary Creature — Human Druid,"{T}: Put a lore counter on each Saga you control. Activate only as a sorcery. When Satsuki dies, choose up to one — • Return target Saga or enchantment creature you control to its owner's hand. • Return target Saga card from your graveyard to your hand.",GW
"Satya, Aetherflux Genius",3b964bbe-54cc-425c-9cc6-c877f82af7ba,m3c,3,Legendary Creature — Human Artificer,"Menace, haste Whenever Satya attacks, create a tapped and attacking token that's a copy of up to one other target nontoken creature you control. You get {E}{E} (two energy counters). At the beginning of the next end step, sacrifice that token unless you pay an amount of {E} equal to its mana value.",RUW
"Sauron, Lord of the Rings",fc53dec0-79fe-4f6f-9d5b-cf298588e808,ltc,4,Legendary Creature — Avatar Horror,"When you cast this spell, amass Orcs 5, mill five cards, then return a creature card from your graveyard to the battlefield. Trample Whenever a commander an opponent controls dies, the Ring tempts you.",BRU
"Sauron, the Dark Lord",034e0929-b2c7-4b5f-94f2-8eaf4fb1a2a1,ltr,224,Legendary Creature — Avatar Horror,"Ward—Sacrifice a legendary artifact or legendary creature. Whenever an opponent casts a spell, amass Orcs 1. Whenever an Army you control deals combat damage to a player, the Ring tempts you. Whenever the Ring tempts you, you may discard your hand. If you do, draw four cards.",BRU
"Sauron, the Lidless Eye",d82a4c78-d2fc-425a-8d0e-2e64509a08f1,ltr,288,Legendary Creature — Avatar Horror,"When Sauron enters, gain control of target creature an opponent controls until end of turn. Untap it. It gains haste until end of turn. {1}{B}{R}: Creatures you control get +2/+0 until end of turn. Each opponent loses 2 life.",BR
"Sauron, the Necromancer",377d65d8-21c8-4292-97db-610e0173ba59,ltr,106,Legendary Creature — Avatar Horror,"Menace Whenever Sauron attacks, exile target creature card from your graveyard. Create a tapped and attacking token that's a copy of that card, except it's a 3/3 black Wraith with menace. At the beginning of the next end step, exile that token unless Sauron is your Ring-bearer.",B
"Savra, Queen of the Golgari",e189f09e-d637-4631-bae3-a5a583ada429,rvr,218,Legendary Creature — Elf Shaman,"Whenever you sacrifice a black creature, you may pay 2 life. If you do, each other player sacrifices a creature of their choice. Whenever you sacrifice a green creature, you may gain 2 life.",BG
Sazh Katzroy,1e2a3566-1390-457e-8077-d776a8671319,fin,199,Legendary Creature — Human Pilot,"When Sazh Katzroy enters, you may search your library for a Bird or basic land card, reveal it, put it into your hand, then shuffle. Whenever Sazh Katzroy attacks, put a +1/+1 counter on target creature, then double the number of +1/+1 counters on that creature.",G
"Scarlet Spider, Ben Reilly",ee771581-f867-48d7-9ddb-897a1ffcdf0a,spm,142,Legendary Creature — Spider Human Hero,"Web-slinging {R}{G} (You may cast this spell for {R}{G} if you also return a tapped creature you control to its owner's hand.) Trample Sensational Save — If Scarlet Spider was cast using web-slinging, he enters with X +1/+1 counters on him, where X is the mana value of the returned creature.",GR
"Scarlet Spider, Kaine",2cb00060-8cc5-42dc-bcbf-affd9e59f8fd,spm,143,Legendary Creature — Spider Human Hero,"Menace (This creature can't be blocked except by two or more creatures.) When Scarlet Spider enters, you may discard a card. If you do, put a +1/+1 counter on him. Mayhem {B/R} (You may cast this card from your graveyard for {B/R} if you discarded it this turn. Timing rules still apply.)",BR
Scion of Halaster,c876f9b3-b4f6-4177-9c43-443ae2a028d0,clb,145,Legendary Enchantment — Background,"Commander creatures you own have ""The first time you would draw a card each turn, instead look at the top two cards of your library. Put one of them into your graveyard and the other back on top of your library. Then draw a card.""",B
Scion of the Ur-Dragon,565b2a40-57b1-451f-8c2a-e02222502288,c17,192,Legendary Creature — Dragon Avatar,"Flying {2}: Search your library for a Dragon permanent card and put it into your graveyard. If you do, Scion of the Ur-Dragon becomes a copy of that card until end of turn. Then shuffle.",BGRUW
"Scorpion, Seething Striker",cf407e08-b27f-42ba-b824-75846a80e238,spm,64,Legendary Creature — Scorpion Human Villain,"Deathtouch At the beginning of your end step, if a creature died this turn, target creature you control connives. (Draw a card, then discard a card. If you discarded a nonland card, put a +1/+1 counter on that creature.)",B
"Sedris, the Traitor King",a4e787a7-3721-4ba7-b643-a103488cfc8a,2x2,274,Legendary Creature — Zombie Warrior,Each creature card in your graveyard has unearth {2}{B}. ({2}{B}: Return the card to the battlefield. The creature gains haste. Exile it at the beginning of the next end step or if it would leave the battlefield. Unearth only as a sorcery.),BRU
Sefris of the Hidden Ways,d30255f6-e058-476a-b377-2ee4c9178ed1,afc,3,Legendary Creature — Human Wizard,"Whenever one or more creature cards are put into your graveyard from anywhere, venture into the dungeon. This ability triggers only once each turn. (To venture into the dungeon, enter the first room or advance to the next room.) Create Undead — Whenever you complete a dungeon, return target creature card from your graveyard to the battlefield.",BUW
Seifer Almasy,9c776984-99ea-4181-ac95-78c41ba9d54f,fin,156,Legendary Creature — Human Knight,"Whenever a creature you control attacks alone, it gains double strike until end of turn. Fire Cross — Whenever Seifer Almasy deals combat damage to a player, you may cast target instant or sorcery card with mana value 3 or less from your graveyard without paying its mana cost. If that spell would be put into your graveyard, exile it instead.",R
"Seizan, Perverter of Truth",e1e61750-f7d7-4e6d-9d68-e1e357868a8d,chk,143,Legendary Creature — Demon Spirit,"At the beginning of each player's upkeep, that player loses 2 life and draws two cards.",B
"Sekki, Seasons' Guide",9883e973-54c3-4bec-91d8-22f2829cdfa2,sok,148,Legendary Creature — Spirit,"Sekki enters with eight +1/+1 counters on it. If damage would be dealt to Sekki, prevent that damage, remove that many +1/+1 counters from Sekki, and create that many 1/1 colorless Spirit creature tokens. Sacrifice eight Spirits: Return this card from your graveyard to the battlefield.",G
"Sek'Kuar, Deathkeeper",a873dbe5-d95a-4ecb-ac0a-8dc6c40f3576,cmm,354,Legendary Creature — Orc Shaman,"Whenever another nontoken creature you control dies, create a 3/1 black and red Graveborn creature token with haste.",BGR
"Selenia, Dark Angel",664b57e3-9476-4d6a-8301-5a2f96bcfbf7,tpr,210,Legendary Creature — Phyrexian Angel,Flying Pay 2 life: Return Selenia to its owner's hand.,BW
"Selvala, Eager Trailblazer",7d2e167f-7cb2-4f15-a1db-7ee56b7ba523,otj,231,Legendary Creature — Elf Scout,"Vigilance Whenever you cast a creature spell, create a 1/1 red Mercenary creature token with ""{T}: Target creature you control gets +1/+0 until end of turn. Activate only as a sorcery."" {T}: Choose a color. Add one mana of that color for each different power among creatures you control.",GW
"Selvala, Explorer Returned",28c1b84a-a21b-4df1-9fc9-5b387fb56810,mkc,218,Legendary Creature — Elf Scout,"Parley — {T}: Each player reveals the top card of their library. For each nonland card revealed this way, add {G} and you gain 1 life. Then each player draws a card.",GW
"Selvala, Heart of the Wilds",7d711cb2-4f34-4792-90d7-2be5d329a347,cmm,320,Legendary Creature — Elf Scout,"Whenever another creature enters, its controller may draw a card if its power is greater than each other creature's power. {G}, {T}: Add X mana in any combination of colors, where X is the greatest power among creatures you control.",G
Senator Peacock,8778b33c-efab-4b65-b6e3-f0e3d1d8f937,clu,2,Legendary Creature — Human Advisor,"Artifacts you control are Clues in addition to their other types and have ""{2}, Sacrifice this artifact: Draw a card."" Whenever you sacrifice a Clue, target creature can't be blocked this turn.",U
"Sengir, the Dark Baron",4d51a22e-74fc-442e-945a-56d02ca12713,cmr,149,Legendary Creature — Vampire Noble,"Flying Whenever another creature dies, put two +1/+1 counters on Sengir. Whenever another player loses the game, you gain life equal to that player's life total as the turn began. Partner (You can have two commanders if both have partner.)",B
Sensational Spider-Man,7a938fa9-cba2-4773-9be9-db1e37aa001f,spe,25,Legendary Creature — Spider Human Hero,"Whenever Sensational Spider-Man attacks, tap target creature defending player controls and put a stun counter on it. Then you may remove up to three stun counters from among all permanents. Draw cards equal to the number of stun counters removed this way.",UW
Sensei Golden-Tail,b93dd897-3fb5-48b1-bdff-9383ce1feb21,chk,44,Legendary Creature — Fox Samurai,"Bushido 1 (Whenever this creature blocks or becomes blocked, it gets +1/+1 until end of turn.) {1}{W}, {T}: Put a training counter on target creature. That creature gains bushido 1 and becomes a Samurai in addition to its other creature types. Activate only as a sorcery.",W
Sentinel Sarah Lyons,23b76965-528c-48f9-9ee6-332b09cae664,pip,118,Legendary Creature — Human Knight,"Haste As long as an artifact entered the battlefield under your control this turn, creatures you control get +2/+2. Battalion — Whenever Sentinel Sarah Lyons and at least two other creatures attack, Sentinel Sarah Lyons deals damage equal to the number of artifacts you control to target player.",RW
Sen Triplets,13ac5292-9817-4f5d-b3fa-611f9ba44443,2xm,218,Legendary Artifact Creature — Human Wizard,"At the beginning of your upkeep, choose target opponent. This turn, that player can't cast spells or activate abilities and plays with their hand revealed. You may play lands and cast spells from that player's hand this turn.",BUW
"Senu, Keen-Eyed Protector",5671a03d-0858-41e7-976c-60825c29af04,acr,8,Legendary Creature — Bird Scout,"Flying, vigilance {T}, Exile Senu: You gain 2 life and scry 2. When a legendary creature you control attacks and isn't blocked, if this card is exiled, put it onto the battlefield attacking.",W
"Sephara, Sky's Blade",729ee848-6c27-4202-b2bc-605f45209468,cmm,54,Legendary Creature — Angel,"You may pay {W} and tap four untapped creatures you control with flying rather than pay this spell's mana cost. Flying, lifelink Other creatures you control with flying have indestructible. (Damage and effects that say ""destroy"" don't destroy them.)",W
"Sephiroth, Fabled SOLDIER // Sephiroth, One-Winged Angel",85eaf5e7-77dc-4842-a70c-ce4ac7f724df,fin,115,Legendary Creature — Human Avatar Soldier // Legendary Creature — Angel Nightmare Avatar,,B
"Sephiroth, Fallen Hero",df919eb8-9eff-4777-9c46-94c795cda918,fic,92,Legendary Creature — Human Avatar Soldier,"Jenova Cells — Whenever Sephiroth attacks, you may put a cell counter on target creature. Until end of turn, each modified creature you control has base power and toughness 7/5. (Equipment, Auras you control, and counters are modifications.) The Reunion — {3}, Sacrifice a modified creature: Return this card from your graveyard to the battlefield tapped.",RW
"Sephiroth, Planet's Heir",abd73e52-62f0-4e89-9dc6-90ff0bc2a9b7,fin,553,Legendary Creature — Human Avatar Soldier,"Vigilance (Attacking doesn't cause this creature to tap.) When Sephiroth enters, creatures your opponents control get -2/-2 until end of turn. Whenever a creature an opponent controls dies, put a +1/+1 counter on Sephiroth.",BU
Serah Farron // Crystallized Serah,62fa74c0-43ae-445c-8039-ca9d00e9709a,fin,240,Legendary Creature — Human Citizen // Legendary Artifact,,GW
Sergeant John Benton,01f40e07-f565-4b9e-87a5-5b28b4e9fb0b,who,157,Legendary Creature — Human Soldier,"Trample, haste Share Intelligence — Whenever Sergeant John Benton deals combat damage to a player, you and that player each draw that many cards.",GW
Seshiro the Anointed,3823e561-5a0a-4020-9322-a2b481499807,chk,241,Legendary Creature — Snake Monk,"Other Snake creatures you control get +2/+2. Whenever a Snake you control deals combat damage to a player, you may draw a card.",G
"Sethron, Hurloon General",274cdb39-1454-4c9b-acd8-4f762a48e71f,jmp,25,Legendary Creature — Minotaur Warrior,"Whenever Sethron or another nontoken Minotaur you control enters, create a 2/3 red Minotaur creature token. {2}{B/R}: Minotaurs you control get +1/+0 and gain menace and haste until end of turn. ({B/R} can be paid with either {B} or {R}.)",BR
"Seton, Krosan Protector",641a3bae-9146-4e70-862a-86a56f7c3816,ody,267,Legendary Creature — Centaur Druid,Tap an untapped Druid you control: Add {G}.,G
"Setzer, Wandering Gambler",5e3e5b0f-c702-4671-ad95-ab0cda1ab83d,fic,93,Legendary Creature — Human Rogue Pilot,"When Setzer enters, create The Blackjack, a legendary 3/3 colorless Vehicle artifact token with flying and crew 2. Whenever a Vehicle you control deals combat damage to a player, flip a coin. Whenever you win a coin flip, create two tapped Treasure tokens.",BR
"Sevinne, the Chronoclasm",2c209efe-b4dc-44a3-bd45-d647f5680cbe,c19,49,Legendary Creature — Human Wizard,"Prevent all damage that would be dealt to Sevinne. Whenever you cast your first instant or sorcery spell from your graveyard each turn, copy that spell. You may choose new targets for the copy.",RUW
Seymour Flux,c5fdc78e-0815-443c-8c26-35387b6f4f37,fin,558,Legendary Creature — Spirit Avatar,"At the beginning of your upkeep, you may pay 1 life. If you do, draw a card and put a +1/+1 counter on Seymour Flux.",B
"Shabraz, the Skyshark",9955d172-0b24-4c61-9dee-c935a1f26da2,c20,14,Legendary Creature — Shark Bird,"Partner with Brallin, Skyshark Rider Flying Whenever you draw a card, put a +1/+1 counter on Shabraz and you gain 1 life. {W/U}: Target Human gains flying until end of turn.",UW
"Shadowfax, Lord of Horses",4c7d861d-7832-4c15-8d6c-8c07a9a57891,ltr,227,Legendary Creature — Horse,"Horses you control have haste. (They can attack and {T} as soon as they come under your control.) Whenever Shadowfax attacks, you may put a creature card with lesser power from your hand onto the battlefield tapped and attacking.",RW
"Shadowheart, Dark Justiciar",13a0913d-776b-4ef8-adef-8861349df2b5,clb,146,Legendary Creature — Human Elf Cleric,"{1}{B}, {T}, Sacrifice another creature: Draw X cards, where X is that creature's power. Choose a Background (You can have a Background as a second commander.)",B
"Shadowheart, Sharran Cleric",0a6e81c8-7118-4c54-93b2-f1e8134446d2,hbg,10,Legendary Creature — Human Elf Cleric,"Deathtouch Specialize {2}. Activate only if a player has 13 or less life. At the beginning of your end step, Shadowheart, Sharran Cleric deals 1 damage to each player.",B
"Shadow, Mysterious Assassin",f88d81d9-8ded-4c20-8237-2218046595fb,fic,50,Legendary Creature — Human Assassin,"Deathtouch Throw — Whenever Shadow deals combat damage to a player, you may sacrifice another nonland permanent. If you do, draw two cards and each opponent loses life equal to the mana value of the sacrificed permanent.",B
Shadow the Hedgehog,6c184959-a1e5-40d7-8faa-99310c4156ef,sld,2086,Legendary Creature — Hedgehog Mercenary,"Haste Whenever Shadow the Hedgehog or another creature you control with flash or haste dies, draw a card. Chaos Control — Each spell you cast has split second if mana from an artifact was spent to cast it. (As long as it's on the stack, players can't cast spells or activate abilities that aren't mana abilities.)",BR
Shadrix Silverquill,23111dba-89f4-4663-aca6-953a209e1bd9,tdc,302,Legendary Creature — Elder Dragon,"Flying, double strike At the beginning of combat on your turn, you may choose two. Each mode must target a different player. • Target player creates a 2/1 white and black Inkling creature token with flying. • Target player draws a card and loses 1 life. • Target player puts a +1/+1 counter on each creature they control.",BW
"Shagrat, Loot Bearer",0731f64a-15da-4814-82e9-3a42e1657f36,ltr,228,Legendary Creature — Orc Soldier,"Whenever Shagrat attacks, attach up to one target Equipment to it. Then amass Orcs X, where X is the number of Equipment attached to Shagrat. (Control of the Equipment doesn't change. To amass Orcs X, put X +1/+1 counters on an Army you control. It's also an Orc. If you don't control an Army, create a 0/0 black Orc Army creature token first.)",BR
"Shaile, Dean of Radiance // Embrose, Dean of Shadow",938cee8f-ac2c-49a5-9ff7-1367d0edfabe,stx,158,Legendary Creature — Bird Cleric // Legendary Creature — Human Warlock,,BW
Shalai and Hallar,80804f25-efc3-44a2-bbae-9a97fec98009,moc,10,Legendary Creature — Angel Elf,"Flying, vigilance Whenever one or more +1/+1 counters are put on a creature you control, Shalai and Hallar deals that much damage to target opponent.",GRW
"Shalai, Voice of Plenty",53876046-cdb8-4157-96cd-7832d3ad2549,tdc,130,Legendary Creature — Angel,"Flying You, planeswalkers you control, and other creatures you control have hexproof. {4}{G}{G}: Put a +1/+1 counter on each creature you control.",GW
Shameless Charlatan,e65ad0e2-8f78-4e60-a97e-1cd20901680f,clb,96,Legendary Enchantment — Background,"Commander creatures you own have ""{2}{U}: This creature becomes a copy of another target creature.""",U
"Shanid, Sleepers' Scourge",1b0fb859-055d-4aa1-814c-0894cd2ccd4a,dmc,4,Legendary Creature — Human Knight,"Menace Other legendary creatures you control have menace. Whenever you play a legendary land or cast a legendary spell, you draw a card and you lose 1 life.",BRW
"Shanna, Purifying Blade",7261c443-8d27-4d85-8027-2a0271b85e07,dmu,218,Legendary Creature — Human Warrior,"Lifelink At the beginning of your end step, you may pay {X}. If you do, draw X cards. X can't be greater than the amount of life you gained this turn.",GUW
"Shanna, Sisay's Legacy",b90df81c-d738-46b3-8e96-9db0b3507ee0,dom,204,Legendary Creature — Human Warrior,Shanna can't be the target of abilities your opponents control. Shanna gets +1/+1 for each creature you control.,GW
"Shantotto, Tactician Magician",eff984b2-6ea9-4471-91c5-99c47f87f10b,fin,241,Legendary Creature — Dwarf Wizard,"Whenever you cast a noncreature spell, Shantotto gets +X/+0 until end of turn, where X is the amount of mana spent to cast that spell. If X is 4 or more, draw a card.",RU
Shao Jun,085568e5-d622-45ff-9a31-52eaa513ff31,acr,63,Legendary Creature — Human Assassin,"Leap Strike — During your turn, Shao Jun has flying and first strike. Rope Dart — Tap two untapped artifacts you control: Shao Jun deals 1 damage to each opponent.",RU
Sharae of Numbing Depths,600bc36a-3ef0-459c-9a93-94ec45b8c3d9,woe,213,Legendary Creature — Merfolk Wizard,"When Sharae enters, tap target creature an opponent controls and put a stun counter on it. (If a permanent with a stun counter would become untapped, remove one from it instead.) Whenever you tap one or more untapped creatures your opponents control, draw a card. This ability triggers only once each turn.",UW
"Sharkey, Tyrant of the Shire",e0e446bd-8295-4fca-957a-e4710a15d8e8,ltr,229,Legendary Creature — Avatar Rogue,Activated abilities of lands your opponents control can't be activated unless they're mana abilities. Sharkey has all activated abilities of lands your opponents control except mana abilities. Mana of any type can be spent to activate Sharkey's abilities.,BU
Sharuum the Hegemon,af80ef38-ab95-476f-b0dd-b5ef3e9bceab,2xm,219,Legendary Artifact Creature — Sphinx,"Flying When Sharuum enters, you may return target artifact card from your graveyard to the battlefield.",BUW
Shattergang Brothers,52a30e27-4c52-4191-8541-e25732a2dd42,2x2,275,Legendary Creature — Goblin Artificer,"{2}{B}, Sacrifice a creature: Each other player sacrifices a creature. {2}{R}, Sacrifice an artifact: Each other player sacrifices an artifact. {2}{G}, Sacrifice an enchantment: Each other player sacrifices an enchantment.",BGR
"Shauku, Endbringer",06d94b21-7568-4e5c-a8ec-ff5bb48a4f36,mir,142,Legendary Creature — Vampire,"Flying Shauku can't attack if there's another creature on the battlefield. At the beginning of your upkeep, you lose 3 life. {T}: Exile target creature and put a +1/+1 counter on Shauku.",B
"Shaun, Father of Synths",68af449f-3c30-43ea-be60-d85061d7adbd,pip,119,Legendary Creature — Human Scientist,"Whenever you attack, you may create a tapped and attacking token that's a copy of target attacking legendary creature you control other than Shaun, except it's not legendary and it's a Synth artifact creature in addition to its other types. When Shaun leaves the battlefield, exile all Synth tokens you control.",RU
"Shaun & Rebecca, Agents",d90080ea-062b-4b92-89e7-b6dcb2c70a8c,acr,64,Legendary Creature — Human Assassin Scientist,"Vigilance When Shaun & Rebecca enters, search your graveyard, hand, and library for a card named The Animus and put it onto the battlefield, then shuffle. {T}: Add {C}. When you do, mill two cards.",GUW
Shay Cormac,42ca7f13-df00-4904-a7be-44f94272bfee,acr,65,Legendary Creature — Human Knight Rogue,"{1}: Permanents your opponents control lose hexproof, indestructible, protection, shroud, and ward until end of turn. Whenever a creature an opponent controls becomes the target of a spell or ability you control, put a bounty counter on that creature. Whenever a creature with a bounty counter on it dies, put two +1/+1 counters on Shay Cormac.",BW
"Shelinda, Yevon Acolyte",6f2cec5d-50ea-4d0f-8925-eba06222d015,fic,94,Legendary Creature — Human Cleric,"Lifelink Whenever another creature you control enters, put a +1/+1 counter on that creature if its power is less than Shelinda's power. Otherwise, put a +1/+1 counter on Shelinda.",GW
"Shelob, Child of Ungoliant",a14c4b29-3363-45ce-9190-0f79e1a0ef7f,ltr,230,Legendary Creature — Spider Demon,"Deathtouch, ward {2} Other Spiders you control have deathtouch and ward {2}. Whenever another creature dealt damage this turn by a Spider you controlled dies, create a token that's a copy of that creature, except it's a Food artifact with ""{2}, {T}, Sacrifice this token: You gain 3 life,"" and it loses all other card types.",BG
"Shelob, Dread Weaver",83944c19-6f9b-4043-9eeb-1a4ca452f698,ltc,29,Legendary Creature — Spider Demon,"Whenever a nontoken creature an opponent controls dies, exile it. {2}{B}, Put a creature card exiled with Shelob into its owner's graveyard: Put two +1/+1 counters on Shelob. Draw a card. {X}{1}{B}: Put target creature card with mana value X exiled with Shelob onto the battlefield tapped under your control.",B
"Sheoldred, the Apocalypse",d67be074-cdd4-41d9-ac89-0a0456c4e4b2,dmu,107,Legendary Creature — Phyrexian Praetor,"Deathtouch Whenever you draw a card, you gain 2 life. Whenever an opponent draws a card, they lose 2 life.",B
Sheoldred // The True Scriptures,bf2249e6-af74-4b88-8eb7-144ce8fa7f6b,mom,125,Legendary Creature — Phyrexian Praetor // Enchantment — Saga,,B
"Sheoldred, Whispering One",8b207a4a-47d1-4905-81d3-455c59bfd7da,jmp,278,Legendary Creature — Phyrexian Praetor,"Swampwalk (This creature can't be blocked as long as defending player controls a Swamp.) At the beginning of your upkeep, return target creature card from your graveyard to the battlefield. At the beginning of each opponent's upkeep, that player sacrifices a creature of their choice.",B
"Shessra, Death's Whisper",60ca5fef-af21-4e2b-9efa-61e08a638a1f,afr,231,Legendary Creature — Human Elf Warlock,"Bewitching Whispers — When Shessra enters, target creature blocks this turn if able. Whispers of the Grave — At the beginning of your end step, if a creature died this turn, you may pay 2 life. If you do, draw a card.",BG
"Shigeki, Jukai Visionary",ed8ea0da-c9d4-4158-aaa7-ebe2fe2b1e15,tdc,270,Legendary Enchantment Creature — Snake Druid,"{1}{G}, {T}, Return Shigeki to its owner's hand: Reveal the top four cards of your library. You may put a land card from among them onto the battlefield tapped. Put the rest into your graveyard. Channel — {X}{X}{G}{G}, Discard this card: Return X target nonlegendary cards from your graveyard to your hand.",G
"Shiko and Narset, Unified",5a42fc7d-52ac-4e95-9e04-8f8fa7f687c8,tdc,7,Legendary Creature — Human Spirit Dragon,"Flying, vigilance Flurry — Whenever you cast your second spell each turn, copy that spell if it targets a permanent or player, and you may choose new targets for the copy. If you don't copy a spell this way, draw a card.",RUW
"Shiko, Paragon of the Way",8138cf10-1e3e-483f-86ad-cc399192657d,tdm,223,Legendary Creature — Spirit Dragon,"Flying, vigilance When Shiko enters, exile target nonland card with mana value 3 or less from your graveyard. Copy it, then you may cast the copy without paying its mana cost. (A copy of a permanent spell becomes a token.)",RUW
"Shilgengar, Sire of Famine",9e6aba35-bee5-4058-a2df-d73506d225c2,mh3,109,Legendary Creature — Elder Demon,"Flying Sacrifice another creature: Create a Blood token. If you sacrificed an Angel this way, create a number of Blood tokens equal to its toughness instead. {W/B}{W/B}{W/B}, Sacrifice six Blood tokens: Return each creature card from your graveyard to the battlefield with a finality counter on it. Those creatures are Vampires in addition to their other types.",BW
Shimatsu the Bloodcloaked,71de0e2c-61ca-496e-8990-ed0e6f6521a6,chk,186,Legendary Creature — Demon Spirit,"As Shimatsu enters, sacrifice any number of permanents. Shimatsu enters with that many +1/+1 counters on it.",R
"Shirei, Shizo's Caretaker",69848ec1-dba7-419f-a5f9-f934bebeeaa6,cmm,186,Legendary Creature — Spirit,"Whenever a creature with power 1 or less is put into your graveyard from the battlefield, you may return that card to the battlefield at the beginning of the next end step if Shirei is still on the battlefield.",B
"Shisato, Whispering Hunter",5cc79c9c-f776-4c55-a7d1-9fac33f14630,chk,242,Legendary Creature — Snake Warrior,"At the beginning of your upkeep, sacrifice a Snake. Whenever Shisato deals combat damage to a player, that player skips their next untap step.",G
"Shizuko, Caller of Autumn",dab9407d-9389-4ec9-963c-80de095a6812,bok,144,Legendary Creature — Snake Shaman,"At the beginning of each player's upkeep, that player adds {G}{G}{G}. Until end of turn, they don't lose this mana as steps and phases end.",G
"Shocker, Unshakable",8b2c0d9a-364a-4823-aa4c-fe473d4463f0,spm,89,Legendary Creature — Human Rogue Villain,"During your turn, Shocker has first strike. Vibro-Shock Gauntlets — When Shocker enters, he deals 2 damage to target creature and 2 damage to that creature's controller.",R
"Shorikai, Genesis Engine",969ac7dd-f3aa-4888-9ff0-d16a31b5e7a9,nec,4,Legendary Artifact — Vehicle,"{1}, {T}: Draw two cards, then discard a card. Create a 1/1 colorless Pilot creature token with ""This token crews Vehicles as though its power were 2 greater."" Crew 8 (Tap any number of creatures you control with total power 8 or more: This Vehicle becomes an artifact creature until end of turn.) Shorikai, Genesis Engine can be your commander.",UW
"Shriek, Treblemaker",01f1900e-b10f-47dd-8b3d-6913fa661186,spm,144,Legendary Creature — Mutant Villain,"At the beginning of your first main phase, you may discard a card. When you do, target creature can't block this turn. Sonic Blast — Whenever a creature an opponent controls dies, Shriek deals 1 damage to that player.",BR
Shroofus Sproutsire,d29839f0-afe0-4caa-9628-655738aecce4,j25,54,Legendary Creature — Saproling,"Trample Whenever a Saproling you control deals combat damage to a player, create that many 1/1 green Saproling creature tokens.",G
"Shu Yun, the Silent Tempest",bd79e83a-a34b-472c-9317-12af4ed2ca28,frf,52,Legendary Creature — Human Monk,"Prowess (Whenever you cast a noncreature spell, this creature gets +1/+1 until end of turn.) Whenever you cast a noncreature spell, you may pay {R/W}{R/W}. If you do, target creature gains double strike until end of turn.",RUW
"Siani, Eye of the Storm",8812e448-241e-4640-9cb6-0cdbe1ad2fcc,cmr,95,Legendary Creature — Djinn Monk,"Flying Whenever Siani attacks, scry X, where X is the number of attacking creatures with flying. Partner (You can have two commanders if both have partner.)",U
Sidar Jabari,c6d7c16b-27f2-4608-bb79-c2edb86abdef,vma,45,Legendary Creature — Human Knight,"Flanking (Whenever a creature without flanking blocks this creature, the blocking creature gets -1/-1 until end of turn.) Whenever Sidar Jabari attacks, tap target creature defending player controls.",W
Sidar Jabari of Zhalfir,5fc707be-9286-4ba1-90f6-475265d19ed2,moc,5,Legendary Creature — Human Knight,"Eminence — Whenever you attack with one or more Knights, if Sidar Jabari is in the command zone or on the battlefield, draw a card, then discard a card. Flying, first strike Whenever Sidar Jabari deals combat damage to a player, return target Knight creature card from your graveyard to the battlefield.",BUW
Sidar Kondo of Jamuraa,755cf134-e91e-4aa4-be44-b7a53a7f9e20,tdc,303,Legendary Creature — Human Knight,"Flanking (Whenever a creature without flanking blocks this creature, the blocking creature gets -1/-1 until end of turn.) Creatures your opponents control without flying or reach can't block creatures with power 2 or less. Partner (You can have two commanders if both have partner.)",GW
"Sidisi, Brood Tyrant",6b8e44d4-db67-4bf4-97c0-ffe6a0eb2954,cmm,355,Legendary Creature — Snake Shaman,"Whenever Sidisi enters or attacks, mill three cards. Whenever one or more creature cards are put into your graveyard from your library, create a 2/2 black Zombie creature token.",BGU
"Sidisi, Regent of the Mire",47374d23-662b-4ba7-a94f-37c9bc759cc6,tdm,92,Legendary Creature — Zombie Snake Warlock,"{T}, Sacrifice a creature you control with mana value X other than Sidisi: Return target creature card with mana value X plus 1 from your graveyard to the battlefield. Activate only as a sorcery.",B
"Sidisi, Undead Vizier",6ea5dbba-6114-4d97-9363-817ab9e896d3,dtk,120,Legendary Creature — Zombie Snake,"Deathtouch Exploit (When this creature enters, you may sacrifice a creature.) When Sidisi exploits a creature, you may search your library for a card, put it into your hand, then shuffle.",B
"Siegfried, Famed Swordsman",69dadb0c-413e-4658-9cdc-23a65df7a800,fic,51,Legendary Creature — Human Warrior Rogue,"Menace When Siegfried enters, mill three cards. Then put X +1/+1 counters on Siegfried, where X is twice the number of creature cards in your graveyard.",B
"Sierra, Nuka's Biggest Fan",641dd97c-6577-4cab-8672-56f870477961,pip,25,Legendary Creature — Human Citizen,"The Nuka-Cola Challenge — Whenever one or more creatures you control deal combat damage to a player, put a quest counter on Sierra and create a Food token. Whenever you sacrifice a Food, target creature you control gets +X/+X until end of turn, where X is the number of quest counters on Sierra.",W
"Sigarda, Champion of Light",5c6cf357-c231-4512-aa9a-ab4a60007136,mid,240,Legendary Creature — Angel,"Flying, trample Humans you control get +1/+1. Coven — Whenever Sigarda attacks, if you control three or more creatures with different powers, look at the top five cards of your library. You may reveal a Human creature card from among them and put it into your hand. Put the rest on the bottom of your library in a random order.",GW
"Sigarda, Font of Blessings",cba71725-d6df-44d7-a93b-934573759711,mat,47,Legendary Creature — Angel,Flying Other permanents you control have hexproof. You may look at the top card of your library any time. You may cast Angel spells and Human spells from the top of your library.,GW
"Sigarda, Heron's Grace",a1de7031-f589-4af5-9c63-06fb7ec7a6b5,mic,155,Legendary Creature — Angel,"Flying You and Humans you control have hexproof. {2}, Exile a card from your graveyard: Create a 1/1 white Human Soldier creature token.",GW
"Sigarda, Host of Herons",8f7a6f6d-dfe3-40d3-90dc-58baa8924baf,inr,247,Legendary Creature — Angel,"Flying, hexproof Spells and abilities your opponents control can't cause you to sacrifice permanents.",GW
"Sigrid, God-Favored",aeec3c1e-e612-4700-888e-300912932552,khm,29,Legendary Creature — Human Warrior,"Flash First strike, protection from God creatures When Sigrid enters, exile up to one target attacking or blocking creature until Sigrid leaves the battlefield.",W
"Sigurd, Jarl of Ravensthorpe",25ceade9-f12a-4724-b198-312fb4b1210b,acr,66,Legendary Creature — Human Warrior,"Vigilance, trample, lifelink Boast — {1}: Put a lore counter on target Saga you control or remove one from it. (Activate only if this creature attacked this turn and only once each turn.) Whenever you put a lore counter on a Saga you control, put a +1/+1 counter on up to one other target creature.",GRW
"Silas Renn, Seeker Adept",4e3fe912-1374-47c7-b73f-89ef55c479c1,c16,43,Legendary Artifact Creature — Human,"Deathtouch Whenever Silas Renn deals combat damage to a player, choose target artifact card in your graveyard. You may cast that card this turn. Partner (You can have two commanders if both have partner.)",BU
"Silk, Web Weaver",588dc8d9-6ce0-4bd7-afbd-84bb251fdcb1,spm,145,Legendary Creature — Spider Human Hero,"Web-slinging {1}{G}{W} (You may cast this spell for {1}{G}{W} if you also return a tapped creature you control to its owner's hand.) Whenever you cast a creature spell, create a 1/1 green and white Human Citizen creature token. {3}{G}{W}: Creatures you control get +2/+2 and gain vigilance until end of turn.",GW
"Silumgar, the Drifting Death",ca5afa5e-6e8d-4390-8de5-217413807d89,c17,194,Legendary Creature — Dragon,"Flying, hexproof Whenever a Dragon you control attacks, creatures defending player controls get -1/-1 until end of turn.",BU
"Silvar, Devourer of the Free",fc9cbc83-b9e3-4a22-948b-5a71112154c1,c20,15,Legendary Creature — Cat Nightmare,"Partner with Trynn, Champion of Freedom (When this creature enters, target player may put Trynn into their hand from their library, then shuffle.) Menace Sacrifice a Human: Put a +1/+1 counter on Silvar. It gains indestructible until end of turn.",BR
"Silver Sable, Mercenary Leader",cf0d4116-acee-4d9a-985c-396d10e03838,spm,13,Legendary Creature — Human Mercenary Hero,"When Silver Sable enters, put a +1/+1 counter on another target creature. Whenever Silver Sable attacks, target modified creature you control gains lifelink until end of turn. (Equipment, Auras you control, and counters are modifications.)",W
"Silvos, Rogue Elemental",f1175357-01fe-438c-93bc-09e29ed8c9cb,ema,186,Legendary Creature — Elemental,Trample {G}: Regenerate Silvos.,G
"Sima Yi, Wei Field Marshal",6500b690-d601-4c6d-baea-552e366ea242,ptk,82,Legendary Creature — Human Soldier,Sima Yi's power is equal to the number of Swamps you control.,B
"Sin, Spira's Punishment",659be746-bd31-4a70-8cec-7798da78b0b5,fin,242,Legendary Creature — Leviathan Avatar,"Flying Whenever Sin enters or attacks, exile a permanent card from your graveyard at random, then create a tapped token that's a copy of that card. If the exiled card is a land card, repeat this process.",BGU
"Sin, Unending Cataclysm",fc0474b7-3d32-49b4-80c7-822de6cdbfa6,fic,95,Legendary Creature — Leviathan Avatar,"Flying, trample As Sin enters, remove all counters from any number of artifacts, creatures, and enchantments. Sin enters with X +1/+1 counters on it, where X is twice the number of counters removed this way. When Sin dies, put its counters on target creature you control, then shuffle this card into its owner's library.",GU
"Siona, Captain of the Pyleas",2b1d890f-7ef8-47b9-9ec8-f3884a1d09db,thb,226,Legendary Creature — Human Soldier,"When Siona enters, look at the top seven cards of your library. You may reveal an Aura card from among them and put it into your hand. Put the rest on the bottom of your library in a random order. Whenever an Aura you control becomes attached to a creature you control, create a 1/1 white Human Soldier creature token.",GW
Sir Shandlar of Eberyn,2a92c419-8f1e-4604-824d-28b086b54216,me3,174,Legendary Creature — Human Knight,,GW
"Sisay, Weatherlight Captain",5a293c45-1e73-4527-be2f-2dcd5c47b610,mh1,29,Legendary Creature — Human Soldier,"Sisay gets +1/+1 for each color among other legendary permanents you control. {W}{U}{B}{R}{G}: Search your library for a legendary permanent card with mana value less than Sisay's power, put that card onto the battlefield, then shuffle.",BGRUW
Sisters of Stone Death,d214d25b-96c3-4479-88f0-3996805d6e6f,rav,231,Legendary Creature — Gorgon,{G}: Target creature blocks Sisters of Stone Death this turn if able. {B}{G}: Exile target creature blocking or blocked by Sisters of Stone Death. {2}{B}: Put a creature card exiled with Sisters of Stone Death onto the battlefield under your control.,BG
"Sita Varma, Masked Racer",eb523c06-6f3e-4e19-b777-19aefc4a4e02,dft,223,Legendary Creature — Human Rogue,Exhaust — {X}{G}{G}{U}: Put X +1/+1 counters on Sita Varma. Then you may have the base power and toughness of each other creature you control become equal to Sita Varma's power until end of turn. (Activate each exhaust ability only once.),GU
"Sivitri, Dragon Master",b7505068-484e-4844-b3dd-89c28f18275d,dmc,43,Legendary Planeswalker — Sivitri,"+1: Until your next turn, creatures can't attack you or planeswalkers you control unless their controller pays 2 life for each of those creatures. −3: Search your library for a Dragon card, reveal it, put it into your hand, then shuffle. −7: Destroy all non-Dragon creatures. Sivitri, Dragon Master can be your commander.",BU
Sivitri Scarzam,1575410c-a525-4326-9209-917d2d712559,me3,175,Legendary Creature — Human,,BU
"Sivriss, Nightmare Speaker",334bc010-5b60-4075-be12-0b36f41f32c6,clb,148,Legendary Creature — Snake Cleric Warlock,"{T}, Sacrifice another creature or an artifact: For each opponent, you mill a card, then return that card from your graveyard to your hand unless that player pays 3 life. (To mill a card, put the top card of your library into your graveyard.) Choose a Background (You can have a Background as a second commander.)",B
Six,f9246b68-580f-4f53-883d-7900880e4b0d,mh3,169,Legendary Creature — Treefolk,"Reach Whenever Six attacks, mill three cards. You may put a land card from among them into your hand. During your turn, nonland permanent cards in your graveyard have retrace. (You may cast permanent cards from your graveyard by discarding a land card in addition to paying their other costs.)",G
Skanos Dragonheart,e2f9233c-9d9f-480b-89fb-54d74d63a17a,clb,255,Legendary Creature — Dragon Ranger,"Whenever Skanos Dragonheart attacks, it gets +X/+X until end of turn, where X is the greatest power among other Dragons you control and Dragon cards in your graveyard. Choose a Background (You can have a Background as a second commander.)",G
"Skanos, Dragon Vassal",60af8bda-e92f-400d-aedf-00a534184e20,hbg,18,Legendary Creature — Dragon Ranger,"Specialize {4} Whenever Skanos, Dragon Vassal attacks, another target attacking creature gets +X/+0 until end of turn, where X is Skanos's power.",G
Skeleton Ship,060b8dd4-d632-4216-87ba-355ab8a62e39,me2,197,Legendary Creature — Skeleton,"When you control no Islands, sacrifice Skeleton Ship. {T}: Put a -1/-1 counter on target creature.",BU
"Skithiryx, the Blight Dragon",442dc5fd-0b44-4263-b2af-155703514e65,omb,22,Legendary Creature — Phyrexian Dragon Skeleton,Flying Infect (This creature deals damage to creatures in the form of -1/-1 counters and to players in the form of poison counters.) {B}: Skithiryx gains haste until end of turn. {B}{B}: Regenerate Skithiryx.,B
"Skoa, Embermage",cf34b0f8-a68a-428f-9f2c-9556229367ec,mh3,138,Legendary Creature — Goblin Wizard,"When Skoa enters, it deals 4 damage to any target. Grandeur — Discard another card named Skoa, Embermage, Sacrifice two Mountains: Skoa deals 4 damage to any target.",R
"Skrelv, Defector Mite",60b565da-a49b-479c-b0c4-8ff3dd20cc0b,one,33,Legendary Artifact Creature — Phyrexian Mite,"Toxic 1 (Players dealt combat damage by this creature also get a poison counter.) Skrelv can't block. {W/P}, {T}: Choose a color. Another target creature you control gains toxic 1 and hexproof from that color until end of turn. It can't be blocked by creatures of that color this turn. ({W/P} can be paid with either {W} or 2 life.)",W
"Skullbriar, the Walking Grave",3dd0bf11-4e43-43f1-82e3-755beed0ede0,2x2,277,Legendary Creature — Zombie Elemental,"Haste Whenever Skullbriar deals combat damage to a player, put a +1/+1 counter on it. Counters remain on Skullbriar as it moves to any zone other than a player's hand or library.",BG
Skyfire Kirin,2d425562-3f0f-4aa3-a761-48ba445b8380,sok,113,Legendary Creature — Kirin Spirit,"Flying Whenever you cast a Spirit or Arcane spell, you may gain control of target creature with that spell's mana value until end of turn.",R
"Skysovereign, Consul Flagship",4f8075be-8932-49b3-990b-4b365fa27e94,nec,159,Legendary Artifact — Vehicle,"Flying Whenever Skysovereign enters or attacks, it deals 3 damage to target creature or planeswalker an opponent controls. Crew 3 (Tap any number of creatures you control with total power 3 or more: This Vehicle becomes an artifact creature until end of turn.)",
"Slicer, Hired Muscle // Slicer, High-Speed Antagonist",9d9a9350-4734-4cc1-986d-467e6715199f,bot,6,Legendary Artifact Creature — Robot // Legendary Artifact — Vehicle,,R
Slimefoot and Squee,9e449e38-6f03-4316-8ebc-d0faf79d6bc7,moc,447,Legendary Creature — Fungus Goblin,"Whenever Slimefoot and Squee enters or attacks, create a 1/1 green Saproling creature token. {1}{B}{R}{G}, Sacrifice a Saproling: Return this card and up to one other target creature card from your graveyard to the battlefield. Activate only as a sorcery.",BGR
"Slimefoot, Thallid Transplant",1e7ad762-fa7f-4074-8bf9-5c6e92b1436d,ydmu,26,Legendary Creature — Fungus,"Whenever a Swamp or Forest enters under your control, draft a card from Slimefoot, Thallid Transplant's spellbook.",BG
"Slimefoot, the Stowaway",cb12173d-3afb-4e8b-b612-fa7737a8c6c2,cmm,356,Legendary Creature — Fungus,"Whenever a Saproling you control dies, Slimefoot deals 1 damage to each opponent and you gain 1 life. {4}: Create a 1/1 green Saproling creature token.",BG
"Slinn Voda, the Rising Deep",cebf2c16-bd9d-4a8f-a1b6-6e0c393178bc,cmr,405,Legendary Creature — Leviathan,"Kicker {1}{U} (You may pay an additional {1}{U} as you cast this spell.) When Slinn Voda enters, if it was kicked, return all creatures to their owners' hands except for Merfolk, Krakens, Leviathans, Octopuses, and Serpents.",U
"Slinza, the Spiked Stampede",9c442742-902c-49ae-813e-38a21ff8a78f,j25,55,Legendary Creature — Beast,"Beast spells you cast cost {2} less to cast. Each other Beast creature you control enters with an additional +1/+1 counter on it. Whenever Slinza or another creature with power 4 or greater enters, you may pay {1}{R/G}. When you do, Slinza fights target creature you don't control.",GR
Sliver Gravemother,9f5d253e-9eb2-423c-90ee-68f27ec6bf88,cmm,707,Legendary Creature — Sliver,"The ""legend rule"" doesn't apply to Slivers you control. Each Sliver creature card in your graveyard has encore {X}, where X is its mana value. Encore {5} ({5}, Exile this card from your graveyard: For each opponent, create a token copy that attacks that opponent this turn if able. They gain haste. Sacrifice them at the beginning of the next end step. Activate only as a sorcery.)",BGRUW
Sliver Hivelord,2b902f64-7795-4f1f-81e6-26db7c78a10c,cmm,937,Legendary Creature — Sliver,"Sliver creatures you control have indestructible. (Damage and effects that say ""destroy"" don't destroy them.)",BGRUW
Sliver Legion,87545415-2e27-4841-a3af-7653af2ba6d3,tsr,261,Legendary Creature — Sliver,All Sliver creatures get +1/+1 for each other Sliver on the battlefield.,BGRUW
Sliver Overlord,3c16915b-c50d-4fb5-830f-9ca4597a9c0f,scg,139,Legendary Creature — Sliver Mutant,"{3}: Search your library for a Sliver card, reveal that card, put it into your hand, then shuffle. {3}: Gain control of target Sliver. (This effect lasts indefinitely.)",BGRUW
Sliver Queen,096cff82-28eb-4096-be1d-a02b9a56e682,tpr,211,Legendary Creature — Sliver,{2}: Create a 1/1 colorless Sliver creature token.,BGRUW
Sliver Weftwinder,b655bd72-e1b1-4d39-aa44-7f38c78b55c4,yeoe,25,Legendary Creature — Sliver,"Sliver cards in your hand have warp {3}. Sliver creatures you control have ""When this creature enters, conjure a random card from the Slivers Spellbook into the top ten cards of your library at random, then draw a card."" Warp {3}",BGRUW
"Slobad, Goblin Tinkerer",4256dcc1-0eee-4385-9a5c-70abb212bf49,c16,133,Legendary Creature — Goblin Artificer,Sacrifice an artifact: Target artifact gains indestructible until end of turn.,R
"Slobad, Iron Goblin",2b7dadf0-7323-403e-b353-33c121bdb0db,one,149,Legendary Creature — Phyrexian Goblin Artificer,"{T}, Sacrifice an artifact: Add an amount of {R} equal to the sacrificed artifact's mana value. Spend this mana only to cast artifact spells or activate abilities of artifacts.",R
"Slogurk, the Overslime",f94e888b-6eeb-4ef3-ab21-5ed2bf0036a3,mid,242,Legendary Creature — Ooze,"Trample Whenever a land card is put into your graveyard from anywhere, put a +1/+1 counter on Slogurk. Remove three +1/+1 counters from Slogurk: Return it to its owner's hand. When Slogurk leaves the battlefield, return up to three target land cards from your graveyard to your hand.",GU
"Slurrk, All-Ingesting",8107fd21-7d34-44ce-afb8-920eab3b924e,moc,312,Legendary Creature — Ooze,"Slurrk enters with five +1/+1 counters on it. Whenever Slurrk or another creature you control dies, if it had a +1/+1 counter on it, put a +1/+1 counter on each creature you control that has a +1/+1 counter on it. Partner (You can have two commanders if both have partner.)",G
"Sméagol, Helpful Guide",13253f8d-1897-41e8-a904-9e57ac7eff0a,ltr,231,Legendary Creature — Halfling Horror,"At the beginning of your end step, if a creature died under your control this turn, the Ring tempts you. Whenever the Ring tempts you, target opponent reveals cards from the top of their library until they reveal a land card. Put that card onto the battlefield tapped under your control and the rest into their graveyard.",BG
"Snapdax, Apex of the Hunt",51fdeeb7-9868-4fc2-9c53-806244cd5488,iko,209,Legendary Creature — Dinosaur Cat Nightmare,"Mutate {2}{B/R}{W}{W} (If you cast this spell for its mutate cost, put it over or under target non-Human creature you own. They mutate into the creature on top plus all abilities from under it.) Double strike Whenever this creature mutates, it deals 4 damage to target creature or planeswalker an opponent controls and you gain 4 life.",BRW
Snow Villiers,399bb699-e61d-4b41-b6e9-e594cbad6194,fin,33,Legendary Creature — Human Rebel Monk,Vigilance Snow Villiers's power is equal to the number of creatures you control.,W
"Sokka, Bold Boomeranger",4a1f1472-55b4-450d-8e4d-7297130a0cf3,tla,240,Legendary Creature — Human Warrior Ally,"When Sokka enters, discard up to two cards, then draw that many cards. Whenever you cast an artifact or Lesson spell, put a +1/+1 counter on Sokka.",RU
"Sokka, Lateral Strategist",1326c5db-4615-495f-8e30-376243d91352,tla,241,Legendary Creature — Human Warrior Ally,"Vigilance Whenever Sokka and at least one other creature attack, draw a card.",UW
"Sokka, Wolf Cove's Protector",039cb105-f8f7-4d04-a137-34b13491ee9a,tle,219,Legendary Creature — Human Warrior Ally,Vigilance (Attacking doesn't cause this creature to tap.),W
"Sokrates, Athenian Teacher",f9266244-e8bc-47f8-a440-55d208b961df,acr,67,Legendary Creature — Human Advisor,"Defender Sokrates has hexproof as long as it's untapped. Sokratic Dialogue — {T}: Until end of turn, target creature gains ""If this creature would deal combat damage to a player, prevent that damage. This creature's controller and that player each draw half that many cards, rounded down.""",UW
"Solaflora, Intergalactic Icon",1a97764c-0d47-4cca-8a02-2b9aade662e1,unf,27,Legendary Creature — Human Guest,"Auras and Equipment you control attached to Solaflora, Intergalactic Icon affect other creatures you control as though those Auras and Equipment were attached to them. Counters and stickers on Solaflora affect other creatures you control as though those counters and stickers were on them.",W
Sol'kanar the Swamp King,88b4cb6a-ac4f-48ac-8c94-ba2b8e6b32a8,dmr,200,Legendary Creature — Demon,"Swampwalk (This creature can't be blocked as long as defending player controls a Swamp.) Whenever a player casts a black spell, you gain 1 life.",BRU
Sol'Kanar the Tainted,3027347d-5fd3-47cd-83d4-8c834e00794c,dmu,219,Legendary Creature — Elemental Demon,"At the beginning of your end step, choose one that hasn't been chosen — • Draw a card. • Each opponent loses 2 life and you gain 2 life. • Sol'Kanar deals 3 damage to up to one other target creature or planeswalker. • Exile Sol'Kanar, then return it to the battlefield under an opponent's control.",BRU
"Solphim, Mayhem Dominus",c3a0c7f3-7fb9-43de-a9af-96532c31e5ed,one,150,Legendary Creature — Phyrexian Horror,"If a source you control would deal noncombat damage to an opponent or a permanent an opponent controls, it deals double that damage to that player or permanent instead. {1}{R/P}{R/P}, Discard two cards: Put an indestructible counter on Solphim. ({R/P} can be paid with either {R} or 2 life.)",R
Sonic the Hedgehog,072a0e6f-e636-4ce1-a253-580ab956410e,sld,2087,Legendary Creature — Hedgehog Warrior,"Haste Gotta Go Fast — Whenever Sonic the Hedgehog attacks, put a +1/+1 counter on each creature you control with flash or haste. Whenever a creature you control with flash or haste is dealt damage, create a tapped Treasure token.",RUW
"Sophia, Dogged Detective",df653cf9-5a99-4f81-adb4-c155a9a63226,mkc,8,Legendary Creature — Human Detective,"When Sophia enters, create Tiny, a legendary 2/2 green Dog Detective creature token with trample. {1}, Sacrifice an artifact token: Put a +1/+1 counter on each Dog you control. Whenever a Dog you control deals combat damage to a player, create a Food token, then investigate.",GUW
"Sophina, Spearsage Deserter",e0a64924-068e-483f-91a6-d450b67b3c75,slx,7,Legendary Creature — Human Soldier,"Menace Whenever Sophina, Spearsage Deserter attacks, investigate once for each nontoken attacking creature. (To investigate, create a Clue token. It's an artifact with ""{2}, Sacrifice this artifact: Draw a card."") Friends forever (You can have two commanders if both have friends forever.)",RW
"Soramaro, First to Dream",e56de23d-7281-42f9-afce-7a81438dae5d,sok,58,Legendary Creature — Spirit,"Flying Soramaro's power and toughness are each equal to the number of cards in your hand. {4}, Return a land you control to its owner's hand: Draw a card.",U
Soraya the Falconer,19fb3ce2-a660-4829-9af4-330cfd612f06,hml,18,Legendary Creature — Human,"Bird creatures get +1/+1. {1}{W}: Target Bird creature gains banding until end of turn. (Any creatures with banding, and up to one without, can attack in a band. Bands are blocked as a group. If any creatures with banding a player controls are blocking or being blocked by a creature, that player divides that creature's combat damage, not its controller, among any of the creatures it's being blocked by or is blocking.)",W
"Sorin of House Markov // Sorin, Ravenous Neonate",1d7474fc-0042-4be9-81f3-5f66f4b16740,mh3,245,Legendary Creature — Human Noble // Legendary Planeswalker — Sorin,,BW
"Sosuke, Son of Seshiro",d1aa2451-e4f0-423b-826e-ae1f93b99e07,chk,244,Legendary Creature — Snake Warrior,"Other Snake creatures you control get +1/+0. Whenever a Warrior you control deals combat damage to a creature, destroy that creature at end of combat.",G
Soul of Windgrace,5a80f7e1-1d79-4302-a603-73eb060b97a6,eoc,126,Legendary Creature — Cat Avatar,"Whenever Soul of Windgrace enters or attacks, you may put a land card from a graveyard onto the battlefield tapped under your control. {G}, Discard a land card: You gain 3 life. {1}{R}, Discard a land card: Draw a card. {2}{B}, Discard a land card: Soul of Windgrace gains indestructible until end of turn. Tap it.",BGR
"Soundwave, Sonic Spy // Soundwave, Superior Captain",8733cd6f-37e1-4e3a-bb25-7a238f04657e,bot,14,Legendary Artifact Creature — Robot // Legendary Artifact,,BUW
Sovereign Okinec Ahau,70c75aa7-e2f9-4a69-8086-c982019ca714,lci,240,Legendary Creature — Cat Noble,"Ward {2} Whenever Sovereign Okinec Ahau attacks, for each creature you control with power greater than that creature's base power, put a number of +1/+1 counters on that creature equal to the difference.",GW
"SP//dr, Piloted by Peni",c47c1d83-e76d-4939-9ed6-05a9e709dea1,spm,147,Legendary Artifact Creature — Spider Hero,"Vigilance When SP//dr enters, put a +1/+1 counter on target creature. Whenever a modified creature you control deals combat damage to a player, draw a card. (Equipment, Auras you control, and counters are modifications.)",UW
Spectacular Spider-Man,818a5c98-8740-43b1-a42a-6d2382138df8,pmei,2025-16,Legendary Creature — Spider Human Hero,"Flash {1}: Spectacular Spider-Man gains flying until end of turn. {1}, Sacrifice Spectacular Spider-Man: Creatures you control gain hexproof and indestructible until end of turn.",W
"Spider-Byte, Web Warden",210ae606-12a4-453b-bfb4-73ca9c22b8b5,spm,44,Legendary Creature — Spider Avatar Hero,"When Spider-Byte enters, return up to one target nonland permanent to its owner's hand.",U
"Spider-Girl, Legacy Hero",d1f3196a-fe48-446f-ab07-00c66b7816c8,spm,149,Legendary Creature — Spider Human Hero,"During your turn, Spider-Girl has flying. When Spider-Girl leaves the battlefield, create a 1/1 green and white Human Citizen creature token.",GW
"Spider-Gwen, Free Spirit",3bc04fa7-6265-4549-91f6-eebdcd67398a,spm,90,Legendary Creature — Spider Human Hero,"Reach Whenever Spider-Gwen becomes tapped, you may discard a card. If you do, draw a card.",R
"Spider-Ham, Peter Porker",41f18f42-b86b-4a12-9f0d-76b761571195,spm,114,Legendary Creature — Spider Boar Hero,"When Spider-Ham enters, create a Food token. (It's an artifact with ""{2}, {T}, Sacrifice this token: You gain 3 life."") Animal May-Ham — Other Spiders, Boars, Bats, Bears, Birds, Cats, Dogs, Frogs, Jackals, Lizards, Mice, Otters, Rabbits, Raccoons, Rats, Squirrels, Turtles, and Wolves you control get +1/+1.",G
Spider-Man 2099,2a72c7e7-34f5-4cb0-9959-35516e398e49,spm,150,Legendary Creature — Spider Human Hero,"From the Future — You can't cast Spider-Man 2099 during your first, second, or third turns of the game. Double strike, vigilance At the beginning of your end step, if you've played a land or cast a spell this turn from anywhere other than your hand, Spider-Man 2099 deals damage equal to his power to any target.",RU
"Spider-Man 2099, Miguel O'Hara",eca05fe2-f203-4e7c-ae90-41f1f2ae94cb,spe,8,Legendary Creature — Spider Human Hero,"When Spider-Man 2099 enters, return up to one target creature to its owner's hand. Whenever one or more creatures you control deal combat damage to a player, draw a card.",U
"Spider-Man, Brooklyn Visionary",e19929bc-cbe1-4970-952d-8e9d0193ddce,spm,115,Legendary Creature — Spider Human Hero,"Web-slinging {2}{G} (You may cast this spell for {2}{G} if you also return a tapped creature you control to its owner's hand.) When Spider-Man enters, search your library for a basic land card, put it onto the battlefield tapped, then shuffle.",G
Spider-Man India,65b8af30-559b-43a9-8526-62c28c378339,spm,151,Legendary Creature — Spider Human Hero,"Web-slinging {1}{G}{W} (You may cast this spell for {1}{G}{W} if you also return a tapped creature you control to its owner's hand.) Pavitr's Sevā — Whenever you cast a creature spell, put a +1/+1 counter on target creature you control. It gains flying until end of turn.",GW
"Spider-Man, Miles Morales",61c17573-437e-4ffb-811f-8390d388d5a7,spe,18,Legendary Creature — Spider Human Hero,"Vigilance, trample (Attacking doesn't cause this creature to tap. He can deal excess combat damage to the player he's attacking.) Whenever Spider-Man enters or attacks, put a +1/+1 counter on each other creature you control. Those creatures gain trample until end of turn.",G
Spider-Man Noir,bc64366c-2691-48cd-bb4b-a4b088c6f16b,spm,67,Legendary Creature — Spider Human Hero,"Menace Whenever a creature you control attacks alone, put a +1/+1 counter on it. Then surveil X, where X is the number of counters on it. (Look at the top X cards of your library, then put any number of them into your graveyard and the rest on top of your library in any order.)",B
"Spider-Man, Peter Parker",415bf221-215b-4c9f-b995-8d31ca95adc0,spe,4,Legendary Creature — Spider Human Hero,"Flying (This creature can't be blocked except by creatures with flying or reach.) Whenever you gain life, put a +1/+1 counter on target creature you control. It gains indestructible until end of turn. (Damage and effects that say ""destroy"" don't destroy it.)",W
"Spider-Man, Web-Slinger",897418bc-df8c-4c97-b6bf-7c9133a8a577,spm,16,Legendary Creature — Spider Human Hero,Web-slinging {W} (You may cast this spell for {W} if you also return a tapped creature you control to its owner's hand.),W
Spider-Punk,0bd41879-fcd4-4211-9b98-47e7cdba5399,spm,92,Legendary Creature — Spider Human Hero,Riot (This creature enters with your choice of a +1/+1 counter or haste.) Other Spiders you control have riot. Spells and abilities can't be countered. Damage can't be prevented.,R
"Spider-Rex, Daring Dino",5b6e0bea-f126-4adb-8808-901950a77c7b,spm,116,Legendary Creature — Spider Dinosaur Hero,"Reach, trample Ward {2} (Whenever this creature becomes the target of a spell or ability an opponent controls, counter it unless that player pays {2}.)",G
"Spider-Slayer, Hatred Honed",ac37ca6f-a6ee-4dfb-949f-2562f98d09d0,spm,175,Legendary Artifact Creature — Human Villain,"Whenever Spider-Slayer deals damage to a Spider, destroy that creature. {6}, Exile this card from your graveyard: Create two tapped 1/1 colorless Robot artifact creature tokens with flying.",
"Spiders-Man, Heroic Horde",1183262e-1f02-46b3-8cfa-fe30e0016c11,spm,117,Legendary Creature — Spider Hero,"Web-slinging {4}{G}{G} (You may cast this spell for {4}{G}{G} if you also return a tapped creature you control to its owner's hand.) When Spiders-Man enters, if they were cast using web-slinging, you gain 3 life and create two 2/1 green Spider creature tokens with reach.",G
Spider-UK,6beb4548-1fab-4b9e-bf24-f7b9aadecc87,spm,17,Legendary Creature — Spider Human Hero,"Web-slinging {2}{W} (You may cast this spell for {2}{W} if you also return a tapped creature you control to its owner's hand.) At the beginning of your end step, if two or more creatures entered the battlefield under your control this turn, you draw a card and gain 2 life.",W
"Spider-Woman, Stunning Savior",bc9b2a76-3cce-4fd0-a4ef-932747cb11b2,spm,152,Legendary Creature — Spider Human Hero,Flying Venom Blast — Artifacts and creatures your opponents control enter tapped.,UW
"Spike, Tournament Grinder",b0e90b22-6f43-4e9a-a236-f33191768813,ust,69,Legendary Creature — Human Gamer,({B/P} can be paid with either {B} or 2 life.) {B/P}{B/P}{B/P}{B/P}: Reveal a card you own from outside the game that has been banned or restricted in a Constructed format and put it into your hand.,B
Spinneret and Spiderling,a27834b7-e763-48ac-845e-ed49f2fa6c6d,spm,94,Legendary Creature — Spider Human Hero,"Whenever you attack with two or more Spiders, put a +1/+1 counter on Spinneret and Spiderling. Whenever Spinneret and Spiderling deals 4 or more damage, exile the top card of your library. Until the end of your next turn, you may play that card.",R
"Spinnerette, Arachnobat",24a92336-2ed7-4496-9476-9fe3368bbdfd,unf,180,Legendary Creature — Spider Performer,"Reach When Spinnerette enters, open an Attraction. As long as you control three or more Attractions, Spinnerette gets +2/+0 and has menace.",BG
Spirit of the Night,845c4b06-090f-4217-acb2-8900b7dab37c,mir,146,Legendary Creature — Demon Spirit,"Flying, trample, haste, protection from black Spirit of the Night has first strike as long as it's attacking.",B
"Squall, SeeD Mercenary",cc4e5234-fb41-48f7-91f4-039710542bc3,fin,243,Legendary Creature — Human Knight Mercenary,"Rough Divide — Whenever a creature you control attacks alone, it gains double strike until end of turn. Whenever Squall deals combat damage to a player, return target permanent card with mana value 3 or less from your graveyard to the battlefield.",BW
"Squee, Dubious Monarch",3cd907ed-9c68-4bd6-af92-6244909fdf8b,dmu,146,Legendary Creature — Goblin Noble,"Haste Whenever Squee attacks, create a 1/1 red Goblin creature token that's tapped and attacking. You may cast this card from your graveyard by paying {3}{R} and exiling four other cards from your graveyard rather than paying its mana cost.",R
"Squee, Goblin Nabob",12d6d674-40aa-42d7-88b3-f65603ecaa1e,cmm,258,Legendary Creature — Goblin,"At the beginning of your upkeep, you may return this card from your graveyard to your hand.",R
"Squee, the Immortal",a8232acd-4645-489c-8cf1-4efdc75d9322,ncc,275,Legendary Creature — Goblin,You may cast this card from your graveyard or from exile.,R
"Sram, Senior Edificer",93887cc3-888e-479f-9cc2-a0b908e364a5,nec,88,Legendary Creature — Dwarf Advisor,"Whenever you cast an Aura, Equipment, or Vehicle spell, draw a card.",W
Stangg,a23f846e-b5e6-48c2-afea-c9be7fc8b7c3,a25,218,Legendary Creature — Human Warrior,"When Stangg enters, create Stangg Twin, a legendary 3/4 red and green Human Warrior creature token. Exile that token when Stangg leaves the battlefield. Sacrifice Stangg when that token leaves the battlefield.",GR
"Stangg, Echo Warrior",7722a9a1-2ff9-4a39-b56e-c7eef2ff9dcd,dmc,42,Legendary Creature — Human Warrior,"Whenever Stangg attacks, create Stangg Twin, a legendary 3/4 red and green Human Warrior creature token. It enters tapped and attacking. For each Aura and Equipment attached to Stangg, create a token that's a copy of it attached to Stangg Twin. Sacrifice all tokens created this way at the beginning of the next end step.",GR
Starke of Rath,a0f063fc-f1c4-4f3c-a72b-5f446d0c6381,tpr,162,Legendary Creature — Human Rogue,{T}: Destroy target artifact or creature. That permanent's controller gains control of Starke. (This effect lasts indefinitely.),R
"Starling, Aerial Ally",babbf53d-3e10-4110-8725-91f766c8cdad,spm,18,Legendary Creature — Human Hero,"Flying When Starling enters, another target creature you control gains flying until end of turn.",W
"Starscream, Power Hungry // Starscream, Seeker Leader",8234ea77-9ed6-4f3e-acc2-f52fb7003ed2,bot,5,Legendary Artifact Creature — Robot // Legendary Artifact — Vehicle,,B
Stegron the Dinosaur Man,485ceacb-fa76-4517-8466-c3c6bf6bcd6e,spm,95,Legendary Creature — Dinosaur Villain,"Menace (This creature can't be blocked except by two or more creatures.) Dinosaur Formula — {1}{R}, Discard this card: Until end of turn, target creature you control gets +3/+1 and becomes a Dinosaur in addition to its other types.",R
"Stella Lee, Wild Card",2a8a7696-b5d9-4378-9d5c-2c9007e4df63,otc,3,Legendary Creature — Human Rogue,"Whenever you cast your second spell each turn, exile the top card of your library. Until the end of your next turn, you may play that card. {T}: Copy target instant or sorcery spell you control. You may choose new targets for the copy. Activate only if you've cast three or more spells this turn.",RU
"Stenn, Paranoid Partisan",07177a8e-5ded-4084-a22f-2d8fe933de7a,dmu,221,Legendary Creature — Human Wizard,"As Stenn enters, choose a card type other than creature or land. Spells you cast of the chosen type cost {1} less to cast. {1}{W}{U}: Exile Stenn. Return it to the battlefield under its owner's control at the beginning of the next end step.",UW
"Stet, Draconic Proofreader",d57a6d9d-f0e9-4c5a-bacf-7a6c30d65b08,und,57,Legendary Creature — Dragon Bureaucrat,"Flying Whenever Stet attacks, you may exile a card from your graveyard. When you do, Stet deals 4 damage to any target whose name begins with the same letter as the exiled card. {W}: Delete the first letter of target permanent or player's name until end of turn.",RW
"Stiltzkin, Moogle Merchant",06a972a4-0c1b-4f12-a5a5-fdea47c4cd35,fin,34,Legendary Creature — Moogle,"Lifelink {2}, {T}: Target opponent gains control of another target permanent you control. If they do, you draw a card.",W
Stitcher Geralf,a4ce6c30-a301-4a8a-ac3a-abacaf358a56,cmm,121,Legendary Creature — Human Wizard,"{2}{U}, {T}: Each player mills three cards. Exile up to two creature cards put into graveyards this way. Create an X/X blue Zombie creature token, where X is the total power of the cards exiled this way.",U
"Stonebrow, Krosan Hero",95c62102-0562-4b09-a05d-986aa4212f44,tsp,247,Legendary Creature — Centaur Warrior,"Trample Whenever a creature you control with trample attacks, it gets +2/+2 until end of turn.",GR
"Storm, Force of Nature",6af7766e-7438-4128-a1f2-8b3b3ba3c650,sld,1742,Legendary Creature — Mutant Hero,"Flying, vigilance Ceaseless Tempest — Whenever Storm deals combat damage to a player, the next instant or sorcery spell you cast this turn has storm. (When you cast it, copy it for each spell cast before it this turn. You may choose new targets for the copies.)",GRU
"Storrev, Devkarin Lich",59c906bd-f443-4f4b-b40b-9218e71f1196,war,219,Legendary Creature — Zombie Elf Wizard,"Trample Whenever Storrev deals combat damage to a player or planeswalker, return to your hand target creature or planeswalker card in your graveyard that wasn't put there this combat.",BG
"Storvald, Frost Giant Jarl",8a5a45a7-d159-4821-8916-697b92fb80bf,afc,55,Legendary Creature — Giant,"Ward {3} Other creatures you control have ward {3}. Whenever Storvald enters or attacks, choose one or both — • Target creature has base power and toughness 7/7 until end of turn. • Target creature has base power and toughness 1/1 until end of turn.",GUW
Strago and Relm,a8c971d0-9ac4-4b34-ae19-1152c1c9dac1,fic,59,Legendary Creature — Human Wizard,"Sketch and Lore — {2}{R}, {T}: Target opponent exiles cards from the top of their library until they exile an instant, sorcery, or creature card. You may cast that card without paying its mana cost. If you cast a creature spell this way, it gains haste and ""At the beginning of the end step, sacrifice this creature."" Activate only as a sorcery.",R
"Strax, Sontaran Nurse",b4801775-70e2-4cda-959c-27f9aa623767,who,160,Legendary Creature — Alien Cleric,"Vigilance, trample Grenades! — {2}, {T}, Sacrifice an artifact: Choose a player at random. When you do, Strax fights another target creature that player controls. Glory of Battle — Whenever Strax deals damage to a creature, put a +1/+1 counter on Strax.",GR
Street Urchin,f6d5249c-52b6-4349-adcd-dafdc21f572b,clb,197,Legendary Enchantment — Background,"Commander creatures you own have ""{1}, Sacrifice another creature or an artifact: This creature deals 1 damage to any target.""",R
"Strefan, Maurer Progenitor",8f54c6ce-fde4-47ef-a106-5c68b4397f99,voc,2,Legendary Creature — Vampire Noble,"Flying At the beginning of your end step, create a Blood token for each player who lost life this turn. Whenever Strefan attacks, you may sacrifice two Blood tokens. If you do, you may put a Vampire card from your hand onto the battlefield tapped and attacking. It gains indestructible until end of turn.",BR
"Strider, Ranger of the North",54461d61-a745-467f-9fbe-b5e7a8edbdbf,ltr,232,Legendary Creature — Human Ranger,"Landfall — Whenever a land you control enters, target creature gets +1/+1 until end of turn. Then if that creature has power 4 or greater, it gains first strike until end of turn.",GR
"Strong, the Brutish Thespian",2bc79ed6-057b-439f-b2cd-58d5bcd8b551,pip,84,Legendary Creature — Mutant Berserker,"Ward {2} Enrage — Whenever Strong is dealt damage, you get three rad counters and put three +1/+1 counters on Strong. You gain life rather than lose life from radiation.",G
"Subira, Tulzidi Caravanner",da62b97e-e4cd-462d-9ab9-2230ca360c32,cmm,261,Legendary Creature — Human Shaman,"Haste {1}: Another target creature with power 2 or less can't be blocked this turn. {1}{R}, {T}, Discard your hand: Until end of turn, whenever a creature you control with power 2 or less deals combat damage to a player, draw a card.",R
"Suki, Kyoshi Warrior",3e311480-04f8-4b8f-938e-1cc6d06b9902,tla,243,Legendary Creature — Human Warrior Ally,"Suki's power is equal to the number of creatures you control. Whenever Suki attacks, create a 1/1 white Ally creature token that's tapped and attacking.",GW
Sunastian Falconer,bd0eb8b1-e48d-4e83-86df-d6aa86f95ffd,me3,178,Legendary Creature — Human Shaman,{T}: Add {C}{C}.,GR
"Sun Ce, Young Conquerer",6f5f375f-38b0-413e-8099-64044cad98a3,me3,52,Legendary Creature — Human Soldier,"Horsemanship (This creature can't be blocked except by creatures with horsemanship.) When Sun Ce enters, you may return target creature to its owner's hand.",U
"Sundial, Dawn Tyrant",b2e5435c-52f3-42d7-bcee-5aa13afd6626,dft,31,Legendary Artifact Creature — Construct,,W
"Sun Quan, Lord of Wu",78c71971-fa26-4ae6-aa6f-a401e5285b76,cmm,123,Legendary Creature — Human Soldier,Creatures you control have horsemanship. (They can't be blocked except by creatures with horsemanship.),U
"Sun-Spider, Nimble Webber",2b54d4a5-634f-4ae3-b592-0dc527f60d56,spm,154,Legendary Creature — Spider Human Hero,"During your turn, Sun-Spider has flying. When Sun-Spider enters, search your library for an Aura or Equipment card, reveal it, put it into your hand, then shuffle.",UW
Superior Spider-Man,ad4adc3e-ec41-4406-8ff2-59ba8067cf4e,spm,155,Legendary Creature — Spider Human Hero,"Mind Swap — You may have Superior Spider- Man enter as a copy of any creature card in a graveyard, except his name is Superior Spider-Man and he's a 4/4 Spider Human Hero in addition to his other types. When you do, exile that card.",BU
Surgeon General Commander,b1e21568-5474-4406-ad54-9e9330e5ff5c,und,72,Legendary Creature — Wombat Bat Chameleon,"Whenever you augment, enchant, or mutate a creature you control, draw a card. {T}: Add {W}, {U}, {B}, {R}, or {G}.",BGRUW
Surrak and Goreclaw,9c10934d-9016-43c4-a7ab-56cc7d8f671f,mom,337,Legendary Creature — Human Bear,"Trample Other creatures you control have trample. Whenever another nontoken creature you control enters, put a +1/+1 counter on it. It gains haste until end of turn.",G
Surrak Dragonclaw,e8efe72d-3c01-4dd6-b3dd-0382ac09dc52,dmc,169,Legendary Creature — Human Warrior,Flash This spell can't be countered. Creature spells you control can't be countered. Other creatures you control have trample.,GRU
"Surrak, Elusive Hunter",e4775a26-0b66-40e9-8f64-41d9308ca032,tdm,161,Legendary Creature — Human Warrior,"This spell can't be countered. Trample Whenever a creature you control or a creature spell you control becomes the target of a spell or ability an opponent controls, draw a card.",G
"Surrak, the Hunt Caller",d6a8759d-0dc8-4218-93ac-b1a35088f776,fdn,647,Legendary Creature — Human Warrior,"Formidable — At the beginning of combat on your turn, if creatures you control have total power 8 or greater, target creature you control gains haste until end of turn. (It can attack and {T} no matter when it came under your control.)",G
"Surtr, Fiery Jötun",be38985c-f7a9-4885-9035-09390b4b754a,acr,293,Legendary Creature — Giant God Warrior,"Trample (This creature can deal excess combat damage to the player it's attacking.) Whenever you cast a historic spell, Surtr deals 3 damage to any target. (Artifacts, legendaries, and Sagas are historic.)",R
Susan Foreman,ad40ec4f-37e7-4e6d-b47b-8b13ea2c9157,who,110,Legendary Creature — Time Lord,"If you would planeswalk, instead look at the top two cards of your planar deck, put one on the bottom of your planar deck and the other on top, then planeswalk. {T}: Add {G}. Doctor's companion (You can have two commanders if the other is the Doctor.)",G
"Sutina, Speaker of the Tajuru",1b794170-4ffd-4628-ba5a-b9293bb364dc,j25,56,Legendary Creature — Elf Scout,"When Sutina enters, search your library for a basic land card, put it onto the battlefield tapped, then shuffle. Whenever Sutina attacks, you may return a land you control to its owner's hand. When you do, put a +1/+1 counter on target creature.",G
"Svella, Ice Shaper",a7054d48-5ed3-43a1-85e5-9f306b081b4f,khm,230,Legendary Snow Creature — Troll Warrior,"{3}, {T}: Create a colorless snow artifact token named Icy Manalith with ""{T}: Add one mana of any color."" {6}{R}{G}, {T}: Look at the top four cards of your library. You may cast a spell from among them without paying its mana cost. Put the rest on the bottom of your library in a random order.",GR
Svyelun of Sea and Sky,01f5ab00-5305-4ac4-915d-feeb591f9389,lcc,175,Legendary Creature — Merfolk God,"Svyelun has indestructible as long as you control at least two other Merfolk. Whenever Svyelun attacks, draw a card. Other Merfolk you control have ward {1}. (Whenever another Merfolk you control becomes the target of a spell or ability an opponent controls, counter it unless that player pays {1}.)",U
"Swarm, Being of Bees",cb83d54e-6641-4929-99ad-c0ba5b610902,spm,69,Legendary Creature — Insect Villain,Flash Flying Mayhem {B} (You may cast this card from your graveyard for {B} if you discarded it this turn. Timing rules still apply.),B
Sword Coast Sailor,704f8ab7-63fd-4963-bacd-0076fffb34a1,clb,98,Legendary Enchantment — Background,"Commander creatures you own have ""Whenever this creature attacks a player, if no opponent has more life than that player, this creature can't be blocked this turn.""",U
"Sydri, Galvanic Genius",7207c416-dc16-40ab-94a0-836ee0710e24,c16,224,Legendary Creature — Human Artificer,{U}: Target noncreature artifact becomes an artifact creature with power and toughness each equal to its mana value until end of turn. {W}{B}: Target artifact creature gains deathtouch and lifelink until end of turn.,BUW
"Sygg, River Cutthroat",1b10e23a-7cf5-47dc-9c51-5cbe444a99c7,znc,103,Legendary Creature — Merfolk Rogue,"At the beginning of each end step, if an opponent lost 3 or more life this turn, you may draw a card. (Damage causes loss of life.)",BU
"Sygg, River Guide",fb1aefaf-1b96-4c08-a73e-98e401655965,lrw,251,Legendary Creature — Merfolk Wizard,Islandwalk (This creature can't be blocked as long as defending player controls an Island.) {1}{W}: Target Merfolk you control gains protection from the color of your choice until end of turn.,UW
Sylvia Brightspear,ab2b349a-1555-4aaa-8302-28667404e630,bbd,10,Legendary Creature — Human Knight,"Partner with Khorvath Brightflame (When this creature enters, target player may put Khorvath into their hand from their library, then shuffle.) Double strike Dragons your team controls have double strike.",W
Symbiote Spider-Man,6a21c0ff-b51a-4946-9737-7872a7eef97b,spm,156,Legendary Creature — Symbiote Spider Hero,"Whenever this creature deals combat damage to a player, look at that many cards from the top of your library. Put one of them into your hand and the rest into your graveyard. Find New Host — {2}{U/B}, Exile this card from your graveyard: Put a +1/+1 counter on target creature you control. It gains this card's other abilities. Activate only as a sorcery.",BU
"Syr Alin, the Lion's Claw",5d42be5f-a6a7-4699-abf7-9632de6daede,fdn,582,Legendary Creature — Human Knight,"First strike (This creature deals combat damage before creatures without first strike.) Whenever Syr Alin attacks, other creatures you control get +1/+1 until end of turn.",W
"Syr Armont, the Redeemer",85050609-baf0-430a-ab33-83a6ea6d4741,woe,214,Legendary Creature — Human Knight,"When Syr Armont enters, create a Monster Role token attached to another target creature you control. (If you control another Role on it, put that one into the graveyard. Enchanted creature gets +1/+1 and has trample.) Enchanted creatures you control get +1/+1.",GW
"Syr Cadian, Knight Owl",ae0b109c-eaf3-49ab-a61c-853e8ca239fc,und,15,Legendary Creature — Bird Knight,Knightlifelink (Damage dealt by Knights you control also causes you to gain that much life.) {W}: Syr Cadian gains vigilance until end of turn. Activate only from sunrise to sunset. {B}: Syr Cadian gains flying until end of turn. Activate only from sunset to sunrise.,BW
"Syr Carah, the Bold",080a249a-df47-4769-bb63-0d8ab3f2467c,eld,145,Legendary Creature — Human Knight,"Whenever Syr Carah or an instant or sorcery spell you control deals damage to a player, exile the top card of your library. You may play that card this turn. {T}: Syr Carah deals 1 damage to any target.",R
"Syr Elenora, the Discerning",3850ac6b-11e6-4367-b3b2-b7a9b2d0403b,moc,239,Legendary Creature — Human Knight,"Syr Elenora's power is equal to the number of cards in your hand. When Syr Elenora enters, draw a card. Spells your opponents cast that target Syr Elenora cost {2} more to cast.",U
"Syr Faren, the Hengehammer",9a8b1fea-3c5d-43d2-b4d2-e8938f3f7b9c,eld,177,Legendary Creature — Human Knight,"Whenever Syr Faren attacks, another target attacking creature gets +X/+X until end of turn, where X is Syr Faren's power.",G
"Syr Ginger, the Meal Ender",7fbdba12-1369-41ae-b0e9-c405c0f0a2e5,woe,252,Legendary Artifact Creature — Food Knight,"Syr Ginger has trample, hexproof, and haste as long as an opponent controls a planeswalker. Whenever another artifact you control is put into a graveyard from the battlefield, put a +1/+1 counter on Syr Ginger and scry 1. {2}, {T}, Sacrifice Syr Ginger: You gain life equal to its power.",
"Syr Gwyn, Hero of Ashvale",a33add37-379d-4a90-9c04-529dff676986,eld,330,Legendary Creature — Human Knight,"Vigilance, menace Whenever an equipped creature you control attacks, you draw a card and you lose 1 life. Equipment you control have equip Knight {0}.",BRW
"Syrix, Carrier of the Flame",492d484b-9af6-4055-9893-627b56c69544,ncc,80,Legendary Creature — Phoenix,"Flying, haste At the beginning of each end step, if a creature card left your graveyard this turn, target Phoenix you control deals damage equal to its power to any target. Whenever another Phoenix you control dies, you may cast this card from your graveyard.",BR
Syr Joshua and Syr Saxon,577278fb-117b-48b2-b78f-bed99698ef4b,ywoe,27,Legendary Creature — Human Knight,"Double team If you control exactly two legendary permanents named Syr Joshua and Syr Saxon, the ""legend rule"" doesn't apply to them. Each other creature you control named Syr Joshua and Syr Saxon has battle cry.",GW
"Syr Konrad, the Grim",443a4eac-f972-4027-aed4-552d4edc2ce1,dsc,158,Legendary Creature — Human Knight,"Whenever another creature dies, or a creature card is put into a graveyard from anywhere other than the battlefield, or a creature card leaves your graveyard, Syr Konrad deals 1 damage to each opponent. {1}{B}: Each player mills a card. (They each put the top card of their library into their graveyard.)",B
"Syr Vondam, Sunstar Exemplar",49554198-549b-4066-86ce-77a03fda0a2f,eoe,231,Legendary Creature — Human Knight,"Vigilance, menace Whenever another creature you control dies or is put into exile, put a +1/+1 counter on Syr Vondam and you gain 1 life. When Syr Vondam dies or is put into exile while its power is 4 or greater, destroy up to one target nonland permanent.",BW
"Syr Vondam, the Lucent",ea954205-5ff5-493b-bf30-6212042c2bc9,eoe,232,Legendary Creature — Human Knight,"Deathtouch, lifelink Whenever Syr Vondam enters or attacks, other creatures you control get +1/+0 and gain deathtouch until end of turn.",BW
"Sythis, Harvest's Hand",89511ab5-8ea6-4f07-a80b-c1ec7e89924e,cmm,938,Legendary Enchantment Creature — Nymph,"Whenever you cast an enchantment spell, you gain 1 life and draw a card.",GW
"Szadek, Lord of Secrets",dac8975a-0d41-4538-8e49-a2de5d410b6c,cm2,168,Legendary Creature — Vampire,"Flying If Szadek would deal combat damage to a player, instead put that many +1/+1 counters on Szadek and that player mills that many cards.",BU
"Szarekh, the Silent King",e11174b2-2423-4a6e-9dcf-ff550eee7e5a,40k,1,Legendary Artifact Creature — Necron,"Flying My Will Be Done — Whenever Szarekh, the Silent King attacks, mill three cards. You may put an artifact creature card or Vehicle card from among the cards milled this way into your hand.",B
"Szarel, Genesis Shepherd",89b61123-b10f-4bcf-b5f9-1f302f9b22d1,eoc,4,Legendary Creature — Insect Druid,"Flying You may play lands from your graveyard. Whenever you sacrifice another nontoken permanent during your turn, put a number of +1/+1 counters equal to Szarel's power on up to one other target creature.",BGR
"Taborax, Hope's Demise",84bb6abe-3844-4399-b38a-1d6dd81a6c78,cmm,189,Legendary Creature — Demon Cleric,"Flying Taborax has lifelink as long as it has five or more +1/+1 counters on it. Whenever another nontoken creature you control dies, put a +1/+1 counter on Taborax. If that creature was a Cleric, you may draw a card. If you do, you lose 1 life.",B
"Tadeas, Juniper Ascendant",eb79f973-2384-4de4-81fb-14ba5a0e5556,slx,16,Legendary Creature — Human Monk,"Reach Tadeas has hexproof unless it's attacking. Whenever a creature you control with reach attacks, untap it and it can't be blocked by creatures with greater power this combat. Whenever one or more creatures you control deal combat damage to a player, draw a card.",GW
"Taeko, the Patient Avalanche",65b815a1-98d8-47b9-8d6b-b30e0a5f087c,j25,39,Legendary Creature — Turtle Ninja,"Taeko enters tapped. Whenever another creature you control leaves the battlefield, if it didn't die, scry 1 and put a +1/+1 counter on Taeko. Whenever Taeko attacks, you may pay {U/B}. When you do, target attacking creature can't be blocked this turn.",BU
"Tahngarth, First Mate",1692c11b-018e-47bf-b38d-3c3e6b79b37c,c19,50,Legendary Creature — Minotaur Warrior,"Tahngarth can't be blocked by more than one creature. Whenever an opponent attacks with one or more creatures, if Tahngarth is tapped, you may have that opponent gain control of Tahngarth until end of combat. If you do, choose a player or planeswalker that opponent is attacking. Tahngarth is attacking that player or planeswalker.",GR
"Tahngarth, Talruum Hero",c1778f37-af01-4f8c-ab9d-a4c60abf7e78,pls,74,Legendary Creature — Minotaur Warrior,"Vigilance {1}{R}, {T}: Tahngarth deals damage equal to its power to target creature. That creature deals damage equal to its power to Tahngarth.",R
"Taigam, Master Opportunist",8693d631-05f6-414d-9e49-6385746e8960,tdm,60,Legendary Creature — Human Monk,"Flurry — Whenever you cast your second spell each turn, copy it, then exile the spell you cast with four time counters on it. If it doesn't have suspend, it gains suspend. (At the beginning of its owner's upkeep, they remove a time counter. When the last is removed, they may play it without paying its mana cost. If it's a creature, it has haste.)",U
"Taigam, Ojutai Master",b47e2781-544f-442c-98d0-43b9d91bab03,c17,46,Legendary Creature — Human Monk,"Instant, sorcery, and Dragon spells you control can't be countered. Whenever you cast an instant or sorcery spell from your hand, if Taigam attacked this turn, that spell gains rebound. (Exile the spell as it resolves. At the beginning of your next upkeep, you may cast that card from exile without paying its mana cost.)",UW
"Taigam, Sidisi's Hand",6336b0af-3c7d-4b8e-a0e7-d4d15078fc04,cmm,357,Legendary Creature — Human Wizard,"Skip your draw step. At the beginning of your upkeep, look at the top three cards of your library. Put one of them into your hand and the rest into your graveyard. {B}, {T}, Exile X cards from your graveyard: Target creature gets -X/-X until end of turn.",BU
"Taii Wakeen, Perfect Shot",1643af0b-fcbf-4636-8c50-77ec77eaa34d,otj,234,Legendary Creature — Human Mercenary,"Whenever a source you control deals noncombat damage to a creature equal to that creature's toughness, draw a card. {X}, {T}: If a source you control would deal noncombat damage to a permanent or player this turn, it deals that much damage plus X instead.",RW
"Tajic, Blade of the Legion",eea2cdad-529a-499f-8be7-53f939153b7e,dmc,171,Legendary Creature — Human Soldier,"Indestructible Battalion — Whenever Tajic and at least two other creatures attack, Tajic gets +5/+5 until end of turn.",RW
"Tajic, Legion's Edge",45c4c3b3-be18-4d74-99d8-f137498673d7,rvr,231,Legendary Creature — Human Soldier,"Haste Mentor (Whenever this creature attacks, put a +1/+1 counter on target attacking creature with lesser power.) Prevent all noncombat damage that would be dealt to other creatures you control. {R}{W}: Tajic gains first strike until end of turn.",RW
"Tajic, Legion's Valor",7b838cfc-e8fd-4258-aa5f-afbde461c37c,ymkm,28,Legendary Creature — Human Soldier,"Indestructible, haste At the beginning of combat on your turn, put a +1/+1 counter on Tajic, Legion's Valor. Then conjure a card with mana value equal to the number of +1/+1 counters on it from Tajic, Legion's Valor's spellbook onto the battlefield. It gains haste until end of turn and attacks this combat if able.",RW
"Takeno, Samurai General",d038df46-4a30-4125-be0e-8781b16b523e,chk,46,Legendary Creature — Human Samurai,"Bushido 2 (Whenever this creature blocks or becomes blocked, it gets +2/+2 until end of turn.) Each other Samurai creature you control gets +1/+1 for each point of bushido it has.",W
"Talion, the Kindly Lord",62a6b452-c796-45c6-b4d1-0ae3d675e38e,woe,215,Legendary Creature — Faerie Noble,"Flying As Talion enters, choose a number between 1 and 10. Whenever an opponent casts a spell with mana value, power, or toughness equal to the chosen number, that player loses 2 life and you draw a card.",BU
"Talrand, Sky Summoner",1be3ed47-072e-481a-b3d9-dc232ac4b24f,otc,116,Legendary Creature — Merfolk Wizard,"Whenever you cast an instant or sorcery spell, create a 2/2 blue Drake creature token with flying.",U
"Tameshi, Reality Architect",26594b52-3e9c-4cde-88df-1f4e9e16676e,neo,82,Legendary Creature — Moonfolk Wizard,"Whenever one or more noncreature permanents are returned to hand, draw a card. This ability triggers only once each turn. {X}{W}, Return a land you control to its owner's hand: Return target artifact or enchantment card with mana value X or less from your graveyard to the battlefield. Activate only as a sorcery.",UW
"Tamiyo, Inquisitive Student // Tamiyo, Seasoned Scholar",2a717b98-cdac-416d-bf6c-f6b6638e65d1,mh3,242,Legendary Creature — Moonfolk Wizard // Legendary Planeswalker — Tamiyo,,GU
"Tana, the Bloodsower",a3d8d64f-a403-42a7-881b-4f70e9fe15a2,c16,45,Legendary Creature — Elf Druid,"Trample Whenever Tana deals combat damage to a player, create that many 1/1 green Saproling creature tokens. Partner (You can have two commanders if both have partner.)",GR
Tanazir Quandrix,3bd62ee4-e654-44ba-a650-889782cc9ac3,stx,240,Legendary Creature — Elder Dragon,"Flying, trample When Tanazir Quandrix enters, double the number of +1/+1 counters on target creature you control. Whenever Tanazir Quandrix attacks, you may have the base power and toughness of other creatures you control become equal to Tanazir Quandrix's power and toughness until end of turn.",GU
Taniwha,72d12315-4220-470d-9628-b9a3ea904ca7,mir,95,Legendary Creature — Serpent,"Trample Phasing (This phases in or out before you untap during each of your untap steps. While it's phased out, it's treated as though it doesn't exist.) At the beginning of your upkeep, all lands you control phase out. (They phase in before you untap during your next untap step.)",U
"Tan Jolom, the Worldwalker",96b1d02e-5dd1-4621-b8f9-353b95152185,ylci,30,Legendary Creature — Spirit,"At the beginning of combat on your turn, choose up to one target artifact or land you control that isn't a creature or token. Until end of turn, it becomes a 3/3 Spirit creature with vigilance and double team in addition to its other types.",GUW
"Tannuk, Memorial Ensign",52498b7b-0389-4e7b-b29f-7ac86aab9229,eoe,233,Legendary Creature — Kavu Pilot,"Landfall — Whenever a land you control enters, Tannuk deals 1 damage to each opponent. If this is the second time this ability has resolved this turn, draw a card.",GR
"Tannuk, Steadfast Second",44607ed3-9523-40ac-9f61-0edd011cf762,eoe,162,Legendary Creature — Kavu Pilot,"Other creatures you control have haste. Artifact cards and red creature cards in your hand have warp {2}{R}. (You may cast a card from your hand for its warp cost. Exile that permanent at the beginning of the next end step, then you may cast it from exile on a later turn.)",R
"Taranika, Akroan Veteran",a8edd707-5ba3-4978-9a0b-efd0cda367c1,thb,39,Legendary Creature — Human Soldier,"Vigilance Whenever Taranika attacks, untap another target creature you control. Until end of turn, that creature has base power and toughness 4/4 and gains indestructible.",W
"Targ Nar, Demon-Fang Gnoll",5fe57856-9d35-470e-9138-360b02ac0c90,afr,234,Legendary Creature — Gnoll,"Pack tactics — Whenever Targ Nar attacks, if you attacked with creatures with total power 6 or greater this combat, attacking creatures get +1/+0 until end of turn. {2}{R}{G}: Double Targ Nar's power and toughness until end of turn.",GR
"Tariel, Reckoner of Souls",b588dc15-68e6-4cbb-9345-a921c10f862d,2x2,281,Legendary Creature — Angel,"Flying, vigilance {T}: Choose a creature card at random from target opponent's graveyard. Put that card onto the battlefield under your control.",BRW
Tarox Bladewing,0b06bd73-c45a-4560-bd8d-413608c5f89e,fut,123,Legendary Creature — Dragon,"Flying, haste Grandeur — Discard another card named Tarox Bladewing: Tarox Bladewing gets +X/+X until end of turn, where X is its power.",R
"Tasha, the Witch Queen",b1c5f679-82d0-4434-9f13-d39ad57282b8,clb,294,Legendary Planeswalker — Tasha,"Whenever you cast a spell you don't own, create a 3/3 black Demon creature token. +1: Draw a card. For each opponent, exile up to one target instant or sorcery card from that player's graveyard and put a page counter on it. −3: You may cast a spell from among cards in exile with page counters on them without paying its mana cost. Tasha, the Witch Queen can be your commander.",BU
"Tasigur, the Golden Fang",175ad810-3cdd-43c7-99a9-8a2e8ad6dbae,tdc,197,Legendary Creature — Human Shaman,"Delve (Each card you exile from your graveyard while casting this spell pays for {1}.) {2}{G/U}{G/U}: Mill two cards, then return a nonland card of an opponent's choice from your graveyard to your hand.",BGU
Tataru Taru,93176e85-2343-43a8-8578-69699b464b86,fic,30,Legendary Creature — Dwarf Advisor,"When Tataru Taru enters, you draw a card and target opponent may draw a card. Scions' Secretary — Whenever an opponent draws a card, if it isn't that player's turn, create a tapped Treasure token. This ability triggers only once each turn.",W
"Tatsunari, Toad Rider",abf42833-43d0-4b05-b499-d13b2c577ee8,neo,123,Legendary Creature — Human Ninja,"Whenever you cast an enchantment spell, if you don't control a creature named Keimi, create Keimi, a legendary 3/3 black and green Frog creature token with ""Whenever you cast an enchantment spell, each opponent loses 1 life and you gain 1 life."" {1}{G/U}: Tatsunari and target Frog you control can't be blocked this turn except by creatures with flying or reach.",BGU
"Tatyova, Benthic Druid",eabc978a-0666-472d-bdc6-d4b29d29eca4,fdn,247,Legendary Creature — Merfolk Druid,"Landfall — Whenever a land you control enters, you gain 1 life and draw a card.",GU
"Tatyova, Steward of Tides",0d446cb9-519a-4889-b057-029db9400021,dmu,222,Legendary Creature — Merfolk Druid,"Land creatures you control have flying. Whenever a land you control enters, if you control seven or more lands, up to one target land you control becomes a 3/3 Elemental creature with haste. It's still a land.",GU
Tavern Brawler,b07f8fc3-83a5-4e0a-b87f-ce415292c790,clb,200,Legendary Enchantment — Background,"Commander creatures you own have ""At the beginning of your upkeep, exile the top card of your library. This creature gets +X/+0 until end of turn, where X is that card's mana value. You may play that card this turn.""",R
"Tawnos, Solemn Survivor",bdf67de0-f468-4f04-99ab-a442347bb16b,brc,3,Legendary Creature — Human Artificer,"{2}, {T}: Create a token that's a copy of up to one target artifact token you control. Mill two cards. {1}{W}{U}{B}, {T}, Sacrifice two artifact tokens, Exile an artifact or creature card from your graveyard: Create a token that's a copy of the exiled card, except it's an artifact in addition to its other types. Activate only as a sorcery.",BUW
"Tawnos, the Toymaker",1f855a7e-3a97-4b62-a2a7-06ff1fbb2c4c,bro,222,Legendary Creature — Human Artificer,"Whenever you cast a Beast or Bird creature spell, you may copy it, except the copy is an artifact in addition to its other types. (The copy becomes a token.)",GU
"Tawnos, Urza's Apprentice",a031a6c1-d7d1-4980-ac8e-30440ff4408f,c18,45,Legendary Creature — Human Artificer,"Haste {U}{R}, {T}: Copy target activated or triggered ability you control from an artifact source. You may choose new targets for the copy. (Mana abilities can't be targeted.)",RU
"Tayam, Luminous Enigma",05b837a2-5773-4340-87f9-b4d6a43deb27,c20,16,Legendary Creature — Nightmare Beast,"Each other creature you control enters with an additional vigilance counter on it. {3}, Remove three counters from among creatures you control: Mill three cards, then return a permanent card with mana value 3 or less from your graveyard to the battlefield.",BGW
"Tazri, Beacon of Unity",d4b79138-5728-4541-9ea5-dce1a5ae7e6a,znr,44,Legendary Creature — Human Warrior,"This spell costs {1} less to cast for each creature in your party. {2/U}{2/B}{2/R}{2/G}: Look at the top six cards of your library. You may reveal up to two Cleric, Rogue, Warrior, Wizard, and/or Ally cards from among them and put them into your hand. Put the rest on the bottom of your library in a random order.",BGRUW
"Tazri, Stalwart Survivor",227d0d7d-544b-4736-914d-10d5d752eb42,mat,6,Legendary Creature — Human Warrior,"Each creature you control has ""{T}: Add one mana of any of this creature's colors. Spend this mana only to activate an ability of a creature. Activate only if this creature has another activated ability."" {W}{U}{B}{R}{G}, {T}: Mill five cards. Put all creature cards with activated abilities that aren't mana abilities from among the milled cards into your hand.",BGRUW
"Teferi, Mage of Zhalfir",8fc5e4a8-ea7b-4803-a7ed-3b915708661f,tsr,91,Legendary Creature — Human Wizard,Flash Creature cards you own that aren't on the battlefield have flash. Each opponent can cast spells only any time they could cast a sorcery.,U
"Teferi, Temporal Archmage",368c6e60-804c-447c-bc2b-ac9dc4cab5e7,cmm,125,Legendary Planeswalker — Teferi,"+1: Look at the top two cards of your library. Put one of them into your hand and the other on the bottom of your library. −1: Untap up to four target permanents. −10: You get an emblem with ""You may activate loyalty abilities of planeswalkers you control on any player's turn any time you could cast an instant."" Teferi, Temporal Archmage can be your commander.",U
Tegan Jovanka,361769b3-7e10-4e0f-b623-c00e2144463d,who,28,Legendary Creature — Human,"Brave Heart — Whenever you attack, target attacking historic creature gets +1/+1 and gains indestructible until end of turn. (Artifacts, legendaries, and Sagas are historic.) Doctor's companion (You can have two commanders if the other is the Doctor.)",W
"Tegwyll, Duke of Splendor",03fab911-7bd4-45fa-ba07-cd0e51b0cd95,woc,1,Legendary Creature — Faerie Noble,"Flying, deathtouch Other Faeries you control get +1/+1. Whenever another Faerie you control dies, you draw a card and you lose 1 life.",BU
"Tekuthal, Inquiry Dominus",2d389264-e2d2-4589-9636-faa11fe46710,eoc,78,Legendary Creature — Phyrexian Horror,"Flying If you would proliferate, proliferate twice instead. {1}{U/P}{U/P}, Remove three counters from among other artifacts, creatures, and planeswalkers you control: Put an indestructible counter on Tekuthal. ({U/P} can be paid with either {U} or 2 life.)",U
Telim'Tor,33cc89c8-a3ea-469e-b499-f48acec4f538,mir,197,Legendary Creature — Human Knight,"Flanking (Whenever a creature without flanking blocks this creature, the blocking creature gets -1/-1 until end of turn.) Whenever Telim'Tor attacks, all attacking creatures with flanking get +1/+1 until end of turn.",R
"Tellah, Great Sage",a67793ef-ef80-4434-9c54-e3fd8a270bbe,fin,244,Legendary Creature — Human Wizard,"Whenever you cast a noncreature spell, create a 1/1 colorless Hero creature token. If four or more mana was spent to cast that spell, draw two cards. If eight or more mana was spent to cast that spell, sacrifice Tellah and it deals that much damage to each opponent.",RU
"Temmet, Naktamun's Will",c0629894-0b72-4abe-9771-03becfdb241c,drc,4,Legendary Creature — Zombie Wizard,"Vigilance, menace Whenever you attack, draw a card, then discard a card. Whenever you draw a card, Zombies you control get +1/+1 until end of turn.",BUW
"Temmet, Vizier of Naktamun",6af12a34-52a1-4940-a8d5-9e9811fcd59f,akh,207,Legendary Creature — Human Cleric,"At the beginning of combat on your turn, target creature token you control gets +1/+1 until end of turn and can't be blocked this turn. Embalm {3}{W}{U} ({3}{W}{U}, Exile this card from your graveyard: Create a token that's a copy of it, except it's a white Zombie Human Cleric with no mana cost. Embalm only as a sorcery.)",UW
"Teneb, the Harvester",8caa7115-1b26-4615-842f-671b24dc96d8,2x2,282,Legendary Creature — Dragon,"Flying Whenever Teneb deals combat damage to a player, you may pay {2}{B}. If you do, put target creature card from a graveyard onto the battlefield under your control.",BGW
"Tergrid, God of Fright // Tergrid's Lantern",14dc88ee-bba9-4625-af0d-89f3762a0ead,khm,112,Legendary Creature — God // Legendary Artifact,,B
"Terra, Herald of Hope",5aa1a2d7-6133-41a9-9662-9008d1309935,fic,4,Legendary Creature — Human Wizard Warrior,"Trance — At the beginning of combat on your turn, mill two cards. Terra gains flying until end of turn. Whenever Terra deals combat damage to a player, you may pay {2}. When you do, return target creature card with power 3 or less from your graveyard to the battlefield tapped.",BRW
"Terra, Magical Adept // Esper Terra",fbd447aa-588d-4c4d-925e-a7d3bdf6a65c,fin,245,Legendary Creature — Human Wizard Warrior // Legendary Enchantment Creature — Saga Wizard,,BGRUW
"Terrian, World Tyrant",b44255cf-5264-4ead-9de0-20cc0f7cac6f,dft,182,Legendary Creature — Dinosaur Ooze,,G
Tersa Lightshatter,99e96b34-b1c4-4647-a38e-2cf1aedaaace,tdm,127,Legendary Creature — Orc Wizard,"Haste When Tersa Lightshatter enters, discard up to two cards, then draw that many cards. Whenever Tersa Lightshatter attacks, if there are seven or more cards in your graveyard, exile a card at random from your graveyard. You may play that card this turn.",R
"Tesak, Judith's Hellhound",0e563c13-7204-4cda-9b62-d46931fabcef,mkc,36,Legendary Creature — Elemental Dog,"Unleash (You may have this creature enter with a +1/+1 counter on it. It can't block as long as it has a +1/+1 counter on it.) Other Dogs you control have unleash. Creatures you control with counters on them have haste. Whenever Tesak attacks, add {R} for each attacking creature.",R
"Teshar, Ancestor's Apostle",e8a9b45b-d466-4c06-9a25-6edb6e8f6f2f,cmm,65,Legendary Creature — Bird Cleric,"Flying Whenever you cast a historic spell, return target creature card with mana value 3 or less from your graveyard to the battlefield. (Artifacts, legendaries, and Sagas are historic.)",W
"Tetsuko Umezawa, Fugitive",f3f03792-5d06-45f4-ab19-5a415abbc382,cmm,126,Legendary Creature — Human Rogue,Creatures you control with power or toughness 1 or less can't be blocked.,U
"Tetsuo, Imperial Champion",51c523cd-78b0-438f-bba5-19160f648d5f,dmc,44,Legendary Creature — Human Samurai,"Whenever Tetsuo attacks, if it's equipped, choose one — • Tetsuo deals damage equal to the greatest mana value among Equipment attached to it to any target. • You may cast an instant or sorcery spell from your hand with mana value less than or equal to the greatest mana value among Equipment attached to Tetsuo without paying its mana cost.",BRU
Tetsuo Umezawa,ec22ddf8-cb5e-4ca0-8f2f-c5d48f2cbd26,me3,179,Legendary Creature — Human Archer,"Tetsuo Umezawa can't be the target of Aura spells. {U}{B}{B}{R}, {T}: Destroy target tapped or blocking creature.",BRU
"Tetzimoc, Primal Death",c6a0b40e-7a43-4722-b787-a5d7ec6453ac,rix,86,Legendary Creature — Elder Dinosaur,"Deathtouch {B}, Reveal this card from your hand: Put a prey counter on target creature. Activate only during your turn. When Tetzimoc enters, destroy each creature your opponents control with a prey counter on it.",B
"Tetzin, Gnome Champion // The Golden-Gear Colossus",0502deea-95ad-4b6d-a3ac-d3adcd607624,lcc,13,Legendary Artifact Creature — Gnome // Legendary Artifact Creature — Gnome,,RUW
"Teval, Arbiter of Virtue",27a93f5b-7b32-49f0-a179-b897828fe49a,tdm,230,Legendary Creature — Spirit Dragon,"Flying, lifelink Spells you cast have delve. (Each card you exile from your graveyard while casting those spells pays for {1}.) Whenever you cast a spell, you lose life equal to its mana value.",BGU
"Teval, the Balanced Scale",b5d1955a-9ff0-4f8b-9af8-341371957299,tdc,8,Legendary Creature — Spirit Dragon,"Flying Whenever Teval attacks, mill three cards. Then you may return a land card from your graveyard to the battlefield tapped. Whenever one or more cards leave your graveyard, create a 2/2 black Zombie Druid creature token.",BGU
"Tevesh Szat, Doom of Fools",8f244716-78ab-46f5-b6e9-fc1e6db28052,cmr,153,Legendary Planeswalker — Szat,"+2: Create two 0/1 black Thrull creature tokens. +1: You may sacrifice another creature or planeswalker. If you do, draw two cards, then draw another card if the sacrificed permanent was a commander. −10: Gain control of all commanders. Put all commanders from the command zone onto the battlefield under your control. Tevesh Szat, Doom of Fools can be your commander. Partner",B
"Teysa, Envoy of Ghosts",abb21cf7-c5e6-4be5-8da5-9d29e95e2208,c21,230,Legendary Creature — Human Advisor,"Vigilance, protection from creatures Whenever a creature deals combat damage to you, destroy that creature. Create a 1/1 white and black Spirit creature token with flying.",BW
Teysa Karlov,cd14f1ce-7fcd-485c-b7ca-01c5b45fdc01,cmm,359,Legendary Creature — Human Advisor,"If a creature dying causes a triggered ability of a permanent you control to trigger, that ability triggers an additional time. Creature tokens you control have vigilance and lifelink.",BW
Teysa of the Ghost Council,ae7e0a65-c348-4171-a793-9d49da9249d1,yotj,26,Legendary Creature — Spirit Advisor,"Starting intensity 0 When Teysa enters, create a 1/1 white and black Spirit creature token with flying. Teysa intensifies by 1. Spirits you control get +X/+0, where X is Teysa's intensity. At the beginning of your end step, you may exile Teysa. If you do, at the beginning of your next upkeep, return Teysa to the battlefield under its owner's control and it gains haste.",BW
"Teysa, Opulent Oligarch",9b5a13dd-c2fd-432e-bc49-cc62d94d62a0,mkm,234,Legendary Creature — Human Advisor,"Deathtouch At the beginning of your end step, investigate for each opponent who lost life this turn. Whenever a Clue you control is put into a graveyard from the battlefield, create a 1/1 white and black Spirit creature token with flying. This ability triggers only once each turn.",BW
"Teysa, Orzhov Scion",b8ca900d-767d-4461-aba3-107dd17d8326,rvr,233,Legendary Creature — Human Advisor,"Sacrifice three white creatures: Exile target creature. Whenever another black creature you control dies, create a 1/1 white Spirit creature token with flying.",BW
"Thada Adel, Acquisitor",3bfcbeab-7a1e-4dcf-99bf-98f42c2b6a6f,wwk,40,Legendary Creature — Merfolk Rogue,"Islandwalk (This creature can't be blocked as long as defending player controls an Island.) Whenever Thada Adel deals combat damage to a player, search that player's library for an artifact card and exile it. Then that player shuffles. Until end of turn, you may play that card.",U
Thalia and The Gitrog Monster,8d7ff937-de92-445f-976c-726fef5c91cc,mom,255,Legendary Creature — Human Frog Horror,"First strike, deathtouch You may play an additional land on each of your turns. Creatures and nonbasic lands your opponents control enter tapped. Whenever Thalia and The Gitrog Monster attacks, sacrifice a creature or land, then draw a card.",BGW
"Thalia, Guardian of Thraben",c9f8b8fb-1cd8-450e-a1fe-892e7a323479,vow,38,Legendary Creature — Human Soldier,First strike Noncreature spells cost {1} more to cast.,W
"Thalia, Heretic Cathar",c062937f-d519-4206-99b0-cbea01b85a0d,inr,44,Legendary Creature — Human Soldier,First strike Creatures and nonbasic lands your opponents control enter tapped.,W
"Thalisse, Reverent Medium",f8cd8b55-2927-4e53-be1e-cc33c35f85b7,tdc,306,Legendary Creature — Human Cleric,"At the beginning of each end step, create X 1/1 white Spirit creature tokens with flying, where X is the number of tokens you created this turn.",BW
Thancred Waters,cc74ea74-05cf-4a33-84df-94ec34e816fe,fic,31,Legendary Creature — Human Warrior,"Flash Royal Guard — When Thancred Waters enters, another target legendary permanent you control gains indestructible for as long as you control Thancred Waters. Whenever you cast a noncreature spell, Thancred Waters gains indestructible until end of turn.",W
"Thantis, the Warweaver",91c54ac0-0edc-406f-8a22-f2996f604f36,c18,46,Legendary Creature — Spider,"Vigilance, reach All creatures attack each combat if able. Whenever a creature attacks you or a planeswalker you control, put a +1/+1 counter on Thantis.",BGR
"Thassa, Deep-Dwelling",c83ed3e0-82d0-4410-a6ca-b0f923eadf83,thb,71,Legendary Enchantment Creature — God,"Indestructible As long as your devotion to blue is less than five, Thassa isn't a creature. At the beginning of your end step, exile up to one other target creature you control, then return that card to the battlefield under your control. {3}{U}: Tap another target creature.",U
"Thassa, God of the Sea",9f9db424-e668-48b4-b275-7b35be4e1bf8,lcc,176,Legendary Enchantment Creature — God,"Indestructible As long as your devotion to blue is less than five, Thassa isn't a creature. (Each {U} in the mana costs of permanents you control counts toward your devotion to blue.) At the beginning of your upkeep, scry 1. {1}{U}: Target creature you control can't be blocked this turn.",U
The Ancient One,66dd43d7-76a7-46ea-b431-097fcea417af,lci,222,Legendary Creature — Spirit God,"Descend 8 — The Ancient One can't attack or block unless there are eight or more permanent cards in your graveyard. {2}{U}{B}: Draw a card, then discard a card. When you discard a card this way, target player mills cards equal to its mana value.",BU
The Archimandrite,54fb3f4c-44fb-4afe-9fab-204ef98995c3,brc,26,Legendary Creature — Human Advisor,"At the beginning of your upkeep, you gain X life, where X is the number of cards in your hand minus 4. Whenever you gain life, each Advisor, Artificer, and Monk you control gains vigilance and gets +X/+0 until end of turn, where X is the amount of life you gained. Tap three untapped Advisors, Artificers, and/or Monks you control: Draw a card.",RUW
"The Balrog, Durin's Bane",416880c3-cefb-45ea-bcc3-2ec7a70c8097,ltr,195,Legendary Creature — Avatar Demon,"This spell costs {1} less to cast for each permanent sacrificed this turn. Haste The Balrog can't be blocked except by legendary creatures. When The Balrog dies, destroy target artifact or creature an opponent controls.",BR
"The Balrog, Flame of Udûn",905e7424-2d0b-4877-a7dc-272ea9392ff0,ltr,297,Legendary Creature — Avatar Demon,"Trample When a legendary creature an opponent controls dies, put The Balrog on the bottom of its owner's library.",BR
The Balrog of Moria,2a3fcfdc-f2cf-42d8-8bb4-7308bc12746e,ltc,46,Legendary Creature — Avatar Demon,"Trample, haste When The Balrog of Moria dies, you may exile it. When you do, for each opponent, exile up to one target creature that player controls. Cycling {3}{R} ({3}{R}, Discard this card: Draw a card.) When you cycle this card, create two Treasure tokens.",BR
The Beamtown Bullies,f0455a79-15f4-4ea6-87ae-263ce943cfac,ncc,6,Legendary Creature — Ogre Devil Warrior,"Vigilance, haste {T}: Target opponent whose turn it is puts target nonlegendary creature card from your graveyard onto the battlefield under their control. It gains haste. Goad it. At the beginning of the next end step, exile it. (Until your next turn, that creature attacks each combat if able and attacks a player other than you if able.)",BGR
"The Beast, Deathless Prince",6218badd-d352-4e6d-9c84-f1e3f2f84695,who,114,Legendary Creature — Demon,"When you cast this spell, gain control of target creature until end of turn. Untap it. It gains menace and haste until end of turn. The Beast enters tapped with six stun counters on it. (If it would become untapped, remove a stun counter from it instead.) Whenever a creature deals combat damage to its owner, untap The Beast and draw a card.",BR
The Belligerent,1454af8c-bce9-47d3-890f-283e2fea2cf2,lci,225,Legendary Artifact — Vehicle,"Whenever The Belligerent attacks, create a Treasure token. Until end of turn, you may look at the top card of your library any time, and you may play lands and cast spells from the top of your library. Crew 3",RU
The Big Idea,2ec4563d-1a83-402c-b209-0e1f740a6523,ust,76,Legendary Creature — Brainiac Villain,"{2}{B/R}{B/R}, {T}: Roll a six-sided die. Create a number of 1/1 red Brainiac creature tokens equal to the result. Tap three untapped Brainiacs you control: The next time you would roll a six-sided die, instead roll two six-sided dice and use the total of those results.",BR
The Cabbage Merchant,2fea0356-6684-4730-9eb4-0262856bc1f9,tle,134,Legendary Creature — Human Citizen,"Whenever an opponent casts a noncreature spell, create a Food token. (It's an artifact with ""{2}, {T}, Sacrifice this token: You gain 3 life."") Whenever a creature deals combat damage to you, sacrifice a Food token. Tap two untapped Foods you control: Add one mana of any color.",G
The Capitoline Triad,fa1b63ce-47d3-4633-9062-3fecd810e85f,acr,1,Legendary Creature — God Artificer,"Those Who Came Before — This spell costs {1} less to cast for each historic card in your graveyard. (Artifacts, legendaries, and Sagas are historic.) Exile any number of historic cards from your graveyard with total mana value 30 or greater: You get an emblem with ""Creatures you control have base power and toughness 9/9.""",
The Celestial Toymaker,55c9e915-9cee-45c3-96aa-9dfd5a600d0a,sld,1582,Legendary Creature — Rogue Artificer,"Whenever The Celestial Toymaker attacks, look at the top three cards of your library. Exile any number of them in a face-down pile and the rest in a face-up pile. Defending player chooses one of those piles. Put that pile into your hand. At the beginning of each end step, each opponent loses 2 life for each spell or ability that caused one or more players to guess or to group cards or permanents into a pile this turn.",BUW
The Council of Four,0873cfa8-046c-4b14-ae22-3fd6a691f763,clb,271,Legendary Creature — Human Noble,"Whenever a player draws their second card during their turn, you draw a card. Whenever a player casts their second spell during their turn, you create a 2/2 white Knight creature token.",UW
The Cyber-Controller,3cab0df1-d53f-4208-9ff9-d015aac20141,who,119,Legendary Artifact Creature — Cyberman,"When The Cyber-Controller enters, each opponent mills X cards. Put all creature cards milled this way onto the battlefield face down under your control. They're 2/2 Cyberman artifact creatures. Other artifact creatures you control get +1/+1.",BU
The Dalek Emperor,e96e1793-cf1c-452d-9443-b0aad4475d50,who,120,Legendary Artifact Creature — Dalek,"Affinity for Daleks (This spell costs {1} less to cast for each Dalek you control.) Other Daleks you control have haste. At the beginning of combat on your turn, each opponent faces a villainous choice — That player sacrifices a creature of their choice, or you create a 3/3 black Dalek artifact creature token with menace.",BR
The Eighth Doctor,a26bf6fd-ced3-4c37-8adb-9a75c6d6d5cc,who,124,Legendary Creature — Time Lord Doctor,"When The Eighth Doctor enters, mill three cards. Once during each of your turns, you may play a historic land or cast a historic permanent spell from your graveyard. If you do, it gains ""If this permanent would leave the battlefield, exile it instead of putting it anywhere else.""",UW
The Eleventh Doctor,590849a7-9abc-4757-8e13-f680d3b1dceb,who,125,Legendary Creature — Time Lord Doctor,"I. AM. TALKING! — Whenever The Eleventh Doctor deals combat damage to a player, you may exile a card from your hand with a number of time counters on it equal to its mana value. If it doesn't have suspend, it gains suspend. {2}: Target creature with power 3 or less can't be blocked this turn.",UW
The Emperor of Palamecia // The Lord Master of Hell,3d75e8fd-6139-4b10-9ce3-195b47d72e0c,fin,219,Legendary Creature — Human Noble Wizard // Legendary Creature — Demon Noble Wizard,,RU
The Ever-Changing 'Dane,a17c5b28-e7d1-4ca6-bf6b-0a4c8b757232,dmc,30,Legendary Creature — Shapeshifter,"{1}, Sacrifice another creature: The Ever-Changing 'Dane becomes a copy of the sacrificed creature, except it has this ability.",BUW
The Face of Boe,5b207088-b63c-4d9f-9a42-377736855101,who,126,Legendary Creature — Alien Advisor,"{T}: You may cast a spell with suspend from your hand. If you do, pay its suspend cost rather than its mana cost. Activate only as a sorcery.",RUW
"The Falcon, Airship Restored",080fc2be-d463-4e8e-ba42-8f3cb0c95ed3,fic,45,Legendary Artifact — Vehicle,"Flying Whenever The Falcon deals combat damage to a player, you may sacrifice it. When you do, return target creature card from your graveyard to the battlefield. {4}{B}: Return this card from your graveyard to the battlefield tapped. Crew 2",B
The Fifteenth Doctor,530a26f1-cf7a-4e56-886b-6799b057c739,sld,1584,Legendary Creature — Time Lord Doctor,"Whenever The Fifteenth Doctor enters or attacks, mill three cards. You may put an artifact card with mana value 2 or 3 from among them into your hand. The first nonartifact spell you cast each turn has improvise. (Your artifacts can help cast that spell. Each artifact you tap after you're done activating mana abilities pays for {1}.)",RU
The Fifth Doctor,2f548f4b-77b9-47bb-b262-a851fdf0124f,who,127,Legendary Creature — Time Lord Doctor,"Peaceful Coexistence — At the beginning of your end step, put a +1/+1 counter on each creature you control that didn't attack or enter this turn. Untap those creatures.",UW
The First Doctor,b0b4d7db-56b1-4110-b4e4-11748201caf9,who,128,Legendary Creature — Time Lord Doctor,"When The First Doctor enters, search your library and/or graveyard for a card named TARDIS, reveal it, and put it into your hand. If you search your library this way, shuffle. Whenever you cast a spell with cascade, put a +1/+1 counter on target artifact or creature.",UW
The First Sliver,06d4fbe1-8a2f-4958-bb85-1a1e5f1e8d87,mh1,200,Legendary Creature — Sliver,"Cascade (When you cast this spell, exile cards from the top of your library until you exile a nonland card that costs less. You may cast it without paying its mana cost. Put the exiled cards on the bottom in a random order.) Sliver spells you cast have cascade.",BGRUW
The Fourteenth Doctor,8b8a78cf-ee6c-4852-9651-eeaa634daaa1,sld,1583,Legendary Creature — Time Lord Doctor,"When you cast this spell, reveal the top fourteen cards of your library. Put all Doctor cards revealed this way into your graveyard and the rest on the bottom of your library in a random order. You may have The Fourteenth Doctor enter as a copy of a Doctor card in your graveyard that was put there from your library this turn. If you do, it gains haste until end of turn.",GRUW
The Fourth Doctor,c84ea0fd-efc7-4614-9f8f-41a3c71fceaa,who,2,Legendary Creature — Time Lord Doctor,"You may look at the top card of your library any time. Would You Like A...? — Once each turn, you may play a historic land or cast a historic spell from the top of your library. When you do, create a Food token. (Artifacts, legendaries, and Sagas are historic.)",GU
The Fugitive Doctor,fea8bd29-80a4-463f-b3bd-e15f4bd5f5ce,who,130,Legendary Creature — Time Lord Doctor,"When The Fugitive Doctor enters, investigate. Whenever The Fugitive Doctor attacks, you may sacrifice a Clue. When you do, target instant or sorcery card in your graveyard gains flashback {2}{R}{G} until end of turn. (You may cast that card from your graveyard for its flashback cost. Then exile it.)",GR
The Gaffer,863ed552-dc6d-4910-b188-3cefc3ebf0ed,ltc,12,Legendary Creature — Halfling Peasant,"At the beginning of each end step, if you gained 3 or more life this turn, draw a card.",W
The Gitrog Monster,40489e28-878d-44a2-847f-07beef1aa0f8,eoc,117,Legendary Creature — Frog Horror,"Deathtouch At the beginning of your upkeep, sacrifice The Gitrog Monster unless you sacrifice a land. You may play an additional land on each of your turns. Whenever one or more land cards are put into your graveyard from anywhere, draw a card.",BG
"The Gitrog, Ravenous Ride",82512813-8618-483b-a7f0-e6a611d9d487,otj,206,Legendary Creature — Frog Horror Mount,"Trample, haste Whenever The Gitrog deals combat damage to a player, you may sacrifice a creature that saddled it this turn. If you do, draw X cards, then put up to X land cards from your hand onto the battlefield tapped, where X is the sacrificed creature's power. Saddle 1",BG
The Goose Mother,1a55c370-d396-4c73-8ee2-83dc4c124005,woe,204,Legendary Creature — Bird Hydra,"Flying The Goose Mother enters with X +1/+1 counters on it. When The Goose Mother enters, create half X Food tokens, rounded up. Whenever The Goose Mother attacks, you may sacrifice a Food. If you do, draw a card.",GU
The Grand Calcutron,3c1e38a2-d817-4f19-aabf-02dc72c78259,ust,131,Legendary Artifact,"When The Grand Calcutron enters, each player's hand becomes a program (an ordered row of revealed cards). Players can play only the first card of their program. If a card would be put into a player's hand from anywhere, that player reveals it and places it anywhere within their program instead. At the beginning of each player's end step, if that player's program has fewer than five cards, they draw cards equal to the difference. The Grand Calcutron can be your commander.",UW
The Haunt of Hightower,49b1bdff-a039-4dae-acda-7371ef6aec9d,plst,RNA-273,Legendary Creature — Vampire,"Flying, lifelink Whenever The Haunt of Hightower attacks, defending player discards a card. Whenever a card is put into an opponent's graveyard from anywhere, put a +1/+1 counter on The Haunt of Hightower.",B
The Hourglass Coven,17857be0-5192-45b6-a893-2675cde25937,hbg,45,Legendary Creature — Hag Warlock,"When The Hourglass Coven enters the battlefield, draft a card from The Hourglass Coven's spellbook twice, then put those cards onto the battlefield. Other Warlocks you control get +1/+1.",B
The Howling Abomination,5aa862c3-69a3-4d6c-abe8-201e1868c204,slx,13,Legendary Creature — Human Beast Warrior,"Haste The Howling Abomination has trample as long as you've cast three or more spells this turn. Whenever The Howling Abomination becomes the target of a spell, it gets +2/+2 until end of turn and deals 2 damage to each opponent.",GR
The Indomitable,e6456329-b521-474b-bfb5-bfcd7e52b5f8,lcc,75,Legendary Artifact — Vehicle,"Trample Whenever a creature you control deals combat damage to a player, draw a card. Crew 3 You may cast this card from your graveyard as long as you control three or more tapped Pirates and/or Vehicles.",U
The Infamous Cruelclaw,dc6c9196-6d28-4cc2-9748-60e9632a502b,blb,219,Legendary Creature — Weasel Mercenary,"Menace Whenever The Infamous Cruelclaw deals combat damage to a player, exile cards from the top of your library until you exile a nonland card. You may cast that card by discarding a card rather than paying its mana cost.",BR
The Jolly Balloon Man,a3c4e2e0-1c0e-475d-a0f4-1be4216c2bad,dsk,219,Legendary Creature — Human Clown,"Haste {1}, {T}: Create a token that's a copy of another target creature you control, except it's a 1/1 red Balloon creature in addition to its other colors and types and it has flying and haste. Sacrifice it at the beginning of the next end step. Activate only as a sorcery.",RW
The Lady of Otaria,d96a5a00-22a7-4a7b-a7e2-5c055a8384ba,dmc,35,Legendary Creature — Avatar,"You may tap three untapped Dwarves you control rather than pay this spell's mana cost. At the beginning of each end step, if a land you controlled was put into a graveyard from the battlefield this turn, reveal the top four cards of your library. You may put any number of Dwarf cards from among them into your hand. Put the rest on the bottom of your library in a random order.",GR
The Lady of the Mountain,70802e74-c292-446f-aa9a-dd32454a4b3d,me3,180,Legendary Creature — Giant,,GR
The Last Ride,9cbb7b4e-bd32-44a0-9396-16738c5e4381,dft,94,Legendary Artifact — Vehicle,"The Last Ride gets -X/-X, where X is your life total. {2}{B}, Pay 2 life: Draw a card. Crew 2",B
The Locust God,7e599847-8ab0-4fd6-b2c0-cb44a7669aa5,moc,335,Legendary Creature — God,"Flying Whenever you draw a card, create a 1/1 blue and red Insect creature token with flying and haste. {2}{U}{R}: Draw a card, then discard a card. When The Locust God dies, return it to its owner's hand at the beginning of the next end step.",RU
Thelon of Havenwood,783f1b9f-9866-4ead-96cf-88babf459ce2,tsr,238,Legendary Creature — Elf Druid,"Each Fungus creature gets +1/+1 for each spore counter on it. {B}{G}, Exile a Fungus card from a graveyard: Put a spore counter on each Fungus on the battlefield.",BG
The Lord of Pain,494c244e-dcdc-4169-9743-8a61f58e8763,dsc,3,Legendary Creature — Human Assassin,"Menace Your opponents can't gain life. Whenever a player casts their first spell each turn, choose another target player. The Lord of Pain deals damage equal to that spell's mana value to the chosen player.",BR
The Lunar Whale,ae875471-346c-4a76-b26f-b7205dad5b80,fin,60,Legendary Artifact — Vehicle,"Flying You may look at the top card of your library any time. As long as The Lunar Whale attacked this turn, you may play the top card of your library. Crew 1",U
The Mary Janes,88ede451-65c2-4169-b7a1-34edfc4e92ce,spe,15,Legendary Creature — Human Bard Performer,This spell costs {1} less to cast for each creature that attacked this turn. Menace (This creature can't be blocked except by two or more creatures.),R
"The Master, Formed Anew",a85edffb-37ce-45ca-b8d2-ddbbbee3b571,who,143,Legendary Creature — Time Lord Rogue,"Body Thief — When you cast this spell, you may exile a creature you control and put a takeover counter on it. You may have The Master enter as a copy of a creature card in exile with a takeover counter on it.",BU
"The Master, Gallifrey's End",7efb5dd0-abc4-4741-9d90-d8d93b03cf21,who,144,Legendary Creature — Time Lord Rogue,"Make Them Pay — Whenever a nontoken artifact creature you control dies, you may exile it. If you do, choose an opponent with the most life among your opponents. That player faces a villainous choice — They lose 4 life, or you create a token that's a copy of that card.",BR
"The Master, Mesmerist",772306d4-63d1-4d90-8c1b-4e4d6edb9aab,who,145,Legendary Creature — Time Lord Rogue,"{T}: Target creature an opponent controls with power less than or equal to The Master's power gains skulk until end of turn. Goad it. (A creature with skulk can't be blocked by creatures with greater power.) Whenever a creature with skulk deals combat damage to one of your opponents, put a +1/+1 counter on The Master and draw a card.",BU
"The Master, Multiplied",7f734ca0-91bc-4496-9bd7-2d09415e850f,who,146,Legendary Creature — Time Lord Rogue,"Myriad The ""legend rule"" doesn't apply to creature tokens you control. Triggered abilities you control can't cause you to sacrifice or exile creature tokens you control.",BR
The Master of Keys,3545341b-dacc-4ac8-976e-39754a62bbc3,dsc,4,Legendary Enchantment Creature — Horror,"Flying When The Master of Keys enters, put X +1/+1 counters on it and mill twice X cards. Each enchantment card in your graveyard has escape. The escape cost is equal to the card's mana cost plus exile three other cards from your graveyard. (You may cast cards from your graveyard for their escape cost.)",BUW
"The Master, Transcendent",5b0497da-670a-405c-a39c-97cae7942836,pip,6,Legendary Artifact Creature — Mutant,"When The Master enters, target player gets two rad counters. {T}: Put target creature card in a graveyard that was milled this turn onto the battlefield under your control. It's a green Mutant with base power and toughness 3/3. (It loses its other colors and creature types.)",BGU
Themberchaud,1dc40449-0660-4350-900c-ec9b2aaefe1c,slx,28,Legendary Creature — Dragon,"Trample When Themberchaud enters, he deals X damage to each other creature without flying and each player, where X is the number of Mountains you control. You may exert Themberchaud as he attacks. When you do, he gains flying until end of turn. (An exerted creature won't untap during your next untap step.)",R
The Meep,366c4cdb-c6f2-4ee8-b5fb-acb59a9931bf,sld,1581,Legendary Creature — Alien,"Ward—Pay 3 life. Whenever The Meep attacks, you may sacrifice another creature. If you do, creatures you control have base power and toughness X/X until end of turn, where X is the sacrificed creature's mana value.",B
The Mimeoplasm,998b86f3-e53f-4ebb-b111-6f14577fded1,otc,234,Legendary Creature — Ooze,"As The Mimeoplasm enters, you may exile two creature cards from graveyards. If you do, it enters as a copy of one of those cards with a number of additional +1/+1 counters on it equal to the power of the other card.",BGU
The Mindskinner,7f1bb4c5-99be-46cc-ad54-7affb5f0144c,dsk,66,Legendary Enchantment Creature — Nightmare,"The Mindskinner can't be blocked. If a source you control would deal damage to an opponent, prevent that damage and each opponent mills that many cards.",U
The Most Dangerous Gamer,a08b8ff8-13e4-46e7-b028-d055e4548f6a,unf,174,Legendary Creature — Human Gamer Guest,"Deathtouch Whenever The Most Dangerous Gamer enters or attacks, open an Attraction. Whenever you open an Attraction, put a +1/+1 counter on The Most Dangerous Gamer. Whenever you claim the prize of an Attraction, destroy target permanent.",BG
"The Motherlode, Excavator",3b9df394-522c-4458-bc36-cf24ad763718,pip,62,Legendary Artifact Creature — Robot,"When The Motherlode enters, choose target opponent. You get an amount of {E} (energy counters) equal to the number of nonbasic lands that player controls. Whenever The Motherlode attacks, you may pay {E}{E}{E}{E}. When you do, destroy target nonbasic land defending player controls, and creatures that player controls without flying can't block this turn.",R
The Mouth of Sauron,76a88814-aa30-4297-b338-3d851bfe7256,ltr,216,Legendary Creature — Human Advisor,"When The Mouth of Sauron enters, target player mills three cards. Then amass Orcs X, where X is the number of instant and sorcery cards in that player's graveyard. (Put X +1/+1 counters on an Army you control. It's also an Orc. If you don't control an Army, create a 0/0 black Orc Army creature token first.)",BU
The Mycotyrant,caef93cc-70d0-4cce-9aaa-13c0931b2ef7,lci,235,Legendary Creature — Elder Fungus,"Trample The Mycotyrant's power and toughness are each equal to the number of creatures you control that are Fungi and/or Saprolings. At the beginning of your end step, create X 1/1 black Fungus creature tokens with ""This token can't block,"" where X is the number of times you descended this turn. (You descend each time a permanent card is put into your graveyard from anywhere.)",BG
"Thendar, the Overminer",a0764566-617b-45cb-8aad-5a9f606348ae,yeoe,17,Legendary Creature — Kavu Pirate,"Menace Whenever a nonbasic land is put into a graveyard from the battlefield, its controller conjures a card named Wastes onto the battlefield tapped. At the beginning of your end step, if you control two or more tapped creatures, destroy up to one target nonbasic land.",R
The Necrobloom,8fcf68cf-0dac-4b29-90d5-c18c685182e6,mh3,194,Legendary Creature — Plant,"Landfall — Whenever a land you control enters, create a 0/1 green Plant creature token. If you control seven or more lands with different names, create a 2/2 black Zombie creature token instead. Land cards in your graveyard have dredge 2. (You may return a land card from your graveyard to your hand and mill two cards instead of drawing a card.)",BGW
The Ninth Doctor,74785b3b-44df-4555-a036-082572b7f4e7,who,148,Legendary Creature — Time Lord Doctor,"Haste Into the TARDIS — Whenever The Ninth Doctor becomes untapped during your untap step, you get an additional upkeep step after this step.",RU
The Odd Acorn Gang,791d9ea0-c70a-47a6-b8a3-0f5d36a5c44d,blc,7,Legendary Creature — Squirrel Warrior,"Menace, trample, reach Squirrels you control have ""{T}: Target Squirrel gets +2/+2 and gains trample until end of turn. Activate only as a sorcery."" Whenever one or more Squirrels you control deal combat damage to a player, draw a card.",BG
"Théoden, King of Rohan",f6dcd1ca-4943-46e4-bb5d-c14949e21e23,ltr,233,Legendary Creature — Human Noble,"Whenever Théoden or another Human you control enters, target creature gains double strike until end of turn.",RW
The Peregrine Dynamo,2e474c23-22d3-4249-b678-254b178ddf6f,dmc,19,Legendary Artifact Creature — Construct,"Haste {1}, {T}: Copy target activated or triggered ability you control from another legendary source that's not a commander. You may choose new targets for the copy. (Mana abilities can't be targeted.)",
The Pride of Hull Clade,edb40ab9-e552-4eb5-9c35-09094136dd4f,mkm,172,Legendary Creature — Crocodile Elk Turtle,"This spell costs {X} less to cast, where X is the total toughness of creatures you control. Defender {2}{U}{U}: Until end of turn, target creature you control gets +1/+0, gains ""Whenever this creature deals combat damage to a player, draw cards equal to its toughness,"" and can attack as though it didn't have defender.",GU
The Prima Vista,e3998132-5746-4dde-9529-97d3ad7d7361,fin,64,Legendary Artifact — Vehicle,"Flying Whenever you cast a noncreature spell, if at least four mana was spent to cast it, The Prima Vista becomes an artifact creature until end of turn. Crew 2 (Tap any number of creatures you control with total power 2 or more: This Vehicle becomes an artifact creature until end of turn.)",U
The Prismatic Piper,c78c2713-39e7-4a6e-a132-027099a89665,cmm,1,Legendary Creature — Shapeshifter,"If The Prismatic Piper is your commander, choose a color before the game begins. The Prismatic Piper is the chosen color. Partner (You can have two commanders if both have partner.)",
"The Prydwen, Steel Flagship",9c0a8eda-bfeb-4fd9-9e41-12fce02883d8,pip,22,Legendary Artifact — Vehicle,"Flying Whenever another nontoken artifact you control enters, create a 2/2 white Human Knight creature token with ""This token gets +2/+2 as long as an artifact entered the battlefield under your control this turn."" Crew 2",W
The Rani,01b44c52-b3a3-4954-adcc-53b79921ea24,who,149,Legendary Creature — Time Lord Scientist,"Whenever The Rani enters or attacks, create a red Aura enchantment token named Mark of the Rani attached to another target creature. That token has enchant creature and ""Enchanted creature gets +2/+2 and is goaded."" Whenever a goaded creature deals combat damage to one of your opponents, investigate.",BRU
The Raven Man,6e761fb2-ae4f-4d72-a142-f7e9bd681303,dmu,103,Legendary Creature — Human Wizard,"At the beginning of each end step, if a player discarded a card this turn, create a 1/1 black Bird creature token with flying and ""This token can't block."" {3}{B}, {T}: Each opponent discards a card. Activate only as a sorcery.",B
The Reality Chip,d859de3a-0be1-4e66-b438-1c3d4ee756cd,neo,74,Legendary Artifact Creature — Equipment Jellyfish,"You may look at the top card of your library any time. As long as The Reality Chip is attached to a creature, you may play lands and cast spells from the top of your library. Reconfigure {2}{U} ({2}{U}: Attach to target creature you control; or unattach from a creature. Reconfigure only as a sorcery. While attached, this isn't a creature.)",U
The Red Terror,1d16f75d-988d-4417-9a5e-549b785f9dc4,40k,83,Legendary Creature — Tyranid,"Advanced Species — Whenever a red source you control deals damage to one or more permanents and/or players, put a +1/+1 counter on The Red Terror.",R
The Regalia,dc420e79-c483-474f-97cd-e9c6a636c306,fin,267,Legendary Artifact — Vehicle,"Haste Whenever The Regalia attacks, reveal cards from the top of your library until you reveal a land card. Put that card onto the battlefield tapped and the rest on the bottom of your library in a random order. Crew 1",
The Scarab God,f4f414ef-84a2-4694-9e98-51bee4576c84,cmm,353,Legendary Creature — God,"At the beginning of your upkeep, each opponent loses X life and you scry X, where X is the number of Zombies you control. {2}{U}{B}: Exile target creature card from a graveyard. Create a token that's a copy of it, except it's a 4/4 black Zombie. When The Scarab God dies, return it to its owner's hand at the beginning of the next end step.",BU
The Scorpion God,def0d0ac-6422-486e-b42b-e1813dd0a23e,hou,146,Legendary Creature — God,"Whenever a creature with a -1/-1 counter on it dies, draw a card. {1}{B}{R}: Put a -1/-1 counter on another target creature. When The Scorpion God dies, return it to its owner's hand at the beginning of the next end step.",BR
The Second Doctor,568c2687-4381-4954-9cab-f669d1fe6306,who,156,Legendary Creature — Time Lord Doctor,"Players have no maximum hand size. How Civil of You — At the beginning of your end step, each player may draw a card. Each opponent who does can't attack you or permanents you control during their next turn.",UW
The Seriema,dec91ec3-42d3-4922-96f0-dbb50a576084,eoe,35,Legendary Artifact — Spacecraft,"When The Seriema enters, search your library for a legendary creature card, reveal it, put it into your hand, then shuffle. Station (Tap another creature you control: Put charge counters equal to its power on this Spacecraft. Station only as a sorcery. It's an artifact creature at 7+.) STATION 7+ Flying Other tapped legendary creatures you control have indestructible.",W
The Seventh Doctor,8dd6bfb3-1338-4ee6-9281-30a7428200d2,who,158,Legendary Creature — Time Lord Doctor,"Whenever The Seventh Doctor attacks, choose a card in your hand. Defending player guesses whether that card's mana value is greater than the number of artifacts you control. If they guessed wrong, you may cast it without paying its mana cost. If you don't cast a spell this way, investigate. (Create a Clue token. It's an artifact with ""{2}, Sacrifice this token: Draw a card."")",UW
The Sixth Doctor,c045ccb2-28d1-4bbe-9feb-3e86988fd24d,who,159,Legendary Creature — Time Lord Doctor,"Time Lord's Prerogative — Whenever you cast a historic spell, copy it, except the copy isn't legendary. This ability triggers only once each turn. (Artifacts, legendaries, and Sagas are historic. A copy of a permanent spell becomes a token.)",GU
The Space Family Goblinson,26177224-3c0e-4081-8468-3cd9981ddb0a,unf,179,Legendary Creature — Goblin Guest,"The Space Family Goblinson has trample as long as you've rolled three or more dice this turn. Whenever you roll a die, put a +1/+1 counter on The Space Family Goblinson.",GR
The Speed Demon,62242a80-0444-4a0e-a868-97eabcc77648,dft,105,Legendary Creature — Demon,"Flying, trample Start your engines! (If you have no speed, it starts at 1. It increases once on each of your turns when an opponent loses life. Max speed is 4.) At the beginning of your end step, you draw X cards and lose X life, where X is your speed.",B
"The Spot, Living Portal",09081740-1180-48ea-b50b-e016d9c3828a,spm,153,Legendary Creature — Human Scientist Villain,"When The Spot enters, exile up to one target nonland permanent and up to one target nonland permanent card from a graveyard. When The Spot dies, put him on the bottom of his owner's library. If you do, return the exiled cards to their owners' hands.",BW
The Swarmlord,d5c4077c-604e-4e8a-b448-0807849040ca,40k,4,Legendary Creature — Tyranid,"Rapid Regeneration — The Swarmlord enters with two +1/+1 counters on it for each time you've cast your commander from the command zone this game. Xenos Cunning — Whenever a creature you control with a counter on it dies, draw a card.",GRU
The Swarmweaver,dcf3b17b-f2f6-4702-864d-8c96100b0563,dsk,236,Legendary Artifact Creature — Scarecrow,"When The Swarmweaver enters, create two 1/1 black and green Insect creature tokens with flying. Delirium — As long as there are four or more card types among cards in your graveyard, Insects and Spiders you control get +1/+1 and have deathtouch.",BG
The Tarrasque,8a26fa15-d81f-4152-ae33-e91aa276b3fc,afr,207,Legendary Creature — Dinosaur,"The Tarrasque has haste and ward {10} as long as it was cast. Whenever The Tarrasque attacks, it fights target creature defending player controls.",G
The Tenth Doctor,f1499f49-793b-4265-9ad0-883a431941ab,who,3,Legendary Creature — Time Lord Doctor,"Allons-y! — Whenever you attack, exile cards from the top of your library until you exile a nonland card. Put three time counters on it. If it doesn't have suspend, it gains suspend. Timey-Wimey — {7}: Time travel three times. Activate only as a sorcery. (For each suspended card you own and each permanent you control with a time counter on it, you may add or remove a time counter. Then do it two more times.)",RU
The Terror of Serpent's Pass,f7569861-5b68-4265-bb45-3d54992bfe66,tle,225,Legendary Creature — Serpent,Hexproof (This creature can't be the target of spells or abilities your opponents control.),U
The Third Doctor,2934f5e5-2274-4de7-a8c7-ca034f1fec29,who,162,Legendary Creature — Time Lord Doctor,"Trample The Third Doctor gets +1/+1 for each noncreature token you control. When The Third Doctor enters, create your choice of a Clue token, a Food token, or a Treasure token.",GU
The Thirteenth Doctor,0dc4ec90-1650-4b98-9350-66341394cf0b,who,4,Legendary Creature — Time Lord Doctor,"Paradox — Whenever you cast a spell from anywhere other than your hand, put a +1/+1 counter on target creature. Team TARDIS — At the beginning of your end step, untap each creature you control with a counter on it.",GU
The Twelfth Doctor,2400d681-05ef-43b1-b720-c15ca4226c27,who,164,Legendary Creature — Time Lord Doctor,"The first spell you cast from anywhere other than your hand each turn has demonstrate. (When you cast that spell, you may copy it. If you do, choose an opponent to also copy it. A copy of a permanent spell becomes a token.) Whenever you copy a spell, put a +1/+1 counter on The Twelfth Doctor.",RU
The Unspeakable,e956c695-bf0a-430c-a14e-196ae6ab7c9f,dds,13,Legendary Creature — Spirit,"Flying, trample Whenever The Unspeakable deals combat damage to a player, you may return target Arcane card from your graveyard to your hand.",U
The Ur-Dragon,10d42b35-844f-4a64-9981-c6118d45e826,cmm,361,Legendary Creature — Dragon Avatar,"Eminence — As long as The Ur-Dragon is in the command zone or on the battlefield, other Dragon spells you cast cost {1} less to cast. Flying Whenever one or more Dragons you control attack, draw that many cards, then you may put a permanent card from your hand onto the battlefield.",BGRUW
The Valeyard,d63218a4-afaf-4ad8-9ca4-4f9af87877b9,who,165,Legendary Creature — Time Lord Noble,"If an opponent would face a villainous choice, they face that choice an additional time. (They can make the same or different choices.) While voting, you may vote an additional time.",BRU
The Wandering Minstrel,77bc419d-ff69-4e7c-afe6-faca383a5ed7,fin,249,Legendary Creature — Human Bard,"Lands you control enter untapped. The Minstrel's Ballad — At the beginning of combat on your turn, if you control five or more Towns, create a 2/2 Elemental creature token that's all colors. {3}{W}{U}{B}{R}{G}: Other creatures you control get +X/+X until end of turn, where X is the number of Towns you control.",BGRUW
The Wandering Rescuer,e1ccca86-df8b-4fd9-8fdf-0a5a7b14cdee,dsk,41,Legendary Creature — Human Samurai Noble,Flash Convoke (Your creatures can help cast this spell. Each creature you tap while casting this spell pays for {1} or one mana of that creature's color.) Double strike Other tapped creatures you control have hexproof.,W
The War Doctor,7a51472c-b61f-4d31-8753-a9ec90d12889,who,167,Legendary Creature — Time Lord Doctor,"Whenever one or more other permanents phase out and whenever one or more other cards are put into exile from anywhere, put a time counter on The War Doctor. Whenever The War Doctor attacks, it deals damage equal to the number of time counters on it to any target. If a creature dealt damage this way would die this turn, exile it instead.",RW
The Warring Triad,99fd1cd5-4740-4a0f-b773-3d3b66861d77,fic,99,Legendary Artifact Creature — God,"Flying, trample, haste As long as there are fewer than eight cards in your graveyard, The Warring Triad isn't a creature. {T}, Mill a card: Target player adds one mana of any color.",
The Watcher in the Water,1cb8e8bb-75a0-4b5e-b4b3-5d8f3795032d,ltr,75,Legendary Creature — Kraken,"The Watcher in the Water enters tapped with nine stun counters on it. (If a permanent with a stun counter would become untapped, remove one from it instead.) Whenever you draw a card during an opponent's turn, create a 1/1 blue Tentacle creature token. Whenever a Tentacle you control dies, untap up to one target Kraken and put a stun counter on up to one target nonland permanent.",U
The Wise Mothman,3d6d6944-a364-41c2-b824-7a1bf6ad0d1e,pip,4,Legendary Creature — Insect Mutant,"Flying Whenever The Wise Mothman enters or attacks, each player gets a rad counter. Whenever one or more nonland cards are milled, put a +1/+1 counter on each of up to X target creatures, where X is the number of nonland cards milled this way.",BGU
Thrakkus the Butcher,2255d1e4-f387-4187-8c10-7d0009f6ec79,clb,295,Legendary Creature — Dragon Peasant,"Trample Whenever Thrakkus attacks, double the power of each Dragon you control until end of turn.",GR
"Thrasios, Triton Hero",21e27b91-c7f1-4709-aa0d-8b5d81b22a0a,c16,46,Legendary Creature — Merfolk Wizard,"{4}: Scry 1, then reveal the top card of your library. If it's a land card, put it onto the battlefield tapped. Otherwise, draw a card. Partner (You can have two commanders if both have partner.)",GU
"Thrasta, Tempest's Roar",6172da14-9a87-4cf9-aff5-aca3470a67ef,mh2,178,Legendary Creature — Dinosaur,"This spell costs {3} less to cast for each other spell cast this turn. Trample, haste Trample over planeswalkers (This creature can deal excess combat damage to the controller of the planeswalker it's attacking.) Thrasta has hexproof as long as it entered this turn.",G
Thraximundar,0e7334eb-66c1-4410-966c-4e76c1b9e9a7,2x2,287,Legendary Creature — Zombie Assassin,"Haste Whenever Thraximundar attacks, defending player sacrifices a creature of their choice. Whenever a player sacrifices a creature, you may put a +1/+1 counter on Thraximundar.",BRU
"Three Dog, Galaxy News DJ",ab34e869-be7a-4632-95b3-5f200b4edcca,pip,120,Legendary Creature — Human Bard,"Whenever you attack, you may pay {2} and sacrifice an Aura attached to Three Dog. When you sacrifice an Aura this way, for each other attacking creature you control, create a token that's a copy of that Aura attached to that creature.",RW
"Thriss, Nantuko Primus",ad9e647d-903f-4a77-a56c-cd5c0c2f12cf,jud,134,Legendary Creature — Insect Druid,"{G}, {T}: Target creature gets +5/+5 until end of turn.",G
Thromok the Insatiable,240f10df-2115-4db3-aab6-731a413e074d,pca,106,Legendary Creature — Hellion,"Devour X, where X is the number of creatures devoured this way (As this creature enters, you may sacrifice any number of creatures. It enters with X +1/+1 counters on it for each of those creatures.)",GR
"Thrun, Breaker of Silence",6d9f51dd-0393-4b3c-bea5-8f74634ab0e5,one,186,Legendary Creature — Troll Shaman,"This spell can't be countered. Trample Thrun can't be the target of nongreen spells your opponents control or abilities from nongreen sources your opponents control. During your turn, Thrun has indestructible.",G
"Thrun, the Last Troll",5d393da0-4cb6-4ae8-b747-8e6d0fa7f55a,mbs,92,Legendary Creature — Troll Shaman,This spell can't be countered. Hexproof (This creature can't be the target of spells or abilities your opponents control.) {1}{G}: Regenerate Thrun.,G
"Thryx, the Sudden Storm",cbbdae80-1481-4a8c-b3c3-f4224204d29d,cmm,127,Legendary Creature — Elemental Giant,Flash (You may cast this spell any time you could cast an instant.) Flying Spells you cast with mana value 5 or greater cost {1} less to cast and can't be countered.,U
"Thurid, Mare of Destiny",aad65c60-b9e8-4a8f-92e8-3dff63232102,j25,33,Legendary Creature — Pegasus,"Flying, lifelink Whenever you cast a Pegasus, Unicorn, or Horse creature spell, copy it. (The copy becomes a token.) Other Pegasi, Unicorns, and Horses you control get +1/+1.",W
Tiamat,6dd0b9b0-55f4-4ce7-a916-6f23687f3fe4,afr,235,Legendary Creature — Dragon God,"Flying When Tiamat enters, if you cast it, search your library for up to five Dragon cards not named Tiamat that each have different names, reveal them, put them into your hand, then shuffle.",BGRUW
"Tiana, Angelic Mechanic",399c5dd7-64a4-45d5-9474-52771ad97358,ydmu,28,Legendary Creature — Angel Artificer,"Flying When Tiana, Angelic Mechanic or another legendary creature you control crews a Vehicle, that Vehicle perpetually gets +1/+0.",RW
"Tiana, Ship's Caretaker",8030dc33-bead-4b1a-9270-fe19809044b9,dmr,204,Legendary Creature — Angel Artificer,"Flying, first strike Whenever an Aura or Equipment you control is put into a graveyard from the battlefield, you may return that card to its owner's hand at the beginning of the next end step.",RW
Tibor and Lumia,149ce3cc-5df6-4158-b732-5bd2c1b3007f,gpt,135,Legendary Creature — Human Wizard,"Whenever you cast a blue spell, target creature gains flying until end of turn. Whenever you cast a red spell, Tibor and Lumia deals 1 damage to each creature without flying.",RU
"Tidus, Blitzball Star",aa851d68-a7a4-48c0-9cd7-d3d2e079f3a1,fin,246,Legendary Creature — Human Warrior,"Whenever an artifact you control enters, put a +1/+1 counter on Tidus. Whenever Tidus attacks, tap target creature an opponent controls.",UW
"Tidus, Yuna's Guardian",2cfd4494-346c-4cbc-8072-e267254cefcc,fic,5,Legendary Creature — Human Warrior,"At the beginning of combat on your turn, you may move a counter from target creature you control onto a second target creature you control. Cheer — Whenever one or more creatures you control with counters on them deal combat damage to a player, you may draw a card and proliferate. Do this only once each turn.",GUW
Tifa Lockhart,fb781323-2746-405d-a9b2-e778c037a6e9,fin,206,Legendary Creature — Human Monk,"Trample Landfall — Whenever a land you control enters, double Tifa Lockhart's power until end of turn.",G
"Tifa, Martial Artist",31513afc-329c-4913-8fcd-945c39ec82b2,fic,6,Legendary Creature — Human Monk,"Melee (Whenever this creature attacks, it gets +1/+1 until end of turn for each opponent you attacked this combat.) Whenever one or more creatures you control with power 7 or greater deal combat damage to a player, untap all creatures you control. If it's the first combat phase of your turn, there is an additional combat phase after this phase.",GRW
"Timin, Youthful Geist",a3d4102e-b48c-4da8-b181-092c7ab1849a,voc,16,Legendary Creature — Spirit,"Partner with Rhoda, Geist Avenger (When this creature enters, target player may put Rhoda into their hand from their library, then shuffle.) Flying At the beginning of each combat, tap up to one target creature.",U
"Timmy, Power Gamer",3fa57822-8bca-4cdd-916f-261dae494228,und,73,Legendary Creature — Human Gamer,{4}: You may put a creature card from your hand onto the battlefield.,G
"Timothar, Baron of Bats",7b01ecb8-02e2-4da2-8bf3-9c3753b23ba4,lcc,210,Legendary Creature — Vampire Noble,"Ward—Discard a card. Whenever another nontoken Vampire you control dies, you may pay {1} and exile it. If you do, create a 1/1 black Bat creature token with flying. It gains ""When this token deals combat damage to a player, sacrifice it and return the exiled card to the battlefield tapped.""",B
"Tinybones, Bauble Burglar",ff3d85bc-ef2d-4251-baf4-a14bd0cee61e,fdn,72,Legendary Creature — Skeleton Rogue,"Whenever an opponent discards a card, exile it from their graveyard with a stash counter on it. During your turn, you may play cards you don't own with stash counters on them from exile, and mana of any type can be spent to cast those spells. {3}{B}, {T}: Each opponent discards a card. Activate only as a sorcery.",B
"Tinybones, the Pickpocket",3d3025a2-4a17-4137-ba0b-bd676c6f5f88,otj,109,Legendary Creature — Skeleton Rogue,"Deathtouch Whenever Tinybones deals combat damage to a player, you may cast target nonland permanent card from that player's graveyard, and mana of any type can be spent to cast that spell.",B
"Tinybones, Trinket Thief",4063be5b-bfd9-43c5-bc39-09a40bc793bf,jmp,17,Legendary Creature — Skeleton Rogue,"At the beginning of each end step, if an opponent discarded a card this turn, you draw a card and you lose 1 life. {4}{B}{B}: Each opponent with no cards in hand loses 10 life.",B
"Tishana, Voice of Thunder",e522b695-859e-4fba-bf8c-c415fbce13e3,lcc,291,Legendary Creature — Merfolk Shaman,"Tishana's power and toughness are each equal to the number of cards in your hand. You have no maximum hand size. When Tishana enters, draw a card for each creature you control.",GU
"Titania, Nature's Force",1230be09-8436-4023-bb8b-d325456c0914,dsc,202,Legendary Creature — Elemental,"You may play Forests from your graveyard. Whenever a Forest you control enters, create a 5/3 green Elemental creature token. Whenever an Elemental you control dies, you may mill three cards.",G
"Titania, Protector of Argoth",732c208b-cd9e-48a9-9b9d-aba63066ba53,eoc,111,Legendary Creature — Elemental,"When Titania enters, return target land card from your graveyard to the battlefield. Whenever a land you control is put into a graveyard from the battlefield, create a 5/3 green Elemental creature token.",G
"Titania, Voice of Gaea",deeb6a21-23b0-44f1-b70e-5899bb9d4a84,bro,193,Legendary Creature — Elemental,"Reach Whenever one or more land cards are put into your graveyard from anywhere, you gain 2 life. At the beginning of your upkeep, if there are four or more land cards in your graveyard and you both own and control Titania, Voice of Gaea and a land named Argoth, Sanctum of Nature, exile them, then meld them into Titania, Gaea Incarnate.",G
Tivadar of Thorn,f34d3a74-496e-462d-afa6-370dc2b8347d,tsp,44,Legendary Creature — Human Knight,"First strike, protection from red When Tivadar enters, destroy target Goblin.",W
"Tivash, Gloom Summoner",e3b2a152-7bb9-495d-ac84-516097754137,c21,45,Legendary Creature — Human Warlock,"Lifelink At the beginning of your end step, if you gained life this turn, you may pay X life, where X is the amount of life you gained this turn. If you do, create an X/X black Demon creature token with flying.",B
"Tivit, Seller of Secrets",9235977e-a999-4ed0-83a3-742be87b13bb,ncc,10,Legendary Creature — Sphinx Rogue,"Flying, ward {3} Council's dilemma — Whenever Tivit enters or deals combat damage to a player, starting with you, each player votes for evidence or bribery. For each evidence vote, investigate. For each bribery vote, create a Treasure token. While voting, you may vote an additional time. (The votes can be for different choices or for the same choice.)",BUW
Tobias Andrion,9469a9b3-430c-43b1-bede-80e6949fd895,me3,181,Legendary Creature — Human Advisor,,UW
"Tobias, Doomed Conqueror",afcb1feb-e957-42e7-b05a-48f26bda7b76,dmc,45,Legendary Creature — Human Soldier,"Flash When Tobias dies, for each nontoken creature you controlled that died this turn, create a 2/2 black Zombie creature token.",UW
"Toby, Beastie Befriender",f33d3948-fe7b-4c3b-ab67-1022623fbb2b,dsk,35,Legendary Creature — Human Wizard,"When Toby enters, create a 4/4 white Beast creature token with ""This token can't attack or block alone."" As long as you control four or more creature tokens, creature tokens you control have flying.",W
"Tocasia, Dig Site Mentor",919a32a6-b66d-4a75-a02f-fa1c4c87b738,bro,224,Legendary Creature — Human Artificer,"Creatures you control have vigilance and ""{T}: Surveil 1."" (To surveil 1, look at the top card of your library. You may put that card into your graveyard.) {2}{G}{G}{W}{W}{U}{U}, Exile this card from your graveyard: Return any number of target artifact cards with total mana value 10 or less from your graveyard to the battlefield. Activate only as a sorcery.",GUW
"Toggo, Goblin Weaponsmith",1a05b3e2-259e-4fce-92ee-c00660e22ae7,cmr,204,Legendary Creature — Goblin Artificer,"Landfall — Whenever a land you control enters, create a colorless Equipment artifact token named Rock with ""Equipped creature has '{1}, {T}, Sacrifice Rock: This creature deals 2 damage to any target'"" and equip {1}. Partner (You can have two commanders if both have partner.)",R
"Tolsimir, Friend to Wolves",f7fce047-49f1-40ae-8410-6501cb0f8201,war,224,Legendary Creature — Elf Scout,"When Tolsimir enters, create Voja, Friend to Elves, a legendary 3/3 green and white Wolf creature token. Whenever a Wolf you control enters, you gain 3 life and that creature fights up to one target creature you don't control.",GW
"Tolsimir, Midnight's Light",08d22402-c41d-43d7-be1f-42be1e300726,mkm,236,Legendary Creature — Elf Scout,"Lifelink When Tolsimir enters, create Voja Fenstalker, a legendary 5/5 green and white Wolf creature token with trample. Whenever a Wolf you control attacks, if Tolsimir attacked this combat, target creature an opponent controls blocks that Wolf this combat if able.",GW
Tolsimir Wolfblood,d027f4be-e24f-4960-97bd-554e147df7a5,rvr,234,Legendary Creature — Elf Warrior,"Other green creatures you control get +1/+1. Other white creatures you control get +1/+1. {T}: Create Voja, a legendary 2/2 green and white Wolf creature token.",GW
"Toluz, Clever Conductor",f01f12e0-f354-43aa-9e2d-b59a99571a5f,snc,228,Legendary Creature — Human Rogue,"When Toluz enters, it connives. (Draw a card, then discard a card. If you discarded a nonland card, put a +1/+1 counter on this creature.) Whenever you discard one or more cards, exile them from your graveyard. When Toluz dies, put the cards exiled with it into their owner's hand.",BUW
Tom Bombadil,2ab04c49-76a1-4896-8dca-8cb4c615f489,ltr,234,Legendary Creature — God Bard,"As long as there are four or more lore counters among Sagas you control, Tom Bombadil has hexproof and indestructible. Whenever the final chapter ability of a Saga you control resolves, reveal cards from the top of your library until you reveal a Saga card. Put that card onto the battlefield and the rest on the bottom of your library in a random order. This ability triggers only once each turn.",BGRUW
"Tombstone, Career Criminal",313189ef-fe6e-4511-9386-920a88a49a88,spm,70,Legendary Creature — Human Villain,"When Tombstone enters, return target Villain card from your graveyard to your hand. Villain spells you cast cost {1} less to cast.",B
"Tomik, Distinguished Advokist",0eea32dc-dbac-47a9-97b2-311413f1de9d,rvr,31,Legendary Creature — Human Advisor,Flying Lands on the battlefield and land cards in graveyards can't be the targets of spells or abilities your opponents control. Your opponents can't play land cards from graveyards.,W
"Tomik, Wielder of Law",2c5a7550-fe1a-4797-9583-70ab56cfac0d,mkm,431,Legendary Creature — Human Advisor,"Affinity for planeswalkers (This spell costs {1} less to cast for each planeswalker you control.) Flying, vigilance Whenever an opponent attacks with creatures, if two or more of those creatures are attacking you and/or planeswalkers you control, that opponent loses 3 life and you draw a card.",BW
"Tomorrow, Azami's Familiar",095813f9-d559-40bd-a50f-7c1f6e494e60,bok,58,Legendary Creature — Spirit,"If you would draw a card, look at the top three cards of your library instead. Put one of those cards into your hand and the rest on the bottom of your library in any order.",U
"Toothy, Imaginary Friend",ebdf2f50-f69a-47c4-a75f-ff55781bb0c8,bbd,12,Legendary Creature — Illusion,"Partner with Pir, Imaginative Rascal (When this creature enters, target player may put Pir into their hand from their library, then shuffle.) Whenever you draw a card, put a +1/+1 counter on Toothy. When Toothy leaves the battlefield, draw a card for each +1/+1 counter on it.",U
"Toph, the Blind Bandit",ff68fa7b-8065-407b-a8b4-bfbb14f1c99c,tla,198,Legendary Creature — Human Warrior Ally,"When Toph enters, earthbend 2. (Target land you control becomes a 0/0 creature with haste that's still a land. Put two +1/+1 counters on it. When it dies or is exiled, return it to the battlefield tapped.) Toph's power is equal to the number of +1/+1 counters on lands you control.",G
"Toph, the First Metalbender",70b6670f-a9fa-4d75-b0a7-c01b5071a514,tla,247,Legendary Creature — Human Warrior Ally,"Nontoken artifacts you control are lands in addition to their other types. (They don't gain the ability to {T} for mana.) At the beginning of your end step, earthbend 2. (Target land you control becomes a 0/0 creature with haste that's still a land. Put two +1/+1 counters on it. When it dies or is exiled, return it to the battlefield tapped.)",GRW
"Toralf, God of Fury // Toralf's Hammer",22a6a5f1-1405-4efb-af3e-e1f58d664e99,khm,154,Legendary Creature — God // Legendary Artifact — Equipment,,R
"Torbran, Thane of Red Fell",79f591cd-d277-4ba5-b1bf-1c09cac9cb8a,eld,147,Legendary Creature — Dwarf Noble,"If a red source you control would deal damage to an opponent or a permanent an opponent controls, it deals that much damage plus 2 instead.",R
"Torens, Fist of the Angels",f8566528-ba96-4425-8831-b5d6197da9ae,inr,250,Legendary Creature — Human Cleric,"Training (Whenever this creature attacks with another creature with greater power, put a +1/+1 counter on this creature.) Whenever you cast a creature spell, create a 1/1 green and white Human Soldier creature token with training.",GW
"Torgaar, Famine Incarnate",ee13d6f1-66bb-433d-9250-f18aa30fa4fc,gn2,35,Legendary Creature — Avatar,"As an additional cost to cast this spell, you may sacrifice any number of creatures. This spell costs {2} less to cast for each creature sacrificed this way. When Torgaar enters, up to one target player's life total becomes half their starting life total, rounded down.",B
"Torgal, A Fine Hound",0f5725aa-42bb-4dfd-9c15-135b38b33da3,fin,208,Legendary Creature — Wolf,"Whenever you cast your first Human creature spell each turn, that creature enters with an additional +1/+1 counter on it for each Dog and/or Wolf you control. {T}: Add one mana of any color.",G
"Tori D'Avenant, Fury Rider",9c873c5b-61f6-49b9-8993-2d5e9823de62,dmu,223,Legendary Creature — Human Knight,"Vigilance, trample Whenever Tori D'Avenant attacks, all other attacking creatures you control get +1/+1 until end of turn. Other red attacking creatures you control gain trample until end of turn. Untap each other white attacking creature you control.",RW
"Tormod, the Desecrator",89903d5e-241f-477e-a336-2abe0232c04a,cmr,155,Legendary Creature — Zombie Wizard,"Whenever one or more cards leave your graveyard, create a tapped 2/2 black Zombie creature token. Partner (You can have two commanders if both have partner.)",B
"Torsten, Founder of Benalia",0783b426-a527-42c1-9271-be28b229e1c6,dmc,47,Legendary Creature — Human Soldier,"When Torsten enters, reveal the top seven cards of your library. Put any number of creature and/or land cards from among them into your hand and the rest on the bottom of your library in a random order. When Torsten dies, create seven 1/1 white Soldier creature tokens.",GW
Torsten Von Ursus,e6687f36-dccf-499b-938d-0da3f442f635,me3,183,Legendary Creature — Human Soldier,,GW
Tor Wauki,b37c8bc5-5b9e-431f-afee-09f961e4a7d0,me3,182,Legendary Creature — Human Archer,{T}: Tor Wauki deals 2 damage to target attacking or blocking creature.,BR
Tor Wauki the Younger,adea296b-b320-4588-9d6e-cbb5db7c39e3,dmc,46,Legendary Creature — Human Archer,"Reach, lifelink If another source you control would deal noncombat damage to a permanent or player, it deals that much damage plus 1 to that permanent or player instead. Whenever you cast an instant or sorcery spell, Tor Wauki deals 2 damage to any target.",BR
Toshiro Umezawa,0e767e07-febd-4025-bf03-d4d816bc1d3d,bok,89,Legendary Creature — Human Samurai,"Bushido 1 (Whenever this creature blocks or becomes blocked, it gets +1/+1 until end of turn.) Whenever a creature an opponent controls dies, you may cast target instant card from your graveyard. If that spell would be put into a graveyard, exile it instead.",B
"Toski, Bearer of Secrets",e82e61d1-488d-4627-a54c-d8496a967814,mkc,191,Legendary Creature — Squirrel,"This spell can't be countered. Indestructible Toski attacks each combat if able. Whenever a creature you control deals combat damage to a player, draw a card.",G
"Totentanz, Swarm Piper",1422d6db-fe5b-4a89-951a-fbd7985a29fc,woe,216,Legendary Creature — Human Warlock Bard,"Whenever Totentanz or another nontoken creature you control dies, create a 1/1 black Rat creature token with ""This token can't block."" {1}{B}: Target attacking Rat you control gains deathtouch until end of turn.",BR
"Tourach, Dread Cantor",f3526751-0101-4d91-a496-c53cd92326e0,mh2,102,Legendary Creature — Human Cleric,"Kicker {B}{B} (You may pay an additional {B}{B} as you cast this spell.) Protection from white Whenever an opponent discards a card, put a +1/+1 counter on Tourach. When Tourach enters, if it was kicked, target opponent discards two cards at random.",B
"Tovolar, Dire Overlord // Tovolar, the Midnight Scourge",f953fad3-0cd1-48aa-8ed9-d7d2e293e6e2,mid,246,Legendary Creature — Human Werewolf // Legendary Creature — Werewolf,,GR
"Toxrill, the Corrosive",84e64f38-b1f3-47cd-8cfb-a4861369aca3,vow,132,Legendary Creature — Slug Horror,"At the beginning of each end step, put a slime counter on each creature you don't control. Creatures you don't control get -1/-1 for each slime counter on them. Whenever a creature you don't control with a slime counter on it dies, create a 1/1 black Slug creature token. {U}{B}, Sacrifice a Slug: Draw a card.",BU
"Traxos, Scourge of Kroog",8566e91a-5f2c-4854-aeb3-68b3c4344582,dmc,195,Legendary Artifact Creature — Construct,"Trample Traxos enters tapped and doesn't untap during your untap step. Whenever you cast a historic spell, untap Traxos. (Artifacts, legendaries, and Sagas are historic.)",
Trazyn the Infinite,1ae95cfb-1c3e-43cc-acfa-68f25b0f6e52,40k,65,Legendary Artifact Creature — Necron,"Deathtouch Prismatic Gallery — As long as Trazyn is on the battlefield, it has all activated abilities of all artifact cards in your graveyard.",B
"Treebeard, Gracious Host",cf6be41a-1acd-4668-8f13-ccd495fbc7bd,ltc,73,Legendary Creature — Treefolk,"Trample, ward {2} When Treebeard enters, create two Food tokens. Whenever you gain life, put that many +1/+1 counters on target Halfling or Treefolk.",GW
"Trelasarra, Moon Dancer",f6a4b54c-a8fa-464e-a3dd-f3f3a08606f5,afr,236,Legendary Creature — Elf Cleric,"Whenever you gain life, put a +1/+1 counter on Trelasarra and scry 1. (Look at the top card of your library. You may put that card on the bottom.)",GW
"Treva, the Renewer",74ee66b2-5b69-461b-9590-1143adc692af,dde,49,Legendary Creature — Dragon,"Flying Whenever Treva deals combat damage to a player, you may pay {2}{W}. If you do, choose a color, then you gain 1 life for each permanent of that color.",GUW
Triad of Fates,588a8f90-4344-4882-9671-4c7295186a58,ths,206,Legendary Creature — Human Wizard,"{1}, {T}: Put a fate counter on another target creature. {W}, {T}: Exile target creature that has a fate counter on it, then return it to the battlefield under its owner's control. {B}, {T}: Exile target creature that has a fate counter on it. Its controller draws two cards.",BW
"Tromell, Seymour's Butler",0f4f6de2-1c3d-4f3b-b999-70879f9cbb26,fic,73,Legendary Creature — Elf Advisor,"Each other nontoken creature you control enters with an additional +1/+1 counter on it. {1}, {T}: Proliferate X times, where X is the number of nontoken creatures you control that entered this turn. (To proliferate, choose any number of permanents and/or players, then give each another counter of each kind already there.)",G
Tromokratis,f40ad933-ddd9-4975-a222-21fe3305137c,cmm,129,Legendary Creature — Kraken,"Tromokratis has hexproof unless it's attacking or blocking. Tromokratis can't be blocked unless all creatures defending player controls block it. (If any creature that player controls doesn't block this creature, it can't be blocked.)",U
Trostani Discordant,79d61bba-4404-4336-8290-51d1576f728d,clu,213,Legendary Creature — Dryad,"Other creatures you control get +1/+1. When Trostani enters, create two 1/1 white Soldier creature tokens with lifelink. At the beginning of your end step, each player gains control of all creatures they own.",GW
"Trostani, Selesnya's Voice",34ea44f2-cb2f-4b86-83fc-fe507f05bb9d,c19,204,Legendary Creature — Dryad,"Whenever another creature you control enters, you gain life equal to that creature's toughness. {1}{G}{W}, {T}: Populate. (Create a token that's a copy of a creature token you control.)",GW
"Trostani, Three Whispers",329f3aca-6db7-41d3-95b2-c479d14b7fa3,mkm,238,Legendary Creature — Dryad,{1}{G}: Target creature gains deathtouch until end of turn. {G/W}: Target creature gains vigilance until end of turn. {2}{W}: Target creature gains double strike until end of turn.,GW
"Troyan, Gutsy Explorer",eadd2a1a-93a0-4257-897d-1aaee279449f,woe,217,Legendary Creature — Vedalken Scout,"{T}: Add {G}{U}. Spend this mana only to cast spells with mana value 5 or greater or spells with {X} in their mana costs. {U}, {T}: Draw a card, then discard a card.",GU
"Truss, Chief Engineer",73b6f092-08b9-4c67-836a-28006ea3b2df,unf,181,Legendary Creature — Vedalken Rogue Employee,"Whenever Truss, Chief Engineer enters or another creature dies, put a hack counter on Truss. {2}, {T}, Remove X hack counters from Truss: Add or subtract X from a number or number word on target spell or permanent until end of turn. This effect can't reduce a number below 1 or a number word below one.",BU
"Trynn, Champion of Freedom",168d7532-c925-4a96-a756-2ce4dd0fec33,c20,1,Legendary Creature — Human Soldier,"Partner with Silvar, Devourer of the Free (When this creature enters, target player may put Silvar into their hand from their library, then shuffle.) At the beginning of your end step, if you attacked this turn, create a 1/1 white Human Soldier creature token.",W
Tsabo Tavoc,ccbe2539-7a7c-468b-a270-7ca1bdcccb1e,inv,281,Legendary Creature — Phyrexian Horror,"First strike, protection from legendary creatures {B}{B}, {T}: Destroy target legendary creature. It can't be regenerated.",BR
"Tsagan, Raider Warlord",c766a094-4230-466e-b141-894e389585d1,ydft,27,Legendary Creature — Dinosaur Berserker,"Double strike Start your engines! Whenever Tsagan attacks, creatures you control get +1/+0 until end of turn for each creature you control with first strike or double strike. Max speed — Tsagan has deathtouch. Other creatures you control have first strike.",BRW
Tuknir Deathlock,5ab10b32-00b6-40b7-ad5e-ff2fd35951ef,me3,184,Legendary Creature — Human Wizard,"Flying {R}{G}, {T}: Target creature gets +2/+2 until end of turn.",GR
Tuktuk the Explorer,b17f5403-7692-41ca-a3c9-b81c31bddc00,2xm,149,Legendary Creature — Goblin,"Haste When Tuktuk the Explorer dies, create Tuktuk the Returned, a legendary 5/5 colorless Goblin Golem artifact creature token.",R
"Tura Kennerüd, Skyknight",c839d302-bf85-4a30-a49a-dbbd48695b5c,dmu,224,Legendary Creature — Human Knight,"Flying Whenever you cast an instant or sorcery spell, create a 1/1 white Soldier creature token.",UW
Tusk and Whiskers,903168f6-c195-47af-bdf7-b5748108d2a8,unf,182,Legendary Creature — Elephant Mouse Performer,"Whenever you put an ability sticker on a creature, put a +1/+1 counter on that creature. {2}{G}{W}, {T}: You get {TK}. You may put a sticker on a nonland permanent you own.",GW
Tuvasa the Sunlit,bdda07ac-2f9f-4c8e-b3f6-b54d0afd730c,c18,47,Legendary Creature — Merfolk Shaman,"Tuvasa gets +1/+1 for each enchantment you control. Whenever you cast your first enchantment spell each turn, draw a card.",GUW
Tuya Bearclaw,e146e10c-3104-442d-9383-0f670960180d,cmm,360,Legendary Creature — Human Warrior,"Whenever Tuya Bearclaw attacks, it gets +X/+X until end of turn, where X is the greatest power among other creatures you control.",GR
"Tymaret, Chosen from Death",14b28eae-e8ed-4b99-b6ec-86d0716ec473,thb,119,Legendary Enchantment Creature — Demigod,Tymaret's toughness is equal to your devotion to black. (Each {B} in the mana costs of permanents you control counts toward your devotion to black.) {1}{B}: Exile up to two target cards from graveyards. You gain 1 life for each creature card exiled this way.,B
"Tymaret, the Murder King",4c4ce848-a57d-4e88-8093-9fb1408523bc,ths,207,Legendary Creature — Zombie Warrior,"{1}{R}, Sacrifice another creature: Tymaret deals 2 damage to target player or planeswalker. {1}{B}, Sacrifice a creature: Return this card from your graveyard to your hand.",BR
Tymna the Weaver,bc7cbe9b-324e-42b8-94e2-36e91cb32163,c16,48,Legendary Creature — Human Cleric,"Lifelink At the beginning of each of your postcombat main phases, you may pay X life, where X is the number of opponents that were dealt combat damage this turn. If you do, draw X cards. Partner (You can have two commanders if both have partner.)",BW
"Tyrox, Saurid Tyrant",159dc5a8-5cba-4c20-8c07-28a3d86c8411,dft,149,Legendary Creature — Dinosaur Warrior,,R
Tyvar the Bellicose,01a543f0-72fe-4a30-a4a0-356971c1c68a,mat,48,Legendary Creature — Elf Warrior,"Whenever one or more Elves you control attack, they gain deathtouch until end of turn. Each creature you control has ""Whenever a mana ability of this creature resolves, put a number of +1/+1 counters on it equal to the amount of mana this creature produced. This ability triggers only once each turn.""",BG
"Tyvar, the Pummeler",5f7687b1-630a-4e95-89c7-eaf456d8cb68,dsk,202,Legendary Creature — Elf Warrior,"Tap another untapped creature you control: Tyvar gains indestructible until end of turn. Tap it. {3}{G}{G}: Creatures you control get +X/+X until end of turn, where X is the greatest power among creatures you control.",G
"Uchbenbak, the Great Mistake",a062202c-f9fb-4dd6-989a-c3083644f1c0,lci,242,Legendary Creature — Skeleton Horror,"Vigilance, menace Descend 8 — {4}{U}{B}: Return this card from your graveyard to the battlefield with a finality counter on it. Activate only if there are eight or more permanent cards in your graveyard and only as a sorcery. (If a creature with a finality counter on it would die, exile it instead.)",BU
Uglúk of the White Hand,e914c7fc-be3c-4346-bf37-6e10f4998204,ltr,235,Legendary Creature — Orc Soldier,"Whenever another creature you control dies, put a +1/+1 counter on Uglúk. If that creature was a Goblin or Orc, put two +1/+1 counters on Uglúk instead.",BR
"Ukkima, Stalking Shadow",c66b452b-9c49-4c58-9966-6bafbfa34c36,otc,247,Legendary Creature — Whale Wolf,"Partner with Cazur, Ruthless Stalker (When this creature enters, target player may put Cazur into their hand from their library, then shuffle.) Ukkima can't be blocked. When Ukkima leaves the battlefield, it deals X damage to target player and you gain X life, where X is its power.",BU
"Ulalek, Fused Atrocity",fdad1b0e-d3cc-4d76-ae7e-fee12558cf2c,m3c,4,Legendary Creature — Eldrazi,"Devoid (This card has no color.) Whenever you cast an Eldrazi spell, you may pay {C}{C}. If you do, copy all spells you control, then copy all other activated and triggered abilities you control. You may choose new targets for the copies. (Mana abilities can't be copied.)",BGRUW
"Ulamog, the Ceaseless Hunger",c74ae706-b3b3-4097-a387-6f6c38a9b603,cmm,5,Legendary Creature — Eldrazi,"When you cast this spell, exile two target permanents. Indestructible Whenever Ulamog attacks, defending player exiles the top twenty cards of their library.",
"Ulamog, the Defiler",fd00d56a-86bd-41d8-82b6-975404ef8067,mh3,15,Legendary Creature — Eldrazi,"When you cast this spell, target opponent exiles the top half of their library, rounded up. Ward—Sacrifice two permanents. Ulamog enters with a number of +1/+1 counters on it equal to the greatest mana value among cards in exile. Ulamog has annihilator X, where X is the number of +1/+1 counters on it.",
"Ulamog, the Infinite Gyre",9464a820-65de-44f2-9895-46a35e8621a0,2x2,3,Legendary Creature — Eldrazi,"When you cast this spell, destroy target permanent. Indestructible Annihilator 4 (Whenever this creature attacks, defending player sacrifices four permanents of their choice.) When Ulamog is put into a graveyard from anywhere, its owner shuffles their graveyard into their library.",
"Ulasht, the Hate Seed",002fe870-eae5-42cc-a44c-32906f60719e,2x2,289,Legendary Creature — Hellion Hydra,"Ulasht enters with a +1/+1 counter on it for each other red creature you control and a +1/+1 counter on it for each other green creature you control. {1}, Remove a +1/+1 counter from Ulasht: Choose one — • Ulasht deals 1 damage to target creature. • Create a 1/1 green Saproling creature token.",GR
"Ulder Ravengard, Marshal",c379cb69-a57e-4450-a93a-32e1105f330a,hbg,76,Legendary Creature — Human Noble Soldier,"When Ulder Ravengard, Marshal enters the battlefield, another target nontoken creature you control gains double team until end of turn. Whenever Ulder Ravengard attacks, conjure a duplicate of another target nontoken attacking creature into your hand.",RW
"Ulrich of the Krallenhorde // Ulrich, Uncontested Alpha",3e2011f0-a640-4579-bd67-1dfbc09b8c09,emn,191,Legendary Creature — Human Werewolf // Legendary Creature — Werewolf,,GR
"Ultima, Origin of Oblivion",d55a4c02-1aa4-454c-9041-84937377a53b,fin,2,Legendary Creature — God,"Flying Whenever Ultima attacks, put a blight counter on target land. For as long as that land has a blight counter on it, it loses all land types and abilities and has ""{T}: Add {C}."" Whenever you tap a land for {C}, add an additional {C}.",
Ultimate Green Goblin,e82d3f71-8404-40e7-b7fa-35713d1b384e,spm,157,Legendary Creature — Goblin Villain,"At the beginning of your upkeep, discard a card, then create a Treasure token. Mayhem {2}{B/R} (You may cast this card from your graveyard for {2}{B/R} if you discarded it this turn. Timing rules still apply.)",BR
"Ultimecia, Temporal Threat",b64e4475-f1c6-4d85-b42f-6d84d06855bb,fin,556,Legendary Creature — Human Warlock,"When Ultimecia enters, tap all creatures your opponents control. Whenever a creature you control deals combat damage to a player, draw a card.",U
"Ultimecia, Time Sorceress // Ultimecia, Omnipotent",2d6a2b68-5407-464e-a335-7866fd969c30,fin,247,Legendary Creature — Human Warlock // Legendary Creature — Nightmare Warlock,,BU
"Ultra Magnus, Tactician // Ultra Magnus, Armored Carrier",687695ad-d212-4da4-a326-ce9876afdda2,bot,15,Legendary Artifact Creature — Robot // Legendary Artifact — Vehicle,,GRW
"Ultros, Obnoxious Octopus",14379198-9a0a-4853-9d51-fb074a24b1c0,fin,83,Legendary Creature — Octopus,"Whenever you cast a noncreature spell, if at least four mana was spent to cast it, tap target creature an opponent controls and put a stun counter on it. (If a permanent with a stun counter would become untapped, remove one from it instead.) Whenever you cast a noncreature spell, if at least eight mana was spent to cast it, put eight +1/+1 counters on Ultros.",U
"Umaro, Raging Yeti",31aed8e9-44be-4e7c-85ac-a084eaecaea7,fic,63,Legendary Creature — Yeti Berserker,"Trample At the beginning of combat on your turn, choose one at random — • Other creatures you control get +3/+0 and gain trample until end of turn. • Discard your hand, then draw four cards. • Umaro deals 5 damage to any target.",R
"Umbris, Fear Manifest",7aead6a8-bada-42cf-b7cc-0b730f564582,voc,38,Legendary Creature — Nightmare Horror,"Umbris gets +1/+1 for each card your opponents own in exile. Whenever Umbris or another Nightmare or Horror you control enters, target opponent exiles cards from the top of their library until they exile a land card.",BU
"Umori, the Collector",75ac31e0-ac70-4ee6-b2b1-cc445ffa1da9,iko,231,Legendary Creature — Ooze,"Companion — Each nonland card in your starting deck shares a card type. (If this card is your chosen companion, you may put it into your hand from outside the game for {3} as a sorcery.) As Umori enters, choose a card type. Spells you cast of the chosen type cost {1} less to cast.",BG
"Unctus, Grand Metatect",164b07e6-48ba-4789-bd8f-7cada1fec8a9,one,75,Legendary Artifact Creature — Phyrexian Vedalken,"Other blue creatures you control have ""Whenever this creature becomes tapped, draw a card, then discard a card."" Other artifact creatures you control get +1/+1. {U/P}: Until end of turn, target creature you control becomes a blue artifact in addition to its other colors and types. Activate only as a sorcery. ({U/P} can be paid with either {U} or 2 life.)",U
"Unesh, Criosphinx Sovereign",fdd1a8b2-f4ba-45af-9586-98a98834b8bc,hou,52,Legendary Creature — Sphinx,"Flying Sphinx spells you cast cost {2} less to cast. Whenever Unesh or another Sphinx you control enters, reveal the top four cards of your library. An opponent separates those cards into two piles. Put one pile into your hand and the other into your graveyard.",U
"Urabrask, Heretic Praetor",d9a4ec18-1da4-43c6-a79a-03fbd4aef3db,snc,129,Legendary Creature — Phyrexian Praetor,"Haste At the beginning of your upkeep, exile the top card of your library. You may play it this turn. At the beginning of each opponent's upkeep, the next time they would draw a card this turn, instead they exile the top card of their library. They may play it this turn.",R
Urabrask // The Great Work,712fb9e5-bd67-4173-a2d4-061aeb6253b5,mom,169,Legendary Creature — Phyrexian Praetor // Enchantment — Saga,,R
Urabrask the Hidden,93970fae-19f7-41dd-9750-ca428ae1de7a,clb,811,Legendary Creature — Phyrexian Praetor,Creatures you control have haste. Creatures your opponents control enter tapped.,R
"Urdnan, Dromoka Warrior",f239682a-2b81-4f62-a474-60e8db343200,j25,34,Legendary Creature — Human Warrior,"When Urdnan enters, put a +1/+1 counter on target creature. Whenever you attack, target attacking creature with a +1/+1 counter on it gains first strike until end of turn. If that creature has two or more +1/+1 counters on it, it gains double strike until end of turn instead.",W
Ur-Drago,81a40f34-fc26-4d05-9c52-6ffbf1766a3b,leg,268,Legendary Creature — Elemental,First strike Creatures with swampwalk can be blocked as though they didn't have swampwalk.,BU
Ureni of the Unwritten,f54ecbf1-83df-4486-bd6a-7d1f173b6863,tdc,9,Legendary Creature — Spirit Dragon,"Flying, trample Whenever Ureni enters or attacks, look at the top eight cards of your library. You may put a Dragon creature card from among them onto the battlefield. Put the rest on the bottom of your library in a random order.",GRU
"Ureni, the Song Unending",227802c0-4ff6-43a8-a850-ed0f546dc5ac,tdm,233,Legendary Creature — Spirit Dragon,"Flying, protection from white and from black When Ureni enters, it deals X damage divided as you choose among any number of target creatures and/or planeswalkers your opponents control, where X is the number of lands you control.",GRU
"Urgoros, the Empty One",e8652fb7-1bce-44ee-b75e-4c773ff8fdb3,dom,109,Legendary Creature — Specter,"Flying Whenever Urgoros deals combat damage to a player, that player discards a card at random. If the player can't, you draw a card.",B
Urianger Augurelt,44d44107-da15-41b9-8dfb-6335c1cbd83a,fic,96,Legendary Creature — Elf Advisor,"Whenever you play a land from exile or cast a spell from exile, you gain 2 life. Draw Arcanum — {T}: Look at the top card of your library. You may exile it face down. Play Arcanum — {T}: Until end of turn, you may play cards exiled with Urianger Augurelt. Spells you cast this way cost {2} less to cast.",UW
"Uril, the Miststalker",ca984fdb-aaca-4d8f-af2f-72387122607b,2x2,290,Legendary Creature — Beast,Hexproof (This creature can't be the target of spells or abilities your opponents control.) Uril gets +2/+2 for each Aura attached to it.,GRW
"Uro, Titan of Nature's Wrath",a0b6a71e-56cb-4d25-8f2b-7a4f1b60900d,thb,229,Legendary Creature — Elder Giant,"When Uro enters, sacrifice it unless it escaped. Whenever Uro enters or attacks, you gain 3 life and draw a card, then you may put a land card from your hand onto the battlefield. Escape—{G}{G}{U}{U}, Exile five other cards from your graveyard. (You may cast this card from your graveyard for its escape cost.)",GU
"Urtet, Remnant of Memnarch",7aa01ab4-26b0-49dc-8514-b3850d355a21,onc,28,Legendary Artifact Creature — Myr,"Whenever you cast a Myr spell, create a 1/1 colorless Myr artifact creature token. At the beginning of combat on your turn, untap each Myr you control. {W}{U}{B}{R}{G}, {T}: Put three +1/+1 counters on each Myr you control. Activate only during your turn.",BGRUW
"Urza, Chief Artificer",ea409050-4296-4b76-a6cd-2896ce1b88e4,brc,2,Legendary Creature — Human Artificer,"Affinity for artifact creatures (This spell costs {1} less to cast for each artifact creature you control.) Artifact creatures you control have menace. At the beginning of your end step, create a 0/0 colorless Construct artifact creature token with ""This token gets +1/+1 for each artifact you control.""",BUW
"Urza, Lord High Artificer",7b7a348a-51f7-4dc5-8fe7-1c70fea5e050,cmm,130,Legendary Creature — Human Artificer,"When Urza enters, create a 0/0 colorless Construct artifact creature token with ""This token gets +1/+1 for each artifact you control."" Tap an untapped artifact you control: Add {U}. {5}: Shuffle your library, then exile the top card. Until end of turn, you may play that card without paying its mana cost.",U
"Urza, Lord Protector",8aefe8bd-216a-4ec1-9362-3f9dbf7fd083,bro,225,Legendary Creature — Human Artificer,"Artifact, instant, and sorcery spells you cast cost {1} less to cast. {7}: If you both own and control Urza, Lord Protector and an artifact named The Mightstone and Weakstone, exile them, then meld them into Urza, Planeswalker. Activate only as a sorcery.",UW
"Urza, Powerstone Prodigy",445f897e-a059-4cd5-bfd2-302dc7a4c8e2,bro,69,Legendary Creature — Human Artificer,"Vigilance {1}, {T}: Draw a card, then discard a card. Whenever you discard one or more artifact cards, create a tapped Powerstone token. This ability triggers only once each turn. (The token is an artifact with ""{T}: Add {C}. This mana can't be spent to cast a nonartifact spell."")",U
"Urza, Prince of Kroog",5a7329cd-95af-4d71-984f-f5f28982520c,bro,226,Legendary Creature — Human Artificer,"Artifact creatures you control get +2/+2. {6}: Create a token that's a copy of target artifact you control, except it's a 1/1 Soldier creature in addition to its other types.",UW
"Uurg, Spawn of Turg",d1974536-9e4f-4808-9e49-a036ec7bf65c,eoc,127,Legendary Creature — Frog Beast,"Uurg's power is equal to the number of land cards in your graveyard. At the beginning of your upkeep, surveil 1. (Look at the top card of your library. You may put that card into your graveyard.) {B}{G}, Sacrifice a land: You gain 2 life.",BG
"Uvilda, Dean of Perfection // Nassari, Dean of Expression",8cfd0887-0c83-4b33-a85e-8b8ec5bf758d,stx,160,Legendary Creature — Djinn Wizard // Legendary Creature — Efreet Shaman,,RU
"Uyo, Silent Prophet",50840915-545b-4de2-94bb-22a0b1e0dc7a,c13,64,Legendary Creature — Moonfolk Wizard,"Flying {2}, Return two lands you control to their owner's hand: Copy target instant or sorcery spell. You may choose new targets for the copy.",U
"Vaan, Street Thief",50e1ec29-9de3-4f1b-b818-057e030d475b,fin,168,Legendary Creature — Human Scout,"Whenever one or more Scouts, Pirates, and/or Rogues you control deal combat damage to a player, exile the top card of that player's library. You may cast it. If you don't, create a Treasure token. Whenever you cast a spell you don't own, put a +1/+1 counter on each Scout, Pirate, and Rogue you control.",R
"Vadmir, New Blood",828b5855-af5a-46a6-8fd4-0a2e28f3bb01,otj,113,Legendary Creature — Vampire Rogue,"Whenever you commit a crime, put a +1/+1 counter on Vadmir. This ability triggers only once each turn. (Targeting opponents, anything they control, and/or cards in their graveyards is a crime.) As long as Vadmir has four or more +1/+1 counters on it, it has menace and lifelink.",B
"Vadrik, Astral Archmage",454666bb-f81d-4845-84aa-d6f8f80ce86a,mid,248,Legendary Creature — Human Wizard,"If it's neither day nor night, it becomes day as Vadrik enters. Instant and sorcery spells you cast cost {X} less to cast, where X is Vadrik's power. Whenever day becomes night or night becomes day, put a +1/+1 counter on Vadrik.",RU
"Vadrok, Apex of Thunder",ed7b0256-d342-4523-9516-6a007bf51825,iko,214,Legendary Creature — Elemental Dinosaur Cat,"Mutate {1}{W/U}{R}{R} (If you cast this spell for its mutate cost, put it over or under target non-Human creature you own. They mutate into the creature on top plus all abilities from under it.) Flying, first strike Whenever this creature mutates, you may cast target noncreature card with mana value 3 or less from your graveyard without paying its mana cost.",RUW
Vaevictis Asmadi,df01b548-9738-4c84-beb6-9a375f41d496,me3,185,Legendary Creature — Elder Dragon,"Flying At the beginning of your upkeep, sacrifice Vaevictis Asmadi unless you pay {B}{R}{G}. {B}: Vaevictis Asmadi gets +1/+0 until end of turn. {R}: Vaevictis Asmadi gets +1/+0 until end of turn. {G}: Vaevictis Asmadi gets +1/+0 until end of turn.",BGR
"Vaevictis Asmadi, the Dire",d19fdc00-21eb-48dc-966a-6b634dc5a2c4,m19,225,Legendary Creature — Elder Dragon,"Flying Whenever Vaevictis Asmadi attacks, for each player, choose target permanent that player controls. Those players sacrifice those permanents. Each player who sacrificed a permanent this way reveals the top card of their library, then puts it onto the battlefield if it's a permanent card.",BGR
"Valduk, Keeper of the Flame",d3c1bd49-e059-401e-b999-63166f9bc1fe,cmm,266,Legendary Creature — Human Shaman,"At the beginning of combat on your turn, for each Aura and Equipment attached to Valduk, create a 3/1 red Elemental creature token with trample and haste. Exile those tokens at the beginning of the next end step.",R
"Valentin, Dean of the Vein // Lisette, Dean of the Root",65008352-bc7e-40b2-a832-b46813e5dc4c,stx,161,Legendary Creature — Vampire Warlock // Legendary Creature — Human Druid,,BG
"Valgavoth, Harrower of Souls",8d7c1f6c-af45-4449-8cf8-e13830b3df8a,dsc,6,Legendary Creature — Elder Demon,"Flying Ward—Pay 2 life. Whenever an opponent loses life for the first time during each of their turns, put a +1/+1 counter on Valgavoth and draw a card.",BR
"Valgavoth, Terror Eater",7740ff55-67bb-409e-90f7-2c2c8b8c770a,dsk,120,Legendary Creature — Elder Demon,"Flying, lifelink Ward—Sacrifice three nonland permanents. If a card you didn't control would be put into an opponent's graveyard from anywhere, exile it instead. During your turn, you may play cards exiled with Valgavoth. If you cast a spell this way, pay life equal to its mana value rather than pay its mana cost.",B
"Valki, God of Lies // Tibalt, Cosmic Impostor",ea7e4c65-b4c4-4795-9475-3cba71c50ea5,khm,114,Legendary Creature — God // Legendary Planeswalker — Tibalt,,BR
"Val, Marooned Surveyor",a28c5f1e-0f72-46c2-a2da-9162532a3995,yeoe,26,Legendary Creature — Human Scout,"Vigilance Whenever you discover, investigate, scry, surveil, or seek one or more cards, Val deals 1 damage to each opponent and you gain 1 life.",GRW
Valor's Flagship,8af1dddf-6c95-448b-acc8-df5a99202e9a,dft,35,Legendary Artifact — Vehicle,"Flying, first strike, lifelink Crew 3 Cycling {X}{2}{W} ({X}{2}{W}, Discard this card: Draw a card.) When you cycle this card, create X 1/1 colorless Pilot creature tokens with ""This token saddles Mounts and crews Vehicles as though its power were 2 greater.""",W
"Vanille, Cheerful l'Cie",91226c1a-63a0-494e-bcf0-77c2d6f49213,fin,211,Legendary Creature — Human Cleric,"When Vanille enters, mill two cards, then return a permanent card from your graveyard to your hand. At the beginning of your first main phase, if you both own and control Vanille and a creature named Fang, Fearless l'Cie, you may pay {3}{B}{G}. If you do, exile them, then meld them into Ragnarok, Divine Deliverance.",BG
"Vannifar, Evolved Enigma",f6d381eb-6cb6-4505-aebe-995c1ddc8527,mkm,241,Legendary Creature — Elf Ooze Wizard,"At the beginning of combat on your turn, choose one — • Cloak a card from your hand. (Put it onto the battlefield face down as a 2/2 creature with ward {2}. Turn it face up any time for its mana cost if it's a creature card.) • Put a +1/+1 counter on each colorless creature you control.",GU
"Varchild, Betrayer of Kjeldor",7849b360-afad-4f50-b455-3d118f7bfcd0,c18,28,Legendary Creature — Human Knight,"Whenever Varchild deals combat damage to a player, that player creates that many 1/1 red Survivor creature tokens. Survivors your opponents control can't block, and they can't attack you or planeswalkers you control. When Varchild leaves the battlefield, gain control of all Survivors.",R
"Varina, Lich Queen",f1caccc8-4f33-4ae3-a09a-b41b9c4663a1,2x2,291,Legendary Creature — Zombie Wizard,"Whenever you attack with one or more Zombies, draw that many cards, then discard that many cards. You gain that much life. {2}, Exile two cards from your graveyard: Create a tapped 2/2 black Zombie creature token.",BUW
"Varis, Silverymoon Ranger",e3bd3ea9-f06d-4df7-8b8d-ac6a0e591b09,afr,209,Legendary Creature — Human Elf Ranger,"Reach, ward {1} Whenever you cast a creature or planeswalker spell, venture into the dungeon. This ability triggers only once each turn. (To venture into the dungeon, enter the first room or advance to the next room.) Whenever you complete a dungeon, create a 2/2 green Wolf creature token.",G
"Varolz, the Scar-Striped",4c3ae3db-c14a-4ffc-805c-a3a51da9370d,dgm,112,Legendary Creature — Troll Warrior,Each creature card in your graveyard has scavenge. The scavenge cost is equal to its mana cost. (Exile a creature card from your graveyard and pay its mana cost: Put a number of +1/+1 counters equal to that card's power on target creature. Scavenge only as a sorcery.) Sacrifice another creature: Regenerate Varolz.,BG
"Varragoth, Bloodsky Sire",efa8dbf0-4e5a-452b-826f-5813e8cd9d85,khm,115,Legendary Creature — Demon Rogue,"Deathtouch Boast — {1}{B}: Target player searches their library for a card, then shuffles and puts that card on top. (Activate only if this creature attacked this turn and only once each turn.)",B
"Vazi, Keen Negotiator",551a6ff5-0f6e-4925-98c7-4d426358e959,ncc,92,Legendary Creature — Human Advisor,"Haste {T}: Target opponent creates X Treasure tokens, where X is the number of Treasure tokens you created this turn. Whenever an opponent casts a spell or activates an ability, if mana from a Treasure was spent to cast it or activate it, put a +1/+1 counter on target creature, then draw a card.",BGR
"Vega, the Watcher",28fced7f-3078-4a54-8f76-0ef14c732e97,khm,233,Legendary Creature — Bird Spirit,"Flying Whenever you cast a spell from anywhere other than your hand, draw a card.",UW
"Veko, Death's Doorkeeper",4aadbe15-8d91-4c61-bdee-5341a1794335,ymkm,30,Legendary Creature — Spirit Cleric,"Extort {T}, Sacrifice a non-Spirit creature: Return target creature card from your graveyard to your hand. It perpetually becomes a Spirit, has base power and toughness 1/1, and gains ""You may pay {W/B} rather than pay this spell's mana cost."" Activate only as a sorcery.",BW
Vela the Night-Clad,610737cd-d1ef-49c0-8010-988320ed64d5,c17,201,Legendary Creature — Human Wizard,"Intimidate (This creature can't be blocked except by artifact creatures and/or creatures that share a color with it.) Other creatures you control have intimidate. Whenever Vela or another creature you control leaves the battlefield, each opponent loses 1 life.",BU
Veldrane of Sengir,fe0ce7d7-d370-4ef8-b1fa-aa70b2fd5ab1,hml,60,Legendary Creature — Human Rogue,{1}{B}{B}: Veldrane gets -3/-0 and gains forestwalk until end of turn. (It can't be blocked as long as defending player controls a Forest.),B
Velomachus Lorehold,523d8fe6-1efd-4278-82fe-ea4517e6665c,tdc,309,Legendary Creature — Elder Dragon,"Flying, vigilance, haste Whenever Velomachus Lorehold attacks, look at the top seven cards of your library. You may cast an instant or sorcery spell with mana value less than or equal to Velomachus Lorehold's power from among them without paying its mana cost. Put the rest on the bottom of your library in a random order.",RW
"Venat, Heart of Hydaelyn // Hydaelyn, the Mothercrystal",2625c00d-0a51-4481-bf36-cf13a2546242,fin,39,Legendary Creature — Elder Wizard // Legendary Creature — God,,W
Vendilion Clique,cd702cf1-10ca-4448-9fb1-b6de635e839c,a25,76,Legendary Creature — Faerie Wizard,"Flash Flying When Vendilion Clique enters, look at target player's hand. You may choose a nonland card from it. If you do, that player reveals the chosen card, puts it on the bottom of their library, then draws a card.",U
"Venom, Deadly Devourer",7d2cb243-08a7-47c9-9d71-7748c499ac30,spe,22,Legendary Creature — Symbiote Villain,"Vigilance, menace {3}: Exile target creature card from a graveyard. When you do, put X +1/+1 counters on target Symbiote, where X is the exiled card's toughness.",BG
"Venom, Eddie Brock",eab647ce-fe86-450d-b5e8-ebcda631f6a1,spe,12,Legendary Creature — Symbiote Villain,"Menace (This creature can't be blocked except by two or more creatures.) Whenever another creature dies, put a +1/+1 counter on Venom. If that creature was a Villain, draw a card.",B
"Venom, Evil Unleashed",ab3d51a4-40f0-4606-b5f9-2686c12fd54b,spm,71,Legendary Creature — Symbiote Villain,"Deathtouch {2}{B}, Exile this card from your graveyard: Put two +1/+1 counters on target creature. It gains deathtouch until end of turn. Activate only as a sorcery.",B
"Venser, Corpse Puppet",1b5b94b8-0420-40f2-b989-39cb43cff916,one,219,Legendary Creature — Phyrexian Zombie Wizard,"Lifelink, toxic 1 Whenever you proliferate, choose one — • If you don't control a creature named The Hollow Sentinel, create The Hollow Sentinel, a legendary 3/3 colorless Phyrexian Golem artifact creature token. • Target artifact creature you control gains flying and lifelink until end of turn.",BU
"Venser, Shaper Savant",77e19416-aa6c-46f1-b247-a94da5d1a13a,2x2,66,Legendary Creature — Human Wizard,"Flash (You may cast this spell any time you could cast an instant.) When Venser enters, return target spell or permanent to its owner's hand.",U
"Verazol, the Split Current",752a2aa9-40ed-4c64-b945-bc6fec606b7b,znr,239,Legendary Creature — Serpent,"Verazol enters with a +1/+1 counter on it for each mana spent to cast it. Whenever you cast a kicked spell, you may remove two +1/+1 counters from Verazol. If you do, copy that spell. You may choose new targets for the copy. (A copy of a permanent spell becomes a token.)",GU
Verdeloth the Ancient,980b31eb-a9cd-44d2-8755-9323bb4de2f0,cmm,330,Legendary Creature — Treefolk,"Kicker {X} (You may pay an additional {X} as you cast this spell.) Saproling creatures and other Treefolk creatures get +1/+1. When Verdeloth enters, if it was kicked, create X 1/1 green Saproling creature tokens.",G
Verix Bladewing,5d951996-3379-431d-bbb0-a7d099e72e4e,tdc,243,Legendary Creature — Dragon,"Kicker {3} (You may pay an additional {3} as you cast this spell.) Flying When Verix enters, if it was kicked, create Karox Bladewing, a legendary 4/4 red Dragon creature token with flying.",R
"Veronica, Dissident Scribe",2325aa29-7050-42a5-a0b4-c162db2192c9,pip,70,Legendary Creature — Human Artificer Rogue,"Menace Whenever Veronica attacks, you may discard a card. If you do, draw a card. Whenever you discard one or more nonland cards for the first time each turn, create a Junk token. (It's an artifact with ""{T}, Sacrifice this token: Exile the top card of your library. You may play that card this turn. Activate only as a sorcery."")",R
"Verrak, Warped Sengir",8ca7f49a-ab5a-49de-b07b-96c803daaf7d,dmc,16,Legendary Creature — Vampire,"Flying, deathtouch, lifelink Whenever you activate an ability that isn't a mana ability, if life was paid to activate it, you may pay that much life again. If you do, copy that ability. You may choose new targets for the copy.",BW
Veteran Soldier,3f4f074e-914e-4924-8b5e-b80b247bc341,clb,48,Legendary Enchantment — Background,"Commander creatures you own have ""Whenever this creature attacks a player, if no opponent has more life than that player, for each opponent, create a 1/1 white Soldier creature token that's tapped and attacking that opponent.""",W
"Vexyr, Ich-Tekik's Heir",a18b6ab0-1214-48c3-9b72-1644b6ff63fa,yone,29,Legendary Creature — Phyrexian Artificer,"Whenever you seek one or more cards, create a 3/3 colorless Phyrexian Golem artifact creature token. Golems you control have vigilance.",GUW
"Veyran, Voice of Duality",90197eca-271c-4047-90e0-00b2579a94f2,tdc,310,Legendary Creature — Efreet Wizard,"Magecraft — Whenever you cast or copy an instant or sorcery spell, Veyran gets +1/+1 until end of turn. If you casting or copying an instant or sorcery spell causes a triggered ability of a permanent you control to trigger, that ability triggers an additional time.",RU
"Vhal, Candlekeep Researcher",46738fb3-ab5e-486c-b66a-1526ba1cdfa8,clb,102,Legendary Creature — Human Wizard,Vigilance {T}: Add an amount of {C} equal to Vhal's toughness. This mana can't be spent to cast spells from your hand. Choose a Background (You can have a Background as a second commander.),U
"Vhal, Eager Scholar",9ff0f80c-97fc-44e5-ae78-71ba0720550c,hbg,8,Legendary Creature — Human Wizard,"Specialize {5} {T}: Draw a card, then discard a card. Put a study counter on Vhal, Eager Scholar.",U
Vhati il-Dal,a8564611-b678-4336-87e0-5a00a930de48,tpr,214,Legendary Creature — Human Warrior,"{T}: Until end of turn, target creature has base power 1 or base toughness 1.",BG
"Vial Smasher, Gleeful Grenadier",3afce4e6-ac59-4fba-b63a-8fed96bbdc4a,otj,235,Legendary Creature — Goblin Mercenary,"Whenever another outlaw you control enters, Vial Smasher deals 1 damage to target opponent. (Assassins, Mercenaries, Pirates, Rogues, and Warlocks are outlaws.)",BR
Vial Smasher the Fierce,cc7be939-2202-40fe-8899-a05682d76190,dsc,239,Legendary Creature — Goblin Berserker,"Whenever you cast your first spell each turn, choose an opponent at random. Vial Smasher deals damage equal to that spell's mana value to that player or a planeswalker that player controls. Partner (You can have two commanders if both have partner.)",BR
"Viconia, Drow Apostate",f631762a-e833-40a5-a6e9-b6cde38f62f0,clb,156,Legendary Creature — Elf Cleric,"At the beginning of your upkeep, if there are four or more creature cards in your graveyard, return a creature card at random from your graveyard to your hand. Choose a Background (You can have a Background as a second commander.)",B
"Viconia, Nightsinger's Disciple",b965f765-35a8-471b-b9e1-d7d539b9ae1a,hbg,11,Legendary Creature — Elf Cleric,Specialize {2} {1}: Exile target card from a graveyard.,B
"Victor, Valgavoth's Seneschal",51392ece-c9f5-46b0-9dce-0a1a0343a536,dsk,238,Legendary Creature — Human Warlock,"Eerie — Whenever an enchantment you control enters and whenever you fully unlock a Room, surveil 2 if this is the first time this ability has resolved this turn. If it's the second time, each opponent discards a card. If it's the third time, put a creature card from a graveyard onto the battlefield under your control.",BW
"Vihaan, Goldwaker",7b549690-72eb-4244-bb66-996a2bd1027e,otc,8,Legendary Creature — Dwarf Warlock,"Other outlaws you control have vigilance and haste. (Assassins, Mercenaries, Pirates, Rogues, and Warlocks are outlaws.) At the beginning of combat on your turn, you may have Treasures you control become 3/3 Construct Assassin artifact creatures in addition to their other types until end of turn.",BRW
"Vikya, Scorching Stalwart",f3a9eac0-cc71-48ae-bb60-ae26160f2000,slx,11,Legendary Creature — Human Warrior,"Training (Whenever this creature attacks with another creature with greater power, put a +1/+1 counter on this creature.) {4}{R}, {Q}, Discard a card: Vikya, Scorching Stalwart deals damage equal to its power to any target. If excess damage was dealt to a creature this way, draw a card. ({Q} is the untap symbol.)",RW
"Vilis, Broker of Blood",ecdf2bd9-87b9-470a-ad2e-0ebf98560f87,m20,122,Legendary Creature — Demon,"Flying {B}, Pay 2 life: Target creature gets -1/-1 until end of turn. Whenever you lose life, draw that many cards. (Damage causes loss of life.)",B
Vincent Valentine // Galian Beast,028ef608-acfe-4e9d-90db-eca4411ba78a,fin,125,Legendary Creature — Assassin // Legendary Creature — Werewolf Beast,,B
"Vincent, Vengeful Atoner",9e53d0b2-eeb0-4d54-86e5-723e05aaf6da,fic,64,Legendary Creature — Assassin,"Menace Whenever one or more creatures you control deal combat damage to a player, put a +1/+1 counter on Vincent. Chaos — Whenever Vincent deals combat damage to an opponent, it deals that much damage to each other opponent if Vincent's power is 7 or greater.",R
Virtus the Veiled,4a45a631-f899-4414-8e0a-64d987e9ba8b,bbd,7,Legendary Creature — Azra Assassin,"Partner with Gorm the Great (When this creature enters, target player may put Gorm into their hand from their library, then shuffle.) Deathtouch Whenever Virtus deals combat damage to a player, that player loses half their life, rounded up.",B
Visara the Dreadful,03f66946-ff52-4ce4-af25-b81196fa451b,ema,114,Legendary Creature — Gorgon,Flying {T}: Destroy target creature. It can't be regenerated.,B
"Vishgraz, the Doomhive",fb1d33b2-9082-4043-8e52-a5c2f3a174ba,onc,4,Legendary Creature — Phyrexian Insect,"Menace, toxic 1 (Players dealt combat damage by this creature also get a poison counter.) When Vishgraz enters, create three 1/1 colorless Phyrexian Mite artifact creature tokens with toxic 1 and ""This token can't block."" Vishgraz gets +1/+1 for each poison counter your opponents have.",BGW
"Vish Kal, Blood Arbiter",ba5f9d21-4cc9-4b7e-9f55-322dcf91c1b7,2xm,226,Legendary Creature — Vampire,"Flying, lifelink Sacrifice a creature: Put X +1/+1 counters on Vish Kal, where X is the sacrificed creature's power. Remove all +1/+1 counters from Vish Kal: Target creature gets -1/-1 until end of turn for each +1/+1 counter removed this way.",BW
Vislor Turlough,f25ec946-036b-480a-bab6-c4102e5c31db,who,74,Legendary Creature — Rogue,"Deal with the Black Guardian — When Vislor Turlough enters, you may have an opponent gain control of it. If you do, it's goaded for as long as they control it. At the beginning of your end step, draw a card, then you lose life equal to the number of cards in your hand. Doctor's companion (You can have two commanders if the other is the Doctor.)",B
"Vito, Fanatic of Aclazotz",c4fd9047-df91-4d82-be00-c623acae0f01,lci,243,Legendary Creature — Vampire Demon,"Flying Whenever you sacrifice another permanent, you gain 2 life if this is the first time this ability has resolved this turn. If it's the second time, each opponent loses 2 life. If it's the third time, create a 4/3 white and black Vampire Demon creature token with flying.",BW
"Vito, Thorn of the Dusk Rose",0fe79ee4-c3f3-4a6b-a967-203ca3b70ee5,m21,127,Legendary Creature — Vampire Cleric,"Whenever you gain life, target opponent loses that much life. {3}{B}{B}: Creatures you control gain lifelink until end of turn.",B
Vivi Ornitier,ecc1027a-8c07-44a0-bdde-fa2844cff694,fin,248,Legendary Creature — Wizard,"{0}: Add X mana in any combination of {U} and/or {R}, where X is Vivi Ornitier's power. Activate only during your turn and only once each turn. Whenever you cast a noncreature spell, put a +1/+1 counter on Vivi Ornitier and it deals 1 damage to each opponent.",RU
Vladimir and Godfrey,b84d1c57-f7b9-4d98-a155-6c3ad7fe9b9d,hbg,32,Legendary Creature — Zombie Knight,Rejuvenation — {2}{W}: Return Vladimir and Godfrey from your graveyard to the battlefield tapped. It perpetually gets +1/+1. Activate only if you control a 1/1 creature.,W
"Vnwxt, Verbose Host",893254c7-64cc-4cb9-b79f-2c41a8935ea0,dft,73,Legendary Creature — Homunculus,"Start your engines! (If you have no speed, it starts at 1. It increases once on each of your turns when an opponent loses life. Max speed is 4.) You have no maximum hand size. Max speed — If you would draw a card, draw two cards instead.",U
"Vogar, Necropolis Tyrant",42679318-e5c4-4aa4-8097-97552defc8bf,gn3,3,Legendary Creature — Zombie Giant,"Menace Whenever another creature dies during your turn, put a +1/+1 counter on Vogar. When Vogar dies, draw a card for each +1/+1 counter on it.",B
"Vohar, Vodalian Desecrator",807c7812-c108-45a7-a5b2-08cc693bc500,dmu,226,Legendary Creature — Phyrexian Merfolk Wizard,"{T}: Draw a card, then discard a card. If you discarded an instant or sorcery card this way, each opponent loses 1 life and you gain 1 life. {2}, Sacrifice Vohar: You may cast target instant or sorcery card from your graveyard this turn. If that spell would be put into your graveyard, exile it instead. Activate only as a sorcery.",BU
"Voja, Jaws of the Conclave",bfa1bd2f-25bd-4fbd-877b-cef00ab7f92f,mkm,432,Legendary Creature — Wolf,"Vigilance, trample, ward {3} Whenever Voja attacks, put X +1/+1 counters on each creature you control, where X is the number of Elves you control. Draw a card for each Wolf you control.",GRW
"Volo, Guide to Monsters",c9ae01f9-7461-47b4-aa1e-93bd6ff1bf9e,afr,238,Legendary Creature — Human Wizard,"Whenever you cast a creature spell that doesn't share a creature type with a creature you control or a creature card in your graveyard, copy that spell. (A copy of a creature spell becomes a token.)",GU
"Volo, Itinerant Scholar",862b6d5e-548f-4765-9d39-08d6115b4012,clb,103,Legendary Creature — Human Wizard,"When Volo enters, create Volo's Journal, a legendary colorless artifact token with hexproof and ""Whenever you cast a creature spell, note one of its creature types that hasn't been noted for Volo's Journal."" {2}, {T}: Draw a card for each creature type noted for target permanent you control named Volo's Journal. Choose a Background",U
Volrath the Fallen,08bdd66e-9ca1-456e-a61c-7c96cf6f7c56,nem,75,Legendary Creature — Phyrexian Shapeshifter,"{1}{B}, Discard a creature card: Volrath gets +X/+X until end of turn, where X is the discarded card's mana value.",B
"Volrath, the Shapestealer",a149d6a5-c865-475a-87b7-596a19f6c80d,c19,51,Legendary Creature — Phyrexian Shapeshifter,"At the beginning of combat on your turn, put a -1/-1 counter on up to one target creature. {1}: Until your next turn, Volrath becomes a copy of target creature with a counter on it, except it's 7/5 and it has this ability.",BGU
"Vona, Butcher of Magan",27beed9c-a42e-46de-8fbc-885da337ae75,lcc,293,Legendary Creature — Vampire Knight,"Vigilance, lifelink {T}, Pay 7 life: Destroy target nonland permanent. Activate only during your turn.",BW
"Vona de Iedo, the Antifex",853e5a1e-91eb-486b-8121-b5bc78d3e827,yotj,28,Legendary Creature — Vampire Cleric Knight,"Menace When Vona de Iedo enters, destroy target nonland, nontoken permanent an opponent controls. Then you may discard a card. If you do, conjure a duplicate of that permanent into your hand, and the duplicate perpetually gains ""Mana of any type can be spent to cast this spell.""",BW
Vorel of the Hull Clade,82c8cac8-29ce-43cc-bdb4-428c614d8545,lcc,294,Legendary Creature — Human Merfolk,"{G}{U}, {T}: Double the number of each kind of counter on target artifact, creature, or land.",GU
"Vorinclex, Monstrous Raider",92613468-205e-488b-930d-11908477e9f8,khm,199,Legendary Creature — Phyrexian Praetor,"Trample, haste If you would put one or more counters on a permanent or player, put twice that many of each of those kinds of counters on that permanent or player instead. If an opponent would put one or more counters on a permanent or player, they put half that many of each of those kinds of counters on that permanent or player instead, rounded down.",G
Vorinclex // The Grand Evolution,e24b5289-d3b5-4b4d-bb37-69bf2c3b48bc,mom,213,Legendary Creature — Phyrexian Praetor // Enchantment — Saga,,G
"Vorinclex, Voice of Hunger",9fe3af8c-109d-486c-aa34-3f023abda5b7,ima,189,Legendary Creature — Phyrexian Praetor,"Trample Whenever you tap a land for mana, add one mana of any type that land produced. Whenever an opponent taps a land for mana, that land doesn't untap during its controller's next untap step.",G
"Vorosh, the Hunter",35943c5a-24ea-48dc-8ba3-956e0ec93cc6,cm2,3,Legendary Creature — Dragon,"Flying Whenever Vorosh deals combat damage to a player, you may pay {2}{G}. If you do, put six +1/+1 counters on Vorosh.",BGU
"Vorthos, Steward of Myth",bd42cab5-3285-48bf-a8f2-f57a474565ad,unf,126,Legendary Creature — Human Gamer,"As Vorthos, Steward of Myth enters, choose a named Magic character. Each spell you cast with the chosen character in its name, flavor text, or art costs {W}{U}{B}{R}{G} less to cast. This effect reduces only the amount of colored mana you pay.",BGRUW
"Vraan, Executioner Thane",4c4a3119-c70a-46ff-8ede-6356f2b7bc13,one,114,Legendary Creature — Phyrexian Vampire,"Whenever one or more other creatures you control die, each opponent loses 2 life and you gain 2 life. This ability triggers only once each turn.",B
"Vraska, the Silencer",b042abf2-c40b-4235-a4fa-2e4901c375c3,otj,237,Legendary Creature — Gorgon Assassin,"Deathtouch Whenever a nontoken creature an opponent controls dies, you may pay {1}. If you do, return that card to the battlefield tapped under your control. It's a Treasure artifact with ""{T}, Sacrifice this artifact: Add one mana of any color,"" and it loses all other card types.",BG
"Vren, the Relentless",6506277d-f031-4db5-9d16-bf2389094785,blb,239,Legendary Creature — Rat Rogue,"Ward {2} If a creature an opponent controls would die, exile it instead. At the beginning of each end step, create X 1/1 black Rat creature tokens with ""This token gets +1/+1 for each other Rat you control,"" where X is the number of creatures that were exiled under your opponents' control this turn.",BU
"Vrestin, Menoptra Leader",b117d388-ac94-4e20-84f0-f4d242121d7f,who,166,Legendary Creature — Alien Insect Scout,"Flying Vrestin enters with X +1/+1 counters on it. When Vrestin enters, create X 1/1 green and white Alien Insect creature tokens with flying. Whenever you attack with one or more Insects, put a +1/+1 counter on each of them.",GW
"Vrondiss, Rage of Ancients",683ca7f0-e9df-459b-a8e3-cf80b39c732d,afc,4,Legendary Creature — Dragon Barbarian,"Enrage — Whenever Vrondiss is dealt damage, you may create a 5/4 red and green Dragon Spirit creature token with ""When this token deals damage, sacrifice it."" Whenever you roll one or more dice, you may have Vrondiss deal 1 damage to itself.",GR
"Vulture, Scheming Scavenger",e29281be-e722-4149-93a0-6dd3f0f64253,spm,158,Legendary Creature — Human Artificer Villain,"Flying Whenever Vulture attacks, other Villains you control gain flying until end of turn.",BU
"Vv'viza, Orbital Overseer",bee4c40d-f04c-4be0-8938-a56b19a6543a,yeoe,28,Legendary Creature — Jellyfish Advisor,"Flying, Vigilance When Vv'viza enters, conjure a card of your choice from the Planets Spellbook onto the battlefield. Whenever you attack, create a Lander token. It becomes a 2/1 artifact creature and gains flying.",GUW
"Wakka, Devoted Guardian",9f7fcef4-99fc-4df2-b0f5-4398f71b2fcf,fic,97,Legendary Creature — Human Warrior,"Reach, trample Whenever Wakka deals combat damage to a player, destroy up to one target artifact that player controls and put a +1/+1 counter on Wakka. Blitzball Captain — At the beginning of your end step, if a counter was put on Wakka this turn, put a +1/+1 counter on each other creature you control.",GW
"Wasitora, Nekoru Queen",07790bd5-0d27-490e-b1ae-3b866882461e,2x2,293,Legendary Creature — Cat Dragon,"Flying, trample Whenever Wasitora deals combat damage to a player, that player sacrifices a creature of their choice. If the player can't, you create a 3/3 black, red, and green Cat Dragon creature token with flying.",BGR
"Wayta, Trainer Prodigy",04f2d7ee-43a4-48e8-af64-d9fad4b9c5f1,lcc,7,Legendary Creature — Human Warrior,"Haste {2}{G}, {T}: Target creature you control fights another target creature. This ability costs {2} less to activate if it targets two creatures you control. If a creature you control being dealt damage causes a triggered ability of a permanent you control to trigger, that ability triggers an additional time.",GRW
Weatherlight,c86cf087-c50a-487a-bc1a-eee5410f14d9,nec,165,Legendary Artifact — Vehicle,"Flying Whenever Weatherlight deals combat damage to a player, look at the top five cards of your library. You may reveal a historic card from among them and put it into your hand. Put the rest on the bottom of your library in a random order. (Artifacts, legendaries, and Sagas are historic.) Crew 3",
Weatherlight Compleated,976fd9d9-a9b5-40b6-ad38-4b3b263e1ebc,dmu,242,Legendary Artifact — Vehicle,"Flying As long as Weatherlight Compleated has four or more phyresis counters on it, it's a Phyrexian creature in addition to its other types. Whenever a creature you control dies, put a phyresis counter on Weatherlight Compleated. Then draw a card if it has seven or more phyresis counters on it. If it doesn't, scry 1.",
"Wernog, Rider's Chaplain",39491011-bdf6-4e61-8534-fe26c1571f8f,slx,8,Legendary Creature — Human,"When Wernog, Rider's Chaplain enters or leaves the battlefield, each opponent may investigate. Each opponent who doesn't loses 1 life. You investigate X times, where X is one plus the number of opponents who investigated this way. Friends forever (You can have two commanders if both have friends forever.)",BW
"Whisper, Blood Liturgist",82ce13b0-372d-4664-a888-85f4c72e030d,cmm,198,Legendary Creature — Human Cleric,"{T}, Sacrifice two creatures: Return target creature card from your graveyard to the battlefield.",B
"Wick, the Whorled Mind",29089810-d7fb-4abe-b729-bfabed6aed2b,blb,120,Legendary Creature — Rat Warlock,"Whenever Wick or another Rat you control enters, create a 1/1 black Snail creature token if you don't control a Snail. Otherwise, put a +1/+1 counter on a Snail you control. {U}{B}{R}, Sacrifice a Snail: Wick deals damage equal to the sacrificed creature's power to each opponent. Then draw cards equal to the sacrificed creature's power.",BRU
"Wildsear, Scouring Maw",48494ef9-5eb3-4b55-ad1d-b32bbed89ca5,blc,8,Legendary Creature — Elemental Wolf,"Trample Enchantment spells you cast from your hand have cascade. (Whenever you cast an enchantment spell from your hand, exile cards from the top of your library until you exile a nonland card that costs less. You may cast it without paying its mana cost. Put the exiled cards on the bottom in a random order.)",GR
Wilfred Mott,10918b68-b442-4895-b8a6-57f65274a39e,who,32,Legendary Creature — Human Soldier,"Look to the Stars — At the beginning of your upkeep, put a time counter on Wilfred Mott. Then look at the top X cards of your library, where X is the number of time counters on Wilfred Mott. You may put a nonland permanent card with mana value 3 or less from among them onto the battlefield. Put the rest on the bottom of your library in a random order.",W
"Wilhelt, the Rotcleaver",2501a911-d072-436d-ae3b-a5164e3b30aa,mic,2,Legendary Creature — Zombie Warrior,"Whenever another Zombie you control dies, if it didn't have decayed, create a 2/2 black Zombie creature token with decayed. (It can't block. When it attacks, sacrifice it at end of combat.) At the beginning of your end step, you may sacrifice a Zombie. If you do, draw a card.",BU
Will Kenrith,406a3ae5-f57e-40ff-8eac-a01781f2329f,clb,738,Legendary Planeswalker — Will,"+2: Until your next turn, up to two target creatures each have base power and toughness 0/3 and lose all abilities. −2: Target player draws two cards. Until your next turn, instant, sorcery, and planeswalker spells that player casts cost {2} less to cast. −8: Target player gets an emblem with ""Whenever you cast an instant or sorcery spell, copy it. You may choose new targets for the copy."" Partner with Rowan Kenrith Will Kenrith can be your commander.",U
"Willowdusk, Essence Seer",42a97ec1-f613-49a5-9236-7fded1a81f3b,c21,6,Legendary Creature — Dryad Druid,"{1}, {T}: Choose another target creature. Put a number of +1/+1 counters on it equal to the amount of life you gained this turn or the amount of life you lost this turn, whichever is greater. Activate only as a sorcery.",BG
"Will, Scion of Peace",162088ea-5f99-4244-9427-2fdfb2168fc3,woe,218,Legendary Creature — Human Wizard,"Vigilance {T}: Spells you cast this turn that are white and/or blue cost {X} less to cast, where X is the amount of life you gained this turn. Activate only as a sorcery.",UW
"Wilson, Bear Comrade",eb78e3ad-7fc1-4478-8c32-1bc7c3dbe70a,hbg,19,Legendary Creature — Bear Warrior,"Reach, trample Ward {2} Specialize {4}",G
"Wilson, Refined Grizzly",dfe0daf8-43da-484b-baa1-76f8313c5a0c,clb,261,Legendary Creature — Bear Warrior,"This spell can't be countered. Vigilance, reach, trample Ward {2} (Whenever this creature becomes the target of a spell or ability an opponent controls, counter it unless that player pays {2}.) Choose a Background (You can have a Background as a second commander.)",G
"Winota, Joiner of Forces",5dd13a6c-23d3-44ce-a628-cb1c19d777c4,iko,216,Legendary Creature — Human Warrior,"Whenever a non-Human creature you control attacks, look at the top six cards of your library. You may put a Human creature card from among them onto the battlefield tapped and attacking. It gains indestructible until end of turn. Put the rest of the cards on the bottom of your library in a random order.",RW
"Winter, Cursed Rider",02d46d0e-3161-45b5-a49e-5cd592c67ddd,dft,228,Legendary Creature — Human Warlock,"Ward—Pay 2 life. Artifacts you control have ""Ward—Pay 2 life."" Exhaust — {2}{U}{B}, {T}, Exile X artifact cards from your graveyard: Each other nonartifact creature gets -X/-X until end of turn. (Activate each exhaust ability only once.)",BU
"Winter, Cynical Opportunist",94dc35e4-a492-4019-afcd-cbef6f59a512,dsc,7,Legendary Creature — Human Warlock,"Deathtouch Whenever Winter attacks, mill three cards. Delirium — At the beginning of your end step, you may exile any number of cards from your graveyard with four or more card types among them. If you do, put a permanent card from among them onto the battlefield with a finality counter on it.",BG
"Winter, Misanthropic Guide",e9b81421-44cb-440f-a6ac-3ddf620f1989,dsk,240,Legendary Creature — Human Warlock,"Ward {2} At the beginning of your upkeep, each player draws two cards. Delirium — As long as there are four or more card types among cards in your graveyard, each opponent's maximum hand size is equal to seven minus the number of those card types.",BGR
"Witch-king, Bringer of Ruin",90da1d3e-dbcb-4b1e-a606-d4fc1a60a8fe,ltr,293,Legendary Creature — Wraith Noble,"Flying Whenever Witch-king attacks, defending player sacrifices a creature with the least power among creatures they control.",B
Witch-king of Angmar,a55e6508-0b59-4573-bc4e-67b27279cfed,ltr,114,Legendary Creature — Wraith Noble,"Flying Whenever one or more creatures deal combat damage to you, each opponent sacrifices a creature of their choice that dealt combat damage to you this turn. The Ring tempts you. Discard a card: Witch-king of Angmar gains indestructible until end of turn. Tap it.",B
"Witch-king, Sky Scourge",0cd26961-ed53-417c-8a1e-2641d5f05640,ltc,511,Legendary Creature — Wraith Noble,"Flying Whenever you attack with one or more Wraiths, exile the top X cards of your library, where X is their total power. You may play those cards this turn. Undying (When this creature dies, if it had no +1/+1 counters on it, return it to the battlefield under its owner's control with a +1/+1 counter on it.)",BR
"Wolverine, Best There Is",ebe83332-195e-4ac1-878f-f52eef62ce6a,sld,1737,Legendary Creature — Mutant Berserker Hero,"Unrivaled Lethality — Double all damage Wolverine would deal. At the beginning of each end step, if Wolverine dealt damage to another creature this turn, put a +1/+1 counter on him. {1}{G}: Regenerate Wolverine. (The next time he would be destroyed this turn, instead tap him, remove him from combat, and heal all damage on him.)",GR
"Wort, Boggart Auntie",a08a1377-dede-47c8-8447-c9df125f3b14,lrw,252,Legendary Creature — Goblin Shaman,"Fear (This creature can't be blocked except by artifact creatures and/or black creatures.) At the beginning of your upkeep, you may return target Goblin card from your graveyard to your hand.",BR
"Wort, the Raidmother",9b46b4ee-263a-4a4b-8fbc-3ea6fa9ba56b,c20,234,Legendary Creature — Goblin Shaman,"When Wort enters, create two 1/1 red and green Goblin Warrior creature tokens. Each red or green instant or sorcery spell you cast has conspire. (As you cast the spell, you may tap two untapped creatures you control that share a color with it. When you do, copy it and you may choose new targets for the copy.)",GR
"Wraith, Vicious Vigilante",5f46ed93-de6d-4180-9018-26ee07f75464,spm,160,Legendary Creature — Human Detective Hero,Double strike Fear Gas — Wraith can't be blocked.,UW
"Wrexial, the Risen Deep",c96b11ad-67fd-4a2b-89ea-e9df9c50731e,ncc,359,Legendary Creature — Kraken,"Islandwalk, swampwalk (This creature can't be blocked as long as defending player controls an Island or a Swamp.) Whenever Wrexial deals combat damage to a player, you may cast target instant or sorcery card from that player's graveyard without paying its mana cost. If that spell would be put into a graveyard, exile it instead.",BU
Wulfgar of Icewind Dale,80665af6-fd66-4684-94ec-1f04eb898c2a,afc,56,Legendary Creature — Human Barbarian,"Melee (Whenever this creature attacks, it gets +1/+1 until end of turn for each opponent you attacked this combat.) If a creature you control attacking causes a triggered ability of a permanent you control to trigger, that ability triggers an additional time.",GR
"Wydwen, the Biting Gale",62b8f8e9-a2b0-41c5-9fae-340f7caaeff9,c20,235,Legendary Creature — Faerie Wizard,"Flash Flying {U}{B}, Pay 1 life: Return Wydwen to its owner's hand.",BU
"Wyleth, Soul of Steel",7c5ada8c-98f2-4f9c-bcb5-dfa4f804fbe6,cmr,362,Legendary Creature — Human Warrior,"Trample Whenever Wyleth attacks, draw a card for each Aura and Equipment attached to it.",RW
"Wylie Duke, Atiin Hero",bc97ffcf-4f51-44cd-8daa-a7dae4592ee5,otj,239,Legendary Creature — Human Ranger,"Vigilance Whenever Wylie Duke becomes tapped, you gain 1 life and draw a card.",GW
"Wyll, Blade of Frontiers",5e9d4562-964d-48ce-b03f-7cb491fa040d,clb,208,Legendary Creature — Human Warlock,"If you would roll one or more dice, instead roll that many dice plus one and ignore the lowest roll. Whenever you roll one or more dice, put a +1/+1 counter on Wyll. Choose a Background (You can have a Background as a second commander.)",R
"Wyll, Pact-Bound Duelist",8d50ed97-3580-4808-9f91-4e2cd596552e,hbg,15,Legendary Creature — Human Warlock,"Specialize {2} When Wyll, Pact-Bound Duelist enters, gain control of target artifact or creature an opponent controls with mana value 4 or less until the end of your next turn.",R
X,f77f6e64-2470-4c6a-a92b-328e4edc3ea9,ust,137,Legendary Creature — Human Spy,"As long as X is in X's owner's opponent's hand, X's owner may cast X and activate X's abilities. That opponent can't cast X and plays with their hand revealed. {U}{B}, {T}: Put X into target opponent's hand. {3}{U}{B}: You may play a land or cast a spell from the hand X is in. If you cast a spell this way, you cast it without paying its mana cost.",BU
"Xanathar, Guild Kingpin",5bc58050-a615-4090-9cf5-cd49ccb4e2c6,afr,239,Legendary Creature — Beholder,"At the beginning of your upkeep, choose target opponent. Until end of turn, that player can't cast spells, you may look at the top card of their library any time, you may play the top card of their library, and you may spend mana as though it were mana of any color to cast spells this way.",BU
"Xande, Dark Mage",1caed9a8-b73b-470e-b9d8-8c3b7cac3eee,fin,561,Legendary Creature — Human Wizard,"Menace (This creature can't be blocked except by two or more creatures.) Xande gets +1/+1 for each noncreature, nonland card in your graveyard.",BU
"Xantcha, Sleeper Agent",91316746-ec2b-4c1a-b9c4-a870d6318c33,cmm,362,Legendary Creature — Phyrexian Minion,Xantcha enters under the control of an opponent of your choice. Xantcha attacks each combat if able and can't attack its owner or planeswalkers its owner controls. {3}: Xantcha's controller loses 2 life and you draw a card. Any player may activate this ability.,BR
"Xavier Sal, Infested Captain",94a420c2-b1a8-4a98-a2a5-7f949d3081bc,lcc,14,Legendary Creature — Human Fungus Pirate,"{T}, Remove a counter from another permanent you control: Populate. Activate only as a sorcery. (Create a token that's a copy of a creature token you control.) {T}, Sacrifice another creature: Proliferate. Activate only as a sorcery. (Choose any number of permanents and/or players, then give each another counter of each kind already there.)",BGU
"Xenagos, God of Revels",6f1bc3bb-46da-492a-850c-f1f588ad8d18,lcc,295,Legendary Enchantment Creature — God,"Indestructible As long as your devotion to red and green is less than seven, Xenagos isn't a creature. At the beginning of combat on your turn, another target creature you control gains haste and gets +X/+X until end of turn, where X is that creature's power.",GR
"Xho Cai, Flickering Talon",b56080b1-f174-4bb2-85af-7a01bd2c77e6,ytdm,28,Legendary Creature — Bird Monk,"Flying, Vigilance, Haste When Xho Cai enters, the next noncreature spell you cast costs {1} less to cast. Flurry — Whenever you cast your second spell each turn, exile up to one target creature you control, then return it to the battlefield under its owner's control.",RUW
"Xiahou Dun, the One-Eyed",4aeaaeff-fb23-4f63-8d5f-8ccea6e58d3a,me3,83,Legendary Creature — Human Soldier,"Horsemanship (This creature can't be blocked except by creatures with horsemanship.) Sacrifice Xiahou Dun: Return target black card from your graveyard to your hand. Activate only during your turn, before attackers are declared.",B
Xira Arien,ce050d13-7897-4889-a514-a7617a1ed686,dmr,205,Legendary Creature — Insect Wizard,"Flying {B}{R}{G}, {T}: Target player draws a card.",BGR
"Xira, the Golden Sting",48e60dff-8ac0-4e70-a7a8-a177e9e6847b,dmc,48,Legendary Creature — Insect Assassin,"Flying, haste Whenever Xira attacks, put an egg counter on another target creature without an egg counter on it. When that creature dies, if it has an egg counter on it, draw a card and create a 1/1 black Insect creature token with flying.",BGR
"Xolatoyac, the Smiling Flood",1444a798-4e94-4bcc-b16a-0f20334f2550,lcc,8,Legendary Creature — Salamander Serpent,"Whenever Xolatoyac enters or attacks, put a flood counter on target land. That land is an Island in addition to its other types for as long as it has a flood counter on it. At the beginning of your end step, untap each permanent you control with a counter on it.",GU
"Xu-Ifit, Osteoharmonist",c0838f25-2193-4305-b73a-bf0c0bb4981a,eoe,127,Legendary Creature — Human Wizard,{T}: Return target creature card from your graveyard to the battlefield. It's a Skeleton in addition to its other types and has no abilities. Activate only as a sorcery.,B
"Xun Yu, Wei Advisor",8f0a25ea-b414-423c-94a6-8a4795d60b46,ptk,93,Legendary Creature — Human Advisor,"{T}: Target creature you control gets +2/+0 until end of turn. Activate only during your turn, before attackers are declared.",B
"Xyris, the Writhing Storm",af0db1d6-5cb1-4917-8e8f-69d5dc184404,dmc,175,Legendary Creature — Snake Leviathan,"Flying Whenever an opponent draws a card except the first one they draw in each of their draw steps, create a 1/1 green Snake creature token. Whenever Xyris deals combat damage to a player, you and that player each draw that many cards.",GRU
"Yahenni, Undying Partisan",396c5d77-f530-42f8-80b5-7cbfd562d1e2,tdc,202,Legendary Creature — Aetherborn Vampire,"Haste Whenever a creature an opponent controls dies, put a +1/+1 counter on Yahenni. Sacrifice another creature: Yahenni gains indestructible until end of turn.",B
"Yannik, Scavenging Sentinel",11c0e89b-ab29-4739-a88e-1e7966d87d25,c20,19,Legendary Creature — Hyena Beast,"Partner with Nikara, Lair Scavenger Vigilance When Yannik enters, exile another creature you control until Yannik leaves the battlefield. When you do, distribute X +1/+1 counters among any number of target creatures, where X is the exiled creature's power.",GW
Yargle and Multani,9c15e244-14cc-46a5-abd4-66a58d1c0dd0,mom,256,Legendary Creature — Frog Spirit Elemental,,BG
"Yargle, Glutton of Urborg",8febc0fe-c52d-4b6a-9d18-e1e4a43b6dc3,cmm,202,Legendary Creature — Frog Spirit,,B
"Yarok, the Desecrated",a1001d43-e11b-4e5e-acd4-4a50ef89977f,m20,220,Legendary Creature — Elemental Horror,"Deathtouch, lifelink If a permanent entering causes a triggered ability of a permanent you control to trigger, that ability triggers an additional time.",BGU
"Yarus, Roar of the Old Gods",326845a7-7502-4dc3-8f3e-867d6c84e931,mkm,245,Legendary Creature — Centaur Druid,"Other creatures you control have haste. Whenever one or more face-down creatures you control deal combat damage to a player, draw a card. Whenever a face-down creature you control dies, return it to the battlefield face down under its owner's control if it's a permanent card, then turn it face up.",GR
"Yasharn, Implacable Earth",12878fbd-dbe5-44bc-9f34-38fd374ec10a,znr,240,Legendary Creature — Elemental Boar,"When Yasharn enters, search your library for a basic Forest card and a basic Plains card, reveal those cards, put them into your hand, then shuffle. Players can't pay life or sacrifice nonland permanents to cast spells or activate abilities.",GW
Yasmin Khan,12b09a4f-bb62-4766-8115-cae4d5cc4c12,who,7,Legendary Creature — Human Detective,"{T}: Exile the top card of your library. Until your next end step, you may play it. Doctor's companion (You can have two commanders if the other is the Doctor.)",R
Yasova Dragonclaw,490994c6-9fef-482b-835d-a64350bfaa8d,frf,148,Legendary Creature — Human Warrior,"Trample At the beginning of combat on your turn, you may pay {1}{U/R}{U/R}. If you do, gain control of target creature an opponent controls with power less than Yasova Dragonclaw's power until end of turn, untap that creature, and it gains haste until end of turn.",GRU
"Yawgmoth, Thran Physician",b5a79f5d-d0df-4799-ac3a-84305e3af0c9,dmr,110,Legendary Creature — Human Cleric,"Protection from Humans Pay 1 life, Sacrifice another creature: Put a -1/-1 counter on up to one target creature and draw a card. {B}{B}, Discard a card: Proliferate. (Choose any number of permanents and/or players, then give each another counter of each kind already there.)",B
"Yedora, Grave Gardener",7b852b55-bee1-46fc-87e4-5c01b90bbd43,dsc,209,Legendary Creature — Treefolk Druid,"Whenever another nontoken creature you control dies, you may return it to the battlefield face down under its owner's control. It's a Forest land. (It has no other types or abilities.)",G
"Yenna, Redtooth Regent",e635d461-254a-434e-8e5d-dea61dd8ca4f,woe,219,Legendary Creature — Elf Noble,"{2}, {T}: Choose target enchantment you control that doesn't have the same name as another permanent you control. Create a token that's a copy of it, except it isn't legendary. If the token is an Aura, untap Yenna, then scry 2. Activate only as a sorcery.",GW
"Yennett, Cryptic Sovereign",28ee11c9-fa23-4863-8a18-25a008f18da5,cmm,363,Legendary Creature — Sphinx,"Flying, vigilance, menace Whenever Yennett attacks, reveal the top card of your library. You may cast it without paying its mana cost if its mana value is odd. If you don't cast it, draw a card.",BUW
"Yes Man, Personal Securitron",8e2fac8c-a574-4414-ac68-632fc822ddbb,pip,29,Legendary Artifact Creature — Robot,"{T}: Target opponent gains control of Yes Man. When they do, you draw two cards and put a quest counter on Yes Man. Activate only during your turn. Wild Card — When Yes Man leaves the battlefield, its owner creates a tapped 1/1 white Soldier creature token for each quest counter on it.",W
"Yeva, Nature's Herald",67ff9ba3-cd2b-4970-b4da-22104b10a4a4,rvr,162,Legendary Creature — Elf Shaman,Flash (You may cast this spell any time you could cast an instant.) You may cast green creature spells as though they had flash.,G
"Ygra, Eater of All",b9ac7673-eae8-4c4b-889e-5025213a6151,blb,241,Legendary Creature — Elemental Cat,"Ward—Sacrifice a Food. Other creatures are Food artifacts in addition to their other types and have ""{2}, {T}, Sacrifice this permanent: You gain 3 life."" Whenever a Food is put into a graveyard from the battlefield, put two +1/+1 counters on Ygra.",BG
"Yidaro, Wandering Monster",b540c7c6-5b9e-4606-ac84-e583a62a3647,iko,141,Legendary Creature — Dinosaur Turtle,"Trample, haste Cycling {1}{R} When you cycle this card, shuffle it into your library from your graveyard. If you've cycled a card named Yidaro, Wandering Monster four or more times this game, put it onto the battlefield from your graveyard instead. (Do this before you draw.)",R
"Yidris, Maelstrom Wielder",c219dd22-433c-4f6a-a0c4-fae12239291c,c16,50,Legendary Creature — Ogre Wizard,"Trample Whenever Yidris deals combat damage to a player, as you cast spells from your hand this turn, they gain cascade. (When you cast the spell, exile cards from the top of your library until you exile a nonland card that costs less. You may cast it without paying its mana cost. Put the exiled cards on the bottom in a random order.)",BGRU
"Yisan, the Wanderer Bard",94e3a130-deeb-4bf4-a1f6-9219c3d8c373,cmm,334,Legendary Creature — Human Rogue Bard,"{2}{G}, {T}, Put a verse counter on Yisan: Search your library for a creature card with mana value equal to the number of verse counters on Yisan, put it onto the battlefield, then shuffle.",G
"Yomiji, Who Bars the Way",f611af49-3c59-4365-a398-93f7e05ff0d0,bok,30,Legendary Creature — Spirit,"Whenever a legendary permanent other than Yomiji is put into a graveyard from the battlefield, return that card to its owner's hand.",W
"Yorion, Sky Nomad",275426c4-c14e-47d0-a9d4-24da7f6f6911,iko,232,Legendary Creature — Bird Serpent,"Companion — Your starting deck contains at least twenty cards more than the minimum deck size. (If this card is your chosen companion, you may put it into your hand from outside the game for {3} as a sorcery.) Flying When Yorion enters, exile any number of other nonland permanents you own and control. Return those cards to the battlefield at the beginning of the next end step.",UW
"Yorvo, Lord of Garenbrig",ae2998a1-1713-467e-a08e-0efd8720aa5b,eld,185,Legendary Creature — Giant Noble,"Yorvo enters with four +1/+1 counters on it. Whenever another green creature you control enters, put a +1/+1 counter on Yorvo. Then if that creature's power is greater than Yorvo's power, put another +1/+1 counter on Yorvo.",G
"Yosei, the Morning Star",47af956c-e2ba-47c5-bc5d-ec0ab345ce57,ima,39,Legendary Creature — Dragon Spirit,"Flying When Yosei dies, target player skips their next untap step. Tap up to five target permanents that player controls.",W
"Yoshimaru, Ever Faithful",aa409269-3698-42a2-8c51-75557b27a6f6,nec,32,Legendary Creature — Dog,"Whenever another legendary permanent you control enters, put a +1/+1 counter on Yoshimaru. Partner (You can have two commanders if both have partner.)",W
"Y'shtola, Night's Blessed",c7f2c2d5-e052-49e8-b5de-712858c2ea78,fic,7,Legendary Creature — Cat Warlock,"Vigilance At the beginning of each end step, if a player lost 4 or more life this turn, you draw a card. Whenever you cast a noncreature spell with mana value 3 or greater, Y'shtola deals 2 damage to each opponent and you gain 2 life.",BUW
Y'shtola Rhul,aef218fa-13a4-4653-95d6-6b3ef1b33a92,fin,86,Legendary Creature — Cat Druid,"At the beginning of your end step, exile target creature you control, then return it to the battlefield under its owner's control. Then if it's the first end step of the turn, there is an additional end step after this step.",U
"Yuan Shao, the Indecisive",5e9b3794-d0f0-4d28-85cb-22492e195ae1,ptk,128,Legendary Creature — Human Soldier,Horsemanship (This creature can't be blocked except by creatures with horsemanship.) Each creature you control can't be blocked by more than one creature.,R
"Yue, the Moon Spirit",ecdac50f-c639-43fc-a03e-d488fac96ae2,tla,83,Legendary Creature — Spirit Ally,"Flying, vigilance Waterbend {5}, {T}: You may cast a noncreature spell from your hand without paying its mana cost.",U
"Yuffie, Materia Hunter",117bb5db-4a1c-4704-b0b5-c67b45ac2f52,fic,65,Legendary Creature — Human Ninja,"Ninjutsu {1}{R} ({1}{R}, Return an unblocked attacker you control to hand: Put this card onto the battlefield from your hand tapped and attacking.) When Yuffie enters, gain control of target noncreature artifact for as long as you control Yuffie. Then you may attach an Equipment you control to Yuffie.",R
"Yukora, the Prisoner",54aeca31-1175-4d2d-adc3-e3682d7e9e07,bok,90,Legendary Creature — Demon Spirit,"When Yukora leaves the battlefield, sacrifice all non-Ogre creatures you control.",B
"Yuma, Proud Protector",18df72be-07d2-4412-b36d-a45119763db3,otc,4,Legendary Creature — Human Ranger,"This spell costs {1} less to cast for each land card in your graveyard. Whenever Yuma enters or attacks, you may sacrifice a land. If you do, draw a card. Whenever a Desert card is put into your graveyard from anywhere, create a 4/2 green Plant Warrior creature token with reach.",GRW
"Yuna, Grand Summoner",930da933-4263-40ff-96af-4bd9e797249e,fic,8,Legendary Creature — Human Cleric,"Grand Summon — {T}: Add one mana of any color. When you next cast a creature spell this turn, that creature enters with two additional +1/+1 counters on it. Whenever another permanent you control is put into a graveyard from the battlefield, if it had one or more counters on it, you may put that number of +1/+1 counters on target creature.",GUW
"Yuna, Hope of Spira",35b613ad-86f0-431b-af93-147d21041fde,fin,250,Legendary Creature — Human Cleric,"During your turn, Yuna and enchantment creatures you control have trample, lifelink, and ward {2}. At the beginning of your end step, return up to one target enchantment card from your graveyard to the battlefield with a finality counter on it. (If a permanent with a finality counter on it would be put into a graveyard from the battlefield, exile it instead.)",GW
"Yuriko, the Tiger's Shadow",fe9be3e0-076c-4703-9750-2a6b0a178bc9,cmm,364,Legendary Creature — Human Ninja,"Commander ninjutsu {U}{B} ({U}{B}, Return an unblocked attacker you control to hand: Put this card onto the battlefield from your hand or the command zone tapped and attacking.) Whenever a Ninja you control deals combat damage to a player, reveal the top card of your library and put that card into your hand. Each opponent loses life equal to that card's mana value.",BU
Yurlok of Scorch Thrash,ead8a1f5-6260-47fa-a649-43711ec5bbeb,cmr,293,Legendary Creature — Lizard Shaman,"Vigilance A player losing unspent mana causes that player to lose that much life. {1}, {T}: Each player adds {B}{R}{G}.",BGR
"Yusri, Fortune's Flame",bfab9e33-0d07-46e6-be06-1eaffe26cbfd,mh2,218,Legendary Creature — Efreet,"Flying Whenever Yusri attacks, choose a number between 1 and 5. Flip that many coins. For each flip you win, draw a card. For each flip you lose, Yusri deals 2 damage to you. If you won five flips this way, you may cast spells from your hand this turn without paying their mana costs.",RU
"Zabaz, the Glimmerwasp",8c1cce91-7c81-45d9-bbec-b085e794791d,mh2,243,Legendary Artifact Creature — Insect,"Modular 1 If a modular triggered ability would put one or more +1/+1 counters on a creature you control, that many plus one +1/+1 counters are put on it instead. {R}: Destroy target artifact you control. {W}: Zabaz gains flying until end of turn.",RW
"Zacama, Primal Calamity",05c5a9a8-badd-43ab-8408-a13e75407681,lcc,296,Legendary Creature — Elder Dinosaur,"Vigilance, reach, trample When Zacama enters, if you cast it, untap all lands you control. {2}{R}: Zacama deals 3 damage to target creature. {2}{G}: Destroy target artifact or enchantment. {2}{W}: You gain 3 life.",GRW
Zack Fair,f21f9161-5945-40da-8da0-446f6a4a1c23,fin,45,Legendary Creature — Human Soldier,"Zack Fair enters with a +1/+1 counter on it. {1}, Sacrifice Zack Fair: Target creature you control gains indestructible until end of turn. Put Zack Fair's counters on that creature and attach an Equipment that was attached to Zack Fair to that creature.",W
"Zada, Hedron Grinder",4520cdcc-a10f-4b39-9c6f-ba86f6aa2c87,cmm,268,Legendary Creature — Goblin Ally,"Whenever you cast an instant or sorcery spell that targets only Zada, copy that spell for each other creature you control that the spell could target. Each copy targets a different one of those creatures.",R
"Zaffai, Thunder Conductor",ea1ab937-8647-4c83-99d5-6a40dffa4c9b,c21,4,Legendary Creature — Human Shaman,"Magecraft — Whenever you cast or copy an instant or sorcery spell, scry 1. If that spell's mana value is 5 or greater, create a 4/4 blue and red Elemental creature token. If that spell's mana value is 10 or greater, Zaffai deals 10 damage to an opponent chosen at random.",RU
"Zagras, Thief of Heartbeats",ac81448c-f87b-4ca1-b951-b359216ab1d0,znr,241,Legendary Creature — Vampire Rogue,"This spell costs {1} less to cast for each creature in your party. Flying, deathtouch, haste Other creatures you control have deathtouch. Whenever a creature you control deals combat damage to a planeswalker, destroy that planeswalker.",BR
"Zahid, Djinn of the Lamp",880fc139-4200-483f-bdb1-dc9ef32d63a5,cmm,136,Legendary Creature — Djinn,You may pay {3}{U} and tap an untapped artifact you control rather than pay this spell's mana cost. Flying,U
"Zahur, Glory's Past",31944ea5-045d-481d-9aff-3c7ed663813a,dft,229,Legendary Creature — Zombie Cat Warrior,"Start your engines! (If you have no speed, it starts at 1. It increases once on each of your turns when an opponent loses life. Max speed is 4.) Sacrifice another creature: Surveil 1. Activate only once each turn. Max speed — Whenever a nontoken creature you control dies, create a tapped 2/2 black Zombie creature token.",BW
"Zalto, Fire Giant Duke",9c6da066-accb-4c09-9acb-4de263dadad3,afr,171,Legendary Creature — Giant Barbarian,"Trample Whenever Zalto is dealt damage, venture into the dungeon. (Enter the first room or advance to the next room.)",R
"Zamriel, Seraph of Steel",bc883e4e-e5f5-4823-ac2a-9ff8b7772926,gn3,1,Legendary Creature — Angel,"Flying During your turn, equipped creatures you control have indestructible.",W
"Zara, Renegade Recruiter",d8bd1312-2c3a-4591-943c-c1550b506fa4,lcc,297,Legendary Creature — Human Pirate,"Flying Whenever Zara attacks, look at defending player's hand. You may put a creature card from it onto the battlefield under your control tapped and attacking that player or a planeswalker they control. Return that creature to its owner's hand at the beginning of the next end step.",RU
"Zareth San, the Trickster",9cfe4fbe-277f-410c-9eee-f7617f4cb850,znr,242,Legendary Creature — Merfolk Rogue,"Flash {2}{U}{B}, Return an unblocked attacking Rogue you control to its owner's hand: Put this card from your hand onto the battlefield tapped and attacking. Whenever Zareth San deals combat damage to a player, you may put target permanent card from that player's graveyard onto the battlefield under your control.",BU
"Zar Ojanen, Scion of Efrava",65c903e3-d622-415e-9144-a5b2f3f7b9ed,dmu,227,Legendary Creature — Cat Warrior,"Domain — Whenever Zar Ojanen becomes tapped, put a +1/+1 counter on each creature you control with toughness less than the number of basic land types among lands you control.",GW
"Zask, Skittering Swarmlord",4eafc507-973a-4aec-91b9-c29d70b0e25d,j22,47,Legendary Creature — Insect,"You may play lands and cast Insect spells from your graveyard. Whenever another Insect you control dies, put it on the bottom of its owner's library, then mill two cards. (Put the top two cards of your library into your graveyard.) {1}{B/G}: Target Insect gets +1/+0 and gains deathtouch until end of turn. ({B/G} can be paid with either {B} or {G}.)",BG
"Zaxara, the Exemplary",6dc390da-75f8-490a-a724-c12d21cfe578,dmc,176,Legendary Creature — Nightmare Hydra,"Deathtouch {T}: Add two mana of any one color. Whenever you cast a spell with {X} in its mana cost, create a 0/0 green Hydra creature token, then put X +1/+1 counters on it.",BGU
Zedruu the Greathearted,e9ea2a6b-5aaf-4178-b945-f409fe83c41a,c16,231,Legendary Creature — Minotaur Monk,"At the beginning of your upkeep, you gain X life and draw X cards, where X is the number of permanents you own that your opponents control. {U}{R}{W}: Target opponent gains control of target permanent you control.",RUW
"Zegana, Utopian Speaker",93800249-4fcd-47ec-92f9-58f875cb6f00,lcc,298,Legendary Creature — Merfolk Wizard,"When Zegana enters, if you control another creature with a +1/+1 counter on it, draw a card. {4}{G}{U}: Adapt 4. (If this creature has no +1/+1 counters on it, put four +1/+1 counters on it.) Each creature you control with a +1/+1 counter on it has trample.",GU
Zell Dincht,135d6b27-9168-4513-9d7d-56edae048857,fin,170,Legendary Creature — Human Monk,"You may play an additional land on each of your turns. Zell Dincht gets +1/+0 for each land you control. At the beginning of your end step, return a land you control to its owner's hand.",R
"Zellix, Sanity Flayer",a5d57db6-0aa5-4e28-b156-e97b74af2cee,clb,652,Legendary Creature — Horror,"Hive Mind — Whenever a player mills one or more creature cards, you create a 1/1 black Horror creature token. {1}, {T}: Target player mills three cards. Choose a Background (You can have a Background as a second commander.)",U
"Zenos yae Galvus // Shinryu, Transcendent Rival",b65ffce4-bb58-418a-9bad-81533a5f2ba2,fin,127,Legendary Creature — Human Noble Warrior // Legendary Creature — Dragon,,B
"Zeriam, Golden Wind",e7efbb9a-e0b3-412c-9ee7-a90123033999,dmc,5,Legendary Creature — Griffin,"Flying Whenever a Griffin you control deals combat damage to a player, create a 2/2 white Griffin creature token with flying.",W
"Zetalpa, Primal Dawn",78c71a23-8e73-406e-bbd0-4474c17c1d04,tdc,142,Legendary Creature — Elder Dinosaur,"Flying, double strike, vigilance, trample, indestructible",W
"Zethi, Arcane Blademaster",87b56584-8a61-40bc-99b5-7434a681fcdc,slx,17,Legendary Creature — Human Soldier,"Multikicker {W/U} When Zethi, Arcane Blademaster enters, exile up to X target instant cards from your graveyard, where X is the number of times Zethi was kicked. Put a kick counter on each of them. Whenever Zethi attacks, copy each exiled card you own with a kick counter on it. You may cast the copies.",UW
"Zevlor, Elturel Exile",d1e51138-9745-465d-84dd-27605f8a2264,clb,296,Legendary Creature — Tiefling Warrior,"Haste {2}, {T}: When you next cast an instant or sorcery spell that targets only a single opponent or a single permanent an opponent controls this turn, for each other opponent, choose that player or a permanent they control, copy that spell, and the copy targets the chosen player or permanent.",BRU
"Zhang Fei, Fierce Warrior",6364eba6-6aba-4c18-b9f0-aead17064b48,me3,28,Legendary Creature — Human Soldier Warrior,Vigilance; horsemanship (This creature can't be blocked except by creatures with horsemanship.),W
"Zhang He, Wei General",736e4bf1-fee9-47cc-9bbc-093f21c77297,ptk,95,Legendary Creature — Human Soldier,"Horsemanship (This creature can't be blocked except by creatures with horsemanship.) Whenever Zhang He attacks, each other creature you control gets +1/+0 until end of turn.",B
"Zhang Liao, Hero of Hefei",8f42a953-3073-4e74-9bb8-c8c5a45d1dfa,ptk,96,Legendary Creature — Human Soldier,"Whenever Zhang Liao deals damage to an opponent, that opponent discards a card.",B
"Zhao, the Seething Flame",f3fa493e-b58a-4b77-88e8-b8890eefb2b7,tle,245,Legendary Creature — Human Soldier,Menace (This creature can't be blocked except by two or more creatures.),R
"Zhao Zilong, Tiger General",2d16cf1d-a7c3-4038-a648-299c1bedae99,ptk,33,Legendary Creature — Human Soldier Warrior,"Horsemanship (This creature can't be blocked except by creatures with horsemanship.) Whenever Zhao Zilong blocks, it gets +1/+1 until end of turn.",W
"Zhou Yu, Chief Commander",6e2cf83b-417d-41ca-8e65-86aa65180c40,ptk,65,Legendary Creature — Human Soldier,Zhou Yu can't attack unless defending player controls an Island.,U
"Zhuge Jin, Wu Strategist",60790b07-53da-41fa-b9e0-e7ce22fdcb11,ptk,66,Legendary Creature — Human Advisor,"{T}: Target creature can't be blocked this turn. Activate only during your turn, before attackers are declared.",U
"Zhulodok, Void Gorger",a015461d-4214-4feb-8b04-519c537759eb,cmm,704,Legendary Creature — Eldrazi,"Colorless spells you cast from your hand with mana value 7 or greater have ""Cascade, cascade."" (When you cast one, exile cards from the top of your library until you exile a nonland card that costs less. You may cast it without paying its mana cost. Put the exiled cards on the bottom in a random order. Then do it again.)",
"Ziatora, the Incinerator",ba4fa4c8-f09f-4d97-a7d1-1b93caf7d4f9,snc,231,Legendary Creature — Demon Dragon,"Flying At the beginning of your end step, you may sacrifice another creature. When you do, Ziatora deals damage equal to that creature's power to any target and you create three Treasure tokens.",BGR
"Zidane, Tantalus Thief",e42c7d9d-8685-415b-8c5d-6ab2165863b9,fin,251,Legendary Creature — Human Mutant Scout,"When Zidane enters, gain control of target creature an opponent controls until end of turn. Untap it. It gains lifelink and haste until end of turn. Whenever an opponent gains control of a permanent from you, create a Treasure token.",RW
"Zilortha, Strength Incarnate",84e4e130-df21-4491-97c3-1b643d7e57ef,cmm,366,Legendary Creature — Dinosaur,Trample Lethal damage dealt to creatures you control is determined by their power rather than their toughness.,GR
"Zimone, All-Questioning",7722f4f7-fe38-4107-a715-7b27b6a4e341,dsk,241,Legendary Creature — Human Wizard,"At the beginning of your end step, if a land entered the battlefield under your control this turn and you control a prime number of lands, create Primo, the Indivisible, a legendary 0/0 green and blue Fractal creature token, then put that many +1/+1 counters on it. (2, 3, 5, 7, 11, 13, 17, 19, 23, 29, and 31 are prime numbers.)",GU
Zimone and Dina,bf2af874-1052-4cad-90ed-d80e49d4c68c,mom,257,Legendary Creature — Human Dryad,"Whenever you draw your second card each turn, target opponent loses 2 life and you gain 2 life. {T}, Sacrifice another creature: Draw a card. You may put a land card from your hand onto the battlefield tapped. If you control eight or more lands, repeat this process once.",BGU
"Zimone, Mystery Unraveler",30f23588-5064-48d9-a271-039df757f8d2,dsc,8,Legendary Creature — Human Wizard,"Landfall — Whenever a land you control enters, manifest dread if this is the first time this ability has resolved this turn. Otherwise, you may turn a permanent you control face up. (To manifest dread, look at the top two cards of your library. Put one onto the battlefield face down as a 2/2 creature and the other into your graveyard. Turn it face up any time for its mana cost if it's a creature card.)",GU
"Zimone, Paradox Sculptor",20ccbfdd-ddae-440c-9bc0-38b15a56fdd1,fdn,126,Legendary Creature — Human Wizard,"At the beginning of combat on your turn, put a +1/+1 counter on each of up to two target creatures you control. {G}{U}, {T}: Double the number of each kind of counter on up to two target creatures and/or artifacts you control.",GU
"Zimone, Quandrix Prodigy",0ca14c17-dc72-4f68-92f2-14a6c4019f4e,stx,250,Legendary Creature — Human Wizard,"{1}, {T}: You may put a land card from your hand onto the battlefield tapped. {4}, {T}: Draw a card. If you control eight or more lands, draw two cards instead.",GU
"Zinnia, Valley's Voice",dfe36901-5841-4942-8b61-c273111f715e,blc,4,Legendary Creature — Bird Bard,"Flying Zinnia gets +X/+0, where X is the number of other creatures you control with base power 1. Creature spells you cast have offspring {2}. (You may pay an additional {2} as you cast a creature spell. If you do, when that creature enters, create a 1/1 token copy of it.)",RUW
"Zirda, the Dawnwaker",1bd8e61c-2ee8-4243-a848-7008810db8a0,iko,233,Legendary Creature — Elemental Fox,"Companion — Each permanent card in your starting deck has an activated ability. (If this card is your chosen companion, you may put it into your hand from outside the game for {3} as a sorcery.) Abilities you activate that aren't mana abilities cost {2} less to activate. This effect can't reduce the mana in that cost to less than one mana. {1}, {T}: Target creature can't block this turn.",RW
Zirilan of the Claw,a105b7f4-c93b-4b54-acf8-7212907d9cd6,mir,204,Legendary Creature — Lizard Shaman,"{1}{R}{R}, {T}: Search your library for a Dragon permanent card, put that card onto the battlefield, then shuffle. That Dragon gains haste until end of turn. Exile it at the beginning of the next end step.",R
"Zndrsplt, Eye of Wisdom",76c33402-a022-4d2f-9a83-4b8ddc04e971,bbd,5,Legendary Creature — Homunculus,"Partner with Okaun, Eye of Chaos (When this creature enters, target player may put Okaun into their hand from their library, then shuffle.) At the beginning of combat on your turn, flip a coin until you lose a flip. Whenever a player wins a coin flip, draw a card.",U
"Zodiark, Umbral God",9ba292d5-5139-42ea-950d-0a638445277f,fin,128,Legendary Creature — God,"Indestructible When Zodiark enters, each player sacrifices half the non-God creatures they control of their choice, rounded down. Whenever a player sacrifices another creature, put a +1/+1 counter on Zodiark.",B
"Zopandrel, Hunger Dominus",fb419d9d-e06f-48c8-a4f8-a57f9be39e50,one,195,Legendary Creature — Phyrexian Horror,"Reach At the beginning of each combat, double the power and toughness of each creature you control until end of turn. {G/P}{G/P}, Sacrifice two other creatures: Put an indestructible counter on Zopandrel. ({G/P} can be paid with either {G} or 2 life.)",G
"Zoraline, Cosmos Caller",b7f99fd5-5298-4b27-923d-9d31203c931a,blb,242,Legendary Creature — Bat Cleric,"Flying, vigilance Whenever a Bat you control attacks, you gain 1 life. Whenever Zoraline enters or attacks, you may pay {W}{B} and 2 life. When you do, return target nonland permanent card with mana value 3 or less from your graveyard to the battlefield with a finality counter on it.",BW
Zoyowa Lava-Tongue,c06f0ff2-d42f-4854-bbe5-4b022fb26d7d,lci,245,Legendary Creature — Goblin Warlock,"Deathtouch At the beginning of your end step, if you descended this turn, each opponent may discard a card or sacrifice a permanent of their choice. Zoyowa deals 3 damage to each opponent who didn't. (You descended if a permanent card was put into your graveyard from anywhere.)",BR
Zo-Zu the Punisher,e7c927d6-911d-4a37-89a2-6c500edf4dd7,dds,41,Legendary Creature — Goblin Warrior,"Whenever a land enters, Zo-Zu deals 2 damage to that land's controller.",R
"Zuberi, Golden Feather",c1b24a80-b5e1-484f-9e21-886cb6b5db48,mir,51,Legendary Creature — Griffin,Flying Other Griffin creatures get +1/+1.,W
"Zuko, Avatar Hunter",2a2330fa-a1e1-41d9-bb7b-8aa9b03a0543,tle,246,Legendary Creature — Human Noble,"Reach (This creature can block creatures with flying.) Whenever you cast a red spell, create a 2/2 red Soldier creature token.",R
"Zuko, Exiled Prince",6a73b372-9c0e-4a85-89d2-440163330687,tla,163,Legendary Creature — Human Noble,"Firebending 3 (Whenever this creature attacks, add {R}{R}{R}. This mana lasts until end of combat.) {3}: Exile the top card of your library. You may play that card this turn.",R
"Zul Ashur, Lich Lord",34ad4fdb-9805-45b3-ba20-e47a15d6ff38,fdn,77,Legendary Creature — Zombie Warlock,"Ward—Pay 2 life. (Whenever this creature becomes the target of a spell or ability an opponent controls, counter it unless that player pays 2 life.) {T}: You may cast target Zombie creature card from your graveyard this turn.",B
"Zuo Ci, the Mocking Sage",e3425241-efdc-4261-a2bb-58fbf4a9fe8c,ptk,165,Legendary Creature — Human Advisor,Hexproof (This creature can't be the target of spells or abilities your opponents control.) Zuo Ci can't be blocked by creatures with horsemanship.,G
"Zur, Eternal Schemer",4d987435-2403-4e0f-b19d-693da923ba50,dmu,228,Legendary Creature — Human Wizard,"Flying Enchantment creatures you control have deathtouch, lifelink, and hexproof. {1}{W}: Target non-Aura enchantment you control becomes a creature in addition to its other types and has base power and base toughness each equal to its mana value.",BUW
Zurgo and Ojutai,eacbcd82-36e6-424c-bd4e-ec3a584836c5,mom,258,Legendary Creature — Orc Dragon,"Flying, haste Zurgo and Ojutai has hexproof as long as it entered this turn. Whenever one or more Dragons you control deal combat damage to a player or battle, look at the top three cards of your library. Put one of them into your hand and the rest on the bottom of your library in any order. You may return one of those Dragons to its owner's hand.",RUW
Zurgo Bellstriker,bbac6d75-59ab-4d7d-87ae-46875abf8cc7,dtk,169,Legendary Creature — Orc Warrior,"Zurgo can't block creatures with power 2 or greater. Dash {1}{R} (You may cast this spell for its dash cost. If you do, it gains haste, and it's returned from the battlefield to its owner's hand at the beginning of the next end step.)",R
Zurgo Helmsmasher,13f4bafe-0d21-47ba-8f16-0274107d618c,ktk,214,Legendary Creature — Orc Warrior,"Haste Zurgo attacks each combat if able. During your turn, Zurgo has indestructible. Whenever a creature dealt damage by Zurgo this turn dies, put a +1/+1 counter on Zurgo.",BRW
Zurgo Stormrender,dc8eb325-75c9-4331-830d-3f7d62d77290,tdc,10,Legendary Creature — Orc Warrior,"Mobilize 1 (Whenever this creature attacks, create a tapped and attacking 1/1 red Warrior creature token. Sacrifice it at the beginning of the next end step.) Whenever a creature token you control leaves the battlefield, draw a card if it was attacking. Otherwise, each opponent loses 1 life.",BRW
"Zurgo, Thunder's Decree",bd93fb95-4268-45dc-8f0d-590c481a526d,tdm,237,Legendary Creature — Orc Warrior,"Mobilize 2 (Whenever this creature attacks, create two tapped and attacking 1/1 red Warrior creature tokens. Sacrifice them at the beginning of the next end step.) During your end step, Warrior tokens you control have ""This token can't be sacrificed.""",BRW
Zur the Enchanter,561cfc04-65ea-49a4-8638-b4631a7cf828,dmr,206,Legendary Creature — Human Wizard,"Flying Whenever Zur attacks, you may search your library for an enchantment card with mana value 3 or less, put it onto the battlefield, then shuffle.",BUW
"Zurzoth, Chaos Rider",c62990d7-a337-4fc3-859c-63bc1dade1b9,ncc,278,Legendary Creature — Devil,"Whenever an opponent draws their first card each turn, if it's not their turn, you create a 1/1 red Devil creature token with ""When this token dies, it deals 1 damage to any target."" Whenever one or more Devils you control attack one or more players, you and those players each draw a card, then discard a card at random.",R
